title,certificate,duration,genre,rating,stars,votes
Cobra Kai,TV-14,30,"Action, Comedy, Drama",8.5,7,177031
The Crown,TV-MA,58,"Biography, Drama, History",8.7,7,199885
Better Call Saul,TV-MA,46,"Crime, Drama",8.9,7,501384
Devil in Ohio,TV-MA,356,"Drama, Horror, Mystery",5.9,7,9773
Cyberpunk: Edgerunners,TV-MA,24,"Animation, Action, Adventure",8.6,7,15413
The Sandman,TV-MA,45,"Drama, Fantasy, Horror",7.8,7,116358
Rick and Morty,TV-MA,23,"Animation, Adventure, Comedy",9.2,7,502160
Breaking Bad,TV-MA,49,"Crime, Drama, Thriller",9.5,7,1831340
The Imperfects,TV-MA,45,"Action, Adventure, Drama",6.3,7,3123
Blonde,NC-17,166,"Biography, Drama, Mystery",6.2,10,935
Stranger Things,TV-14,51,"Drama, Fantasy, Horror",8.7,7,1149889
End of the Road,R,89,"Action, Crime, Drama",4.7,10,5122
The Walking Dead,TV-MA,44,"Drama, Horror, Thriller",8.1,7,970060
Glass Onion: A Knives Out Mystery,PG-13,139,"Crime, Drama, Mystery",8.1,10,547
Do Revenge,TV-MA,118,Comedy,6.4,10,13457
I Came By,TV-MA,110,Thriller,6.1,10,16230
No Limit,TV-MA,118,"Drama, Romance, Sport",5.8,10,1695
Peaky Blinders,TV-MA,60,"Crime, Drama",8.8,7,531058
The Lord of the Rings: The Fellowship of the Ring,PG-13,178,"Action, Adventure, Drama",8.8,10,1844055
Grey's Anatomy,TV-14,41,"Drama, Romance",7.6,7,303617
Supernatural,TV-14,44,"Drama, Fantasy, Horror",8.4,7,439597
American Horror Story,TV-MA,60,"Drama, Horror, Sci-Fi",8.0,7,312970
The Accidental Narco,TV-MA,50,"Action, Biography, Crime",7.4,7,2056
NCIS,TV-14,60,"Action, Crime, Drama",7.8,7,145895
Friends,TV-14,22,"Comedy, Romance",8.9,7,979424
Shameless,TV-MA,46,"Comedy, Drama",8.6,7,239541
Modern Family,TV-PG,22,"Comedy, Drama, Romance",8.5,7,423963
Ozark,TV-MA,60,"Crime, Drama, Thriller",8.5,7,309552
Echoes,TV-MA,326,"Drama, Mystery, Thriller",5.9,7,9380
The Gray Man,PG-13,122,"Action, Thriller",6.5,12,172136
Me Time,R,101,Comedy,5.0,10,26092
Suits,TV-14,44,"Comedy, Drama",8.5,7,405863
Vikings,TV-MA,44,"Action, Adventure, Drama",8.5,7,524630
The Witcher,TV-MA,60,"Action, Adventure, Drama",8.2,7,481837
The Blacklist,TV-14,43,"Crime, Drama, Mystery",8.0,7,245591
Seinfeld,TV-PG,22,Comedy,8.9,7,314089
Lucifer,TV-14,42,"Crime, Drama, Fantasy",8.1,7,318928
The Umbrella Academy,TV-14,60,"Action, Adventure, Comedy",7.9,7,243344
The Last Kingdom,TV-MA,60,"Action, Drama, History",8.5,7,136936
Partner Track,TV-MA,60,Drama,6.8,7,3840
Love in the Villa,TV-14,114,"Comedy, Romance",5.3,10,7048
Black Mirror,TV-MA,60,"Drama, Mystery, Sci-Fi",8.8,7,535782
Brooklyn Nine-Nine,TV-14,22,"Comedy, Crime",8.4,7,309004
Squid Game,TV-MA,55,"Action, Drama, Mystery",8.0,7,435160
Gilmore Girls,TV-PG,44,"Comedy, Drama",8.2,7,124087
Outlander,TV-MA,60,"Drama, Fantasy, Romance",8.4,7,158268
Ófærð,TV-14,60,"Crime, Drama, Mystery",8.0,7,21641
Never Have I Ever,TV-14,30,"Comedy, Drama",7.9,7,56216
Attack on Titan,TV-MA,24,"Animation, Action, Adventure",9.0,7,363297
Manifest,TV-14,43,"Drama, Mystery, Sci-Fi",7.1,7,59167
Locke & Key,TV-14,48,"Drama, Fantasy, Horror",7.3,7,84847
Day Shift,R,113,"Action, Comedy, Fantasy",6.1,10,62931
Dark,TV-MA,60,"Crime, Drama, Mystery",8.7,7,371981
Sex Education,TV-MA,45,"Comedy, Drama",8.4,7,273671
The Lord of the Rings: The Return of the King,PG-13,201,"Action, Adventure, Drama",9.0,10,1819157
The Vampire Diaries,TV-14,43,"Drama, Fantasy, Horror",7.7,7,318383
Virgin River,TV-14,44,"Drama, Romance",7.4,7,41276
Family Guy,TV-MA,22,"Animation, Comedy",8.2,7,334757
Fargo,TV-MA,53,"Crime, Drama, Thriller",8.9,7,369918
Animal Kingdom,TV-MA,60,"Crime, Drama",8.2,7,37944
Diario de un Gigoló,TV-MA,50,Drama,6.3,7,538
How I Met Your Mother,TV-14,22,"Comedy, Romance",8.3,7,676121
Heartbreak High,TV-MA,50,"Drama, Romance",7.6,7,1502
Community,TV-14,22,Comedy,8.5,7,261138
Daredevil,TV-MA,54,"Action, Crime, Drama",8.6,7,434141
Blue Bloods,TV-14,43,"Crime, Drama, Mystery",7.7,7,40037
Bee and PuppyCat,TV-PG,7,"Animation, Short, Action",8.2,7,2385
Loving Adults,TV-MA,104,"Crime, Drama, Thriller",6.5,10,5861
Schitt's Creek,TV-14,22,Comedy,8.5,7,118638
Sing 2,PG,110,"Animation, Adventure, Comedy",7.4,12,65399
RRR,Not Rated,187,"Action, Drama",8.0,10,107203
Arcane,TV-14,41,"Animation, Action, Adventure",9.0,7,196697
The Lord of the Rings: The Two Towers,PG-13,179,"Action, Adventure, Drama",8.8,10,1642708
All Quiet on the Western Front,R,147,"Action, Drama, War",8.3,10,199
American Psycho,R,102,"Crime, Drama, Horror",7.6,10,598117
The Hobbit: An Unexpected Journey,PG-13,169,"Adventure, Fantasy",7.8,10,820021
Kleo,TV-MA,44,"Action, Crime, Drama",7.5,7,5517
Riverdale,TV-14,45,"Crime, Drama, Mystery",6.6,7,143861
Sons of Anarchy,TV-MA,45,"Crime, Drama, Thriller",8.6,7,294616
Mad Men,TV-14,47,Drama,8.7,7,237030
The Flash,TV-PG,43,"Action, Adventure, Drama",7.6,7,344187
Archer,TV-MA,22,"Animation, Action, Comedy",8.6,7,153880
Dahmer - Monster: The Jeffrey Dahmer Story,TV-MA,534,"Biography, Crime, Drama",8.5,7,5580
Mr. Robot,TV-MA,49,"Crime, Drama, Thriller",8.6,7,383470
That '70s Show,TV-14,22,"Comedy, Drama, Romance",8.1,7,169768
You,TV-MA,45,"Crime, Drama, Romance",7.7,7,234218
Look Both Ways,TV-14,110,"Comedy, Drama, Romance",6.3,10,14313
365 Days,TV-MA,114,"Drama, Romance",3.3,12,89071
I Used to Be Famous,TV-14,104,"Comedy, Drama, Music",6.6,10,2633
Titanic,PG-13,194,"Drama, Romance",7.9,10,1158746
Bridgerton,TV-MA,60,"Drama, History, Romance",7.3,7,133119
Sherlock,TV-14,88,"Crime, Drama, Mystery",9.1,7,913816
Dexter,TV-MA,53,"Crime, Drama, Mystery",8.7,7,720792
New Girl,TV-14,22,"Comedy, Romance",7.7,7,221781
The Expanse,TV-14,60,"Drama, Mystery, Sci-Fi",8.5,7,151611
Purple Hearts,TV-14,122,"Drama, Music, Romance",6.7,10,32797
The Gentlemen,R,113,"Action, Comedy, Crime",7.8,10,331508
The Good Doctor,TV-14,41,Drama,8.1,7,92641
Downton Abbey,TV-PG,58,"Drama, Romance",8.7,7,204875
Extraordinary Attorney Woo,TV-14,75,Drama,8.9,7,9538
Smallville,TV-PG,60,"Action, Adventure, Drama",7.5,7,127295
Star Trek: The Next Generation,TV-PG,44,"Action, Adventure, Sci-Fi",8.7,7,119655
BoJack Horseman,TV-MA,25,"Animation, Comedy, Drama",8.8,7,152649
"Love, Death & Robots",TV-MA,15,"Animation, Short, Action",8.4,7,165153
Money Heist,TV-MA,70,"Action, Crime, Drama",8.2,7,469640
Orange Is the New Black,TV-MA,59,"Comedy, Crime, Drama",8.1,7,300354
Jurassic Park,PG-13,127,"Action, Adventure, Sci-Fi",8.2,10,978402
Prison Break,TV-14,44,"Action, Crime, Drama",8.3,7,529304
Billions,TV-MA,60,Drama,8.4,7,93451
Once Upon a Time,TV-PG,60,"Adventure, Fantasy, Romance",7.7,7,223549
Titans,TV-MA,45,"Action, Adventure, Crime",7.6,7,98315
The 100,TV-14,43,"Drama, Mystery, Sci-Fi",7.6,7,248827
Jaws,PG,124,"Adventure, Thriller",8.1,10,600404
The Catholic School,TV-MA,106,Drama,5.8,10,1536
South Park,TV-14,22,"Animation, Comedy",8.7,7,366394
Spartacus,TV-MA,55,"Action, Adventure, Biography",8.5,7,241105
Clueless,PG-13,97,"Comedy, Romance",6.9,10,216233
Chesapeake Shores,TV-PG,42,"Drama, Family",7.5,7,7676
Demon Slayer: Kimetsu no Yaiba,TV-MA,24,"Animation, Action, Adventure",8.7,7,97968
The Queen's Gambit,TV-MA,60,Drama,8.6,7,432644
Pretty Little Liars,TV-14,44,"Drama, Mystery, Romance",7.4,7,166548
Mindhunter,TV-MA,60,"Crime, Drama, Mystery",8.6,7,281506
"Murder, She Wrote",TV-PG,50,"Crime, Drama, Mystery",7.1,7,24323
From,TV-MA,52,"Drama, Horror, Mystery",7.6,7,18826
Spiderhead,R,106,"Action, Crime, Drama",5.4,10,52102
CSI: Crime Scene Investigation,TV-14,60,"Crime, Drama, Mystery",7.7,7,83833
Evil,TV-14,42,"Crime, Drama, Horror",7.7,7,26248
The Lincoln Lawyer,TV-MA,60,"Crime, Drama, Mystery",7.7,7,35356
Arrested Development,TV-14,22,Comedy,8.7,7,302834
Heartland,TV-PG,45,"Drama, Family",8.4,7,16702
Mo,TV-MA,30,"Comedy, Drama",7.6,7,5261
Inventing Anna,TV-MA,65,Drama,6.8,7,65185
It,R,135,Horror,7.3,10,537240
Narcos,TV-MA,49,"Biography, Crime, Drama",8.8,7,416307
The Sinner,TV-MA,45,"Crime, Drama, Mystery",7.9,7,120241
Homeland,TV-MA,55,"Crime, Drama, Mystery",8.3,7,339482
The Haunting of Hill House,TV-MA,572,"Drama, Horror, Mystery",8.6,7,237198
Doc Martin,TV-14,46,"Comedy, Drama, Romance",8.4,7,16147
Hawaii Five-0,TV-14,42,"Action, Crime, Drama",7.4,7,73530
Star Trek: The Original Series,TV-PG,50,"Action, Adventure, Sci-Fi",8.4,7,83805
The Next 365 Days,TV-MA,112,"Drama, Romance",2.7,12,5495
Don't Look Up,R,138,"Comedy, Drama, Sci-Fi",7.2,10,525424
Murdoch Mysteries,TV-PG,48,"Crime, Drama, Mystery",8.2,7,14381
The Good Wife,TV-14,43,"Crime, Drama, Mystery",8.4,7,75557
Shadow and Bone,TV-14,60,"Action, Adventure, Drama",7.6,7,82657
Sex/Life,TV-MA,45,"Comedy, Drama, Romance",5.4,7,21107
Gladiator,R,155,"Action, Adventure, Drama",8.5,10,1481531
The Punisher,TV-MA,53,"Action, Crime, Drama",8.5,7,231599
Midnight Mass,TV-MA,450,"Drama, Fantasy, Horror",7.7,7,110997
"Roswell, New Mexico",TV-14,45,"Drama, Romance, Sci-Fi",6.2,7,12827
Taxi Driver,R,114,"Crime, Drama",8.2,10,819599
Teen Wolf,TV-14,41,"Action, Drama, Fantasy",7.7,7,146991
Vikings: Valhalla,TV-MA,51,"Action, Adventure, Drama",7.2,7,37571
New Amsterdam,TV-14,43,Drama,8.0,7,37212
Léon: The Professional,R,110,"Action, Crime, Drama",8.5,10,1147345
Arrow,TV-14,42,"Action, Adventure, Crime",7.5,7,429943
The Good Nurse,R,121,"Biography, Crime, Drama",7.8,10,116
The Good Place,TV-PG,22,"Comedy, Drama, Fantasy",8.2,7,156760
Agents of S.H.I.E.L.D.,TV-PG,45,"Action, Adventure, Drama",7.5,7,216461
Mother!,R,121,"Drama, Horror, Mystery",6.6,10,224398
Hustle,R,117,"Comedy, Drama, Sport",7.3,10,110391
365 Days: This Day,TV-MA,111,"Drama, Romance",2.6,12,19357
Cheers,TV-PG,22,"Comedy, Drama",7.9,7,54765
Line of Duty,TV-14,60,"Crime, Drama, Mystery",8.7,7,58387
Pieces of Her,TV-MA,52,"Crime, Drama, Mystery",6.3,7,25208
The Departed,R,151,"Crime, Drama, Thriller",8.5,10,1310171
Star Wars: The Clone Wars,TV-PG,23,"Animation, Action, Adventure",8.4,7,94334
Star Trek: Deep Space Nine,TV-PG,45,"Action, Adventure, Drama",8.1,7,62898
Spider-Man,PG-13,121,"Action, Adventure, Sci-Fi",7.4,10,809904
Santo,TV-MA,45,"Action, Crime, Drama",5.0,7,417
Delhi Crime,TV-MA,50,"Crime, Drama",8.5,7,22337
JoJo's Bizarre Adventure,TV-14,30,"Animation, Action, Adventure",8.4,7,22677
House of Cards,TV-MA,51,Drama,8.7,7,500982
American Crime Story,TV-MA,42,"Biography, Crime, Drama",8.4,7,95054
Beauty and the Beast,PG,129,"Adventure, Family, Fantasy",7.1,10,306985
Dynasty,TV-14,42,Drama,7.2,7,22045
Glee,TV-PG,44,"Comedy, Drama, Music",6.8,7,147910
Brooklyn,PG-13,117,"Drama, Romance",7.5,10,142184
The Americans,TV-MA,44,"Crime, Drama, Mystery",8.4,7,98875
Gotham,TV-14,42,"Action, Crime, Drama",7.8,7,229301
Gossip Girl,TV-14,42,"Drama, Romance",7.5,7,173318
Gone Girl,R,149,"Drama, Mystery, Thriller",8.1,10,971322
The Tudors,TV-MA,60,"Drama, History, Romance",8.1,7,74863
Twin Peaks,TV-MA,47,"Crime, Drama, Mystery",8.8,7,196192
The Poison Rose,R,98,"Crime, Mystery, Thriller",4.7,12,9475
Avatar: The Last Airbender,TV-Y7-FV,23,"Animation, Action, Adventure",9.3,7,309241
Hannibal,TV-14,44,"Crime, Drama, Horror",8.5,7,253302
Star Trek: Voyager,TV-PG,44,"Action, Adventure, Sci-Fi",7.8,7,69047
NCIS: Los Angeles,TV-14,43,"Action, Crime, Drama",6.7,7,53571
Persuasion,PG,108,"Drama, Romance",5.7,10,25625
Good Girls,TV-14,43,"Comedy, Crime, Drama",7.7,7,51835
Jogi,TV-MA,116,"Drama, History, Thriller",7.5,10,4105
How to Get Away with Murder,TV-14,43,"Crime, Drama, Mystery",8.1,7,150319
Uncoupled,TV-MA,30,"Comedy, Drama, Romance",7.0,7,13745
Longmire,TV-14,60,"Action, Crime, Drama",8.3,7,35601
The Anthrax Attacks,TV-MA,94,"Documentary, Crime",6.2,10,865
White Collar,TV-PG,40,"Comedy, Crime, Drama",8.3,7,131006
After Life,TV-MA,30,"Comedy, Drama",8.4,7,133432
Outer Banks,TV-MA,50,"Action, Crime, Drama",7.6,7,48115
Derry Girls,TV-MA,30,Comedy,8.5,7,36522
El Camino: A Breaking Bad Movie,TV-MA,122,"Action, Crime, Drama",7.3,10,243473
Anatomy of a Scandal,TV-MA,268,"Drama, Thriller",7.0,7,27590
A Knight's Tale,PG-13,132,"Action, Adventure, Romance",6.9,10,186888
Baywatch,R,116,"Action, Comedy, Crime",5.5,10,185920
Broad Peak,TV-MA,101,"Adventure, Biography, Drama",5.9,10,671
Grimm,TV-14,45,"Crime, Drama, Fantasy",7.8,7,119368
The Sea Beast,PG,115,"Animation, Adventure, Comedy",7.1,10,36407
Operation Mincemeat,PG-13,128,"Drama, War",6.6,10,22162
Alchemy of Souls,Approved,80,"Action, Drama, Fantasy",8.7,7,3769
Chip 'n Dale: Rescue Rangers,PG,97,"Animation, Adventure, Comedy",7.0,10,37904
Wedding Season,TV-PG,98,"Comedy, Romance",6.3,10,6947
Black Sails,TV-MA,56,"Action, Adventure, Drama",8.2,7,104342
Knock Knock,R,99,"Drama, Thriller",4.9,10,94594
Elementary,TV-14,60,"Crime, Drama, Mystery",7.9,7,110920
13 Reasons Why,TV-MA,60,"Drama, Mystery, Thriller",7.5,7,289319
Maid,TV-MA,545,Drama,8.4,7,81102
The King,R,140,"Biography, Drama, History",7.3,10,127673
The Adam Project,PG-13,106,"Action, Adventure, Comedy",6.7,10,193255
Top Boy,TV-MA,60,"Crime, Drama, Thriller",8.4,7,25235
Emily in Paris,TV-MA,30,"Comedy, Drama, Romance",6.9,7,88868
Grease,PG,110,"Comedy, Musical, Romance",7.2,10,275313
Sicario,R,121,"Action, Crime, Drama",7.6,10,425967
The Devil All the Time,R,138,"Crime, Drama, Thriller",7.1,10,133166
The Fall,TV-MA,60,"Crime, Drama, Thriller",8.1,7,104577
Elite,TV-MA,60,"Crime, Drama, Thriller",7.4,7,77113
Legally Blonde,PG-13,96,"Comedy, Romance",6.4,10,216974
2001: A Space Odyssey,G,149,"Adventure, Sci-Fi",8.3,10,662697
The Little Things,R,128,"Crime, Drama, Mystery",6.3,10,99050
The Guilty,R,90,"Crime, Drama, Thriller",6.3,10,121907
Naruto,TV-PG,24,"Animation, Action, Adventure",8.4,7,99442
Broadchurch,TV-MA,48,"Crime, Drama, Mystery",8.4,7,112247
Scorpion,TV-14,43,"Action, Crime, Drama",7.0,7,53803
Spirited Away,PG,125,"Animation, Adventure, Family",8.6,10,751180
Adventure Time,TV-PG,11,"Animation, Action, Adventure",8.6,7,93949
Dead to Me,TV-MA,30,"Comedy, Crime, Drama",8.0,7,76565
The Nice Guys,R,116,"Action, Comedy, Crime",7.3,10,324865
Designated Survivor,TV-14,60,"Action, Drama, Mystery",7.5,7,90424
Dracula,TV-14,270,"Action, Drama, Fantasy",6.8,7,47794
Narcos: Mexico,TV-MA,50,"Crime, Drama",8.4,7,83199
300,R,117,"Action, Drama",7.6,10,815351
That's Amor,TV-14,96,"Comedy, Romance",5.2,10,2055
Resident Evil,TV-MA,60,"Action, Horror, Sci-Fi",4.0,7,39033
Grace and Frankie,TV-MA,30,Comedy,8.2,7,51896
The Man from Toronto,PG-13,110,"Action, Adventure, Comedy",5.8,10,43867
Snowpiercer,TV-MA,60,"Action, Drama, Sci-Fi",6.9,7,54342
The Killing,TV-14,45,"Crime, Drama, Mystery",8.3,7,111425
The Power of the Dog,R,126,"Drama, Romance, Western",6.8,10,169764
Baby Driver,R,113,"Action, Crime, Drama",7.6,10,528768
The Haunting of Bly Manor,TV-MA,494,"Drama, Horror, Mystery",7.3,7,101853
My Hero Academia,TV-14,24,"Animation, Action, Adventure",8.4,7,60041
Arrival,PG-13,116,"Drama, Mystery, Sci-Fi",7.9,10,684855
Dead Poets Society,PG,128,"Comedy, Drama",8.1,10,484465
The House,TV-MA,97,"Animation, Comedy, Drama",6.8,16,15290
Skins,TV-MA,46,Drama,8.2,7,83918
Bardo,R,174,"Comedy, Drama",6.7,10,218
Wendell & Wild,PG-13,105,"Animation, Adventure, Comedy",7.5,10,94
The Woman in the House,TV-MA,208,"Comedy, Crime, Drama",6.4,7,44195
Kill Bill: Vol. 1,R,111,"Action, Crime, Drama",8.2,10,1103348
Behind Her Eyes,TV-MA,298,"Drama, Mystery, Thriller",7.2,7,60901
Bleach,TV-14,24,"Animation, Action, Adventure",8.2,7,53769
Uncut Gems,R,135,"Crime, Drama, Thriller",7.4,12,277507
Annihilation,R,115,"Adventure, Drama, Horror",6.8,10,323342
The Mummy,PG-13,110,"Action, Adventure, Fantasy",5.4,10,189542
Orphan Black,TV-MA,44,"Drama, Sci-Fi, Thriller",8.3,7,110756
Altered Carbon,TV-MA,60,"Action, Drama, Sci-Fi",7.9,7,167469
Supergirl,TV-PG,43,"Action, Adventure, Drama",6.2,7,123705
Zero Dark Thirty,R,157,"Drama, History, Thriller",7.4,10,299829
The Irishman,R,209,"Biography, Crime, Drama",7.8,10,382523
Jurassic World: Fallen Kingdom,PG-13,128,"Action, Adventure, Sci-Fi",6.1,10,314340
Big Mouth,TV-MA,30,"Animation, Comedy, Romance",7.9,7,77339
Chilling Adventures of Sabrina,TV-14,60,"Drama, Fantasy, Horror",7.4,7,93761
Death Note,TV-14,24,"Animation, Crime, Drama",9.0,7,316300
Booksmart,R,102,Comedy,7.1,10,117900
Heartbreak High,TV-MA,50,"Drama, Romance",7.8,7,3208
The End of the F***ing World,TV-MA,25,"Adventure, Comedy, Crime",8.1,7,186272
The Revenant,R,156,"Action, Adventure, Drama",8.0,10,794404
Red Notice,PG-13,118,"Action, Comedy, Thriller",6.3,10,270232
Jessica Jones,TV-MA,56,"Action, Crime, Drama",7.9,7,213221
Frozen,PG,102,"Animation, Adventure, Comedy",7.4,12,620220
Anne with an E,TV-PG,60,"Drama, Family",8.7,7,54248
Jane the Virgin,TV-PG,60,Comedy,7.9,7,50019
Incantation,TV-MA,110,"Horror, Mystery",6.2,10,11424
Queen of the South,TV-MA,42,"Action, Crime, Drama",8.0,7,30158
Godless,TV-MA,452,"Action, Drama, Western",8.3,7,66821
Fullmetal Alchemist: Brotherhood,TV-14,24,"Animation, Action, Adventure",9.1,7,164032
Ray Donovan,TV-MA,60,"Crime, Drama",8.3,7,86921
Wind River,R,107,"Crime, Drama, Mystery",7.7,10,249800
Jumanji: The Next Level,PG-13,123,"Action, Adventure, Comedy",6.7,10,246668
Fakes,TV-MA,30,Comedy,6.3,7,594
The IT Crowd,TV-14,25,Comedy,8.5,7,151277
DC's Legends of Tomorrow,TV-14,42,"Action, Adventure, Drama",6.8,7,104446
Heartstopper,TV-14,30,"Drama, Romance",8.7,7,49420
Zodiac,R,157,"Crime, Drama, Mystery",7.7,10,536068
Iron Fist,TV-MA,55,"Action, Adventure, Crime",6.4,7,130223
Merlí. Sapere Aude,TV-MA,50,"Comedy, Drama",7.7,7,2298
The Affair,TV-MA,60,Drama,7.9,7,45649
Unbelievable,TV-MA,385,"Crime, Drama",8.4,7,100699
Enola Holmes,PG-13,123,"Action, Adventure, Crime",6.6,10,169720
Pirates of the Caribbean: Dead Men Tell No Tales,PG-13,129,"Action, Adventure, Fantasy",6.5,12,309009
Bates Motel,TV-MA,45,"Drama, Horror, Mystery",8.1,7,107362
Jujutsu Kaisen,TV-MA,24,"Animation, Action, Adventure",8.6,7,56920
Star Trek: Enterprise,TV-PG,60,"Action, Adventure, Drama",7.5,7,53374
Run,PG-13,90,"Mystery, Thriller",6.7,10,77264
The Green Knight,R,130,"Adventure, Drama, Fantasy",6.6,10,98337
All of Us Are Dead,TV-MA,60,"Action, Drama, Fantasy",7.5,7,47580
Jumanji: Welcome to the Jungle,PG-13,119,"Action, Adventure, Comedy",6.9,10,375650
"El Rey, Vicente Fernández",TV-14,52,"Biography, Drama, Music",6.4,7,127
Bodyguard,TV-MA,60,"Crime, Drama, Thriller",8.1,7,121426
Luther,TV-MA,60,"Crime, Drama, Mystery",8.4,7,136105
Fauda,TV-MA,60,"Action, Drama, Thriller",8.2,7,26699
Hubie Halloween,PG-13,103,"Comedy, Mystery",5.2,10,49569
Borgen,TV-14,58,Drama,8.5,7,26360
Marcella,TV-MA,45,"Crime, Drama, Mystery",7.4,7,31515
Reign,TV-14,42,Drama,7.4,7,49625
Love Between Fairy and Devil,TV-PG,40,"Comedy, Fantasy, Romance",8.6,7,365
Freaks and Geeks,TV-14,44,"Comedy, Drama",8.8,7,142164
High Heat,TV-MA,45,Drama,5.9,7,432
Workin' Moms,TV-MA,30,"Comedy, Drama",7.8,7,17710
Poldark,TV-14,60,"Drama, Romance",8.3,7,31763
Penny Dreadful,TV-MA,60,"Drama, Fantasy, Horror",8.2,7,121814
Medici,TV-14,60,"Biography, Drama, History",7.9,7,19261
Your Name.,PG,106,"Animation, Drama, Fantasy",8.4,10,262352
Venom,PG-13,112,"Action, Adventure, Sci-Fi",6.6,10,478585
Californication,TV-MA,28,"Comedy, Drama",8.3,7,180641
The Platform,TV-MA,94,"Horror, Sci-Fi, Thriller",7.0,10,219327
Interceptor,TV-MA,99,"Action, Adventure, Drama",4.5,10,22251
Shadowhunters,TV-14,42,"Action, Drama, Fantasy",6.5,7,63040
Tropic Thunder,R,107,"Action, Comedy, War",7.0,10,413784
Howl's Moving Castle,PG,119,"Animation, Adventure, Family",8.2,10,390278
iZombie,TV-14,42,"Comedy, Crime, Drama",7.8,7,67849
SPY×FAMILY,TV-14,24,"Animation, Action, Comedy",8.6,7,19612
Fighting with My Family,PG-13,108,"Biography, Comedy, Drama",7.1,10,81142
Captain America: Civil War,PG-13,147,"Action, Adventure, Sci-Fi",7.8,12,776556
The Ranch,TV-MA,30,"Comedy, Drama, Western",7.5,7,38824
Will & Grace,TV-14,22,"Comedy, Romance",7.3,7,55858
I'm Thinking of Ending Things,R,134,"Drama, Thriller",6.6,10,85315
The Wonder,R,103,"Drama, Mystery, Thriller",7.6,10,87
Black Clover,TV-PG,24,"Animation, Action, Adventure",8.3,7,22411
Russian Doll,TV-MA,30,"Comedy, Drama, Mystery",7.8,7,94732
Snowpiercer,R,126,"Action, Sci-Fi, Thriller",7.1,10,359095
Below Deck Mediterranean,TV-14,43,Reality-TV,7.5,7,2757
Lost in Space,TV-PG,60,"Adventure, Drama, Family",7.3,7,99084
The Forgotten Battle,TV-MA,124,"Drama, War",7.1,10,28608
A Cinderella Story,PG,95,"Comedy, Family, Romance",5.9,10,87840
6 Underground,R,128,"Action, Thriller",6.1,10,174852
Happy Valley,TV-MA,58,"Crime, Drama, Thriller",8.5,7,39851
The Stranger,TV-MA,363,"Crime, Drama, Mystery",7.3,7,50086
Public Enemies,R,140,"Action, Biography, Crime",7.0,10,302797
Sausage Party,R,89,"Animation, Adventure, Comedy",6.1,12,194159
Revenge,TV-14,44,"Drama, Mystery, Thriller",7.8,7,119927
The Invitation,Not Rated,100,"Drama, Horror, Mystery",6.6,10,108509
Paddington 2,PG,103,"Adventure, Comedy, Family",7.8,10,77861
Shameless,TV-MA,90,"Comedy, Crime, Drama",8.0,7,16895
The Girl in the Mirror,TV-MA,56,"Drama, Horror, Mystery",6.2,7,1472
Terrifier,Unrated,82,"Horror, Thriller",5.6,10,19119
The Blues Brothers,R,133,"Action, Adventure, Comedy",7.9,10,199019
Merlí,TV-MA,58,"Comedy, Drama, Romance",8.6,7,8555
Polar,TV-MA,118,"Action, Thriller",6.3,10,89645
The Unforgivable,R,112,"Crime, Drama",7.1,10,107709
King Arthur: Legend of the Sword,PG-13,126,"Action, Adventure, Drama",6.7,10,216416
The Impossible,PG-13,114,"Adventure, Drama, History",7.5,10,223356
Vinland Saga,TV-MA,24,"Animation, Action, Adventure",8.8,7,36550
Spider-Man: Far from Home,PG-13,129,"Action, Adventure, Sci-Fi",7.4,10,482390
The Ballad of Buster Scruggs,R,133,"Comedy, Drama, Musical",7.3,12,146391
Madam Secretary,TV-PG,45,"Drama, Thriller",7.7,7,23203
Willy Wonka & the Chocolate Factory,G,100,"Family, Fantasy, Musical",7.8,10,200703
Full House,TV-G,22,"Comedy, Drama, Family",6.7,7,58833
True Story,TV-MA,260,"Crime, Drama, Thriller",7.4,7,18325
La jefa,TV-MA,109,Drama,4.7,10,1028
The Vault,R,118,"Action, Adventure, Thriller",6.4,10,25121
Pieces of a Woman,R,126,Drama,7.0,10,49524
Nashville,TV-PG,43,"Drama, Music, Romance",7.7,7,25744
Footloose,PG,107,"Drama, Music, Romance",6.6,10,80905
Gerald's Game,TV-MA,103,"Drama, Horror, Thriller",6.5,10,108970
Charlie's Angels,PG-13,118,"Action, Adventure, Comedy",4.9,10,73202
Sense8,TV-MA,60,"Drama, Mystery, Sci-Fi",8.2,7,153913
Travelers,TV-MA,45,"Drama, Mystery, Sci-Fi",8.0,7,56239
The Lost Daughter,R,121,Drama,6.7,10,62800
Miraculous: Tales of Ladybug & Cat Noir,TV-Y7,20,"Animation, Action, Adventure",7.6,7,11332
Texas Chainsaw Massacre,R,81,"Crime, Horror, Thriller",4.8,10,50801
Senior Year,R,111,Comedy,5.5,10,36521
"Bastard!! Heavy Metal, Dark Fantasy",TV-MA,25,"Animation, Action, Adventure",6.6,7,1364
Castlevania,TV-MA,23,"Animation, Action, Adventure",8.3,7,64403
Step Brothers,R,98,Comedy,6.9,10,294349
Castle Rock,TV-MA,60,"Drama, Fantasy, Horror",7.5,7,45696
The Harder They Fall,R,139,"Action, Drama, Western",6.5,10,61698
The OA,TV-MA,60,"Drama, Fantasy, Mystery",7.8,7,104258
Below Her Mouth,Not Rated,94,"Drama, Romance",5.5,10,12539
Fear Street: Part One - 1994,R,107,"Drama, Horror, Mystery",6.2,10,79648
Birdman or (The Unexpected Virtue of Ignorance),R,119,"Comedy, Drama",7.7,10,626026
Beauty and the Beast,G,84,"Animation, Family, Fantasy",8.0,12,452086
Moonlight,R,111,Drama,7.4,10,305932
Dirilis: Ertugrul,TV-14,120,"Action, Adventure, Drama",7.9,7,36678
National Lampoon's Animal House,R,109,Comedy,7.4,10,121253
Crash Landing on You,TV-14,70,"Adventure, Comedy, Romance",8.7,7,28088
Archive 81,TV-MA,60,"Drama, Horror, Mystery",7.3,7,48309
Trailer Park Boys,TV-MA,30,"Comedy, Crime",8.6,7,43638
Misfits,TV-MA,60,"Comedy, Drama, Fantasy",8.2,7,101181
Ratched,TV-MA,60,"Crime, Drama, History",7.2,7,55875
GLOW,TV-MA,35,"Comedy, Drama, Sport",8.0,7,46464
Skyggen i mit øje,TV-MA,107,"Drama, History, War",7.3,10,10999
Cowboy Bebop,TV-MA,58,"Action, Adventure, Comedy",6.7,7,39424
Shooter,TV-14,60,"Action, Drama",7.5,7,36802
Drifting Home,PG,119,"Animation, Adventure, Drama",6.3,10,725
Keep Breathing,TV-MA,209,"Adventure, Drama, Thriller",5.2,7,10156
The Bubble,R,126,Comedy,4.7,10,23324
Bloodline,TV-MA,60,"Drama, Thriller",7.9,7,52302
Get Smart with Money,TV-PG,93,Documentary,5.6,10,444
Marriage Story,R,137,"Drama, Romance",7.9,10,303984
A Series of Unfortunate Events,TV-PG,50,"Adventure, Comedy, Drama",7.8,7,60640
Hell or High Water,R,102,"Crime, Drama, Thriller",7.6,10,229943
Dark Desire,TV-MA,30,"Drama, Mystery, Thriller",6.5,7,7693
The Human Centipede (First Sequence),R,92,Horror,4.4,10,79417
Ghost,PG-13,127,"Drama, Fantasy, Romance",7.1,10,216532
Army of the Dead,R,148,"Action, Crime, Horror",5.7,10,171262
Lawrence of Arabia,Approved,218,"Adventure, Biography, Drama",8.3,10,292337
The Lost World: Jurassic Park,PG-13,129,"Action, Adventure, Sci-Fi",6.5,10,416716
Cowboy Bebop,TV-14,24,"Animation, Action, Adventure",8.9,7,117843
Ocean's Eight,PG-13,110,"Action, Comedy, Crime",6.3,10,217713
Gods of Egypt,PG-13,127,"Action, Adventure, Fantasy",5.4,10,117441
Barbarians,TV-MA,280,"Action, Adventure, Drama",7.2,7,24243
The Bold Type,TV-14,45,"Comedy, Drama",7.8,7,21044
Atypical,TV-MA,30,"Comedy, Drama",8.3,7,87238
Rosemary's Baby,Approved,137,"Drama, Horror",8.0,10,215114
3rd Rock from the Sun,TV-PG,60,"Comedy, Family, Sci-Fi",7.8,7,52455
Mars Attacks!,PG-13,106,"Comedy, Sci-Fi",6.4,10,227173
Kong: Skull Island,PG-13,118,"Action, Adventure, Fantasy",6.6,10,317486
There's Something About Mary,R,119,"Comedy, Romance",7.1,12,311136
Don't Breathe,R,88,"Crime, Horror, Thriller",7.1,10,272361
Now You See Me,PG-13,115,"Crime, Mystery, Thriller",7.2,10,654721
One Of Us Is Lying,TV-MA,50,"Crime, Drama, Mystery",6.8,7,8906
Monty Python and the Holy Grail,PG,91,"Adventure, Comedy, Fantasy",8.2,12,538546
Batman v Superman: Dawn of Justice,PG-13,152,"Action, Adventure, Sci-Fi",6.4,10,694619
Climax,R,97,"Drama, Horror, Music",6.9,10,67926
Lupin,TV-MA,45,"Action, Crime, Drama",7.5,7,105218
The Old Guard,R,125,"Action, Thriller",6.6,10,162921
The Serpent,TV-MA,458,"Crime, Drama, Thriller",7.6,7,43200
"tick, tick... BOOM!",PG-13,120,"Biography, Drama, Musical",7.5,10,103537
Alice in Borderland,TV-MA,50,"Action, Drama, Mystery",7.6,7,50974
Gilmore Girls: A Year in the Life,TV-14,370,"Comedy, Drama",7.6,7,38451
Carter,TV-MA,132,"Action, Thriller",5.1,10,7595
The Babysitter,TV-MA,85,"Comedy, Horror",6.3,10,92479
Outlaw King,R,121,"Action, Biography, Drama",6.9,10,71960
Despicable Me 2,PG,98,"Animation, Adventure, Comedy",7.3,12,399084
Good Witch,TV-PG,48,"Comedy, Drama, Fantasy",7.3,7,10753
Extraction,R,116,"Action, Thriller",6.7,10,200239
Cleveland Abduction,TV-14,88,"Biography, Crime, Drama",6.6,10,7425
Army of Thieves,TV-MA,127,"Action, Comedy, Crime",6.4,10,75902
Selling the OC,TV-MA,30,Reality-TV,5.5,7,767
Dawson's Creek,TV-14,60,"Drama, Romance",6.8,7,41567
12 Strong,R,130,"Action, Drama, History",6.5,10,81719
Lone Survivor,R,121,"Action, Biography, Drama",7.5,10,287213
Into the Night,TV-MA,35,"Drama, Sci-Fi, Thriller",7.1,7,32118
Inside Job,TV-MA,30,"Animation, Comedy, Fantasy",7.6,7,17662
Chef's Table: Pizza,TV-MA,45,Documentary,7.4,7,289
Bird Box,R,124,"Horror, Mystery, Sci-Fi",6.6,10,336633
The Fresh Prince of Bel-Air,TV-PG,22,Comedy,7.9,7,134185
Through My Window,TV-MA,116,"Comedy, Drama, Romance",5.4,10,10198
The Holiday,PG-13,136,"Comedy, Romance",6.9,10,284199
Moonrise Kingdom,PG-13,94,"Comedy, Drama, Romance",7.8,10,348507
He's All That,TV-14,88,"Comedy, Romance",4.4,10,24843
Superwog,TV-MA,30,Comedy,7.4,7,986
Breakfast at Tiffany's,Approved,115,"Comedy, Drama, Romance",7.6,10,180040
The Girl in the Spider's Web,R,115,"Action, Crime, Drama",6.1,10,47930
The Karate Kid,PG,140,"Action, Drama, Family",6.2,10,183166
Shot Caller,R,121,"Crime, Drama, Thriller",7.3,10,86482
The Missing,TV-14,60,"Crime, Drama, Mystery",8.2,7,26870
Moneyball,PG-13,133,"Biography, Drama, Sport",7.6,10,420330
Clusterf**k: Woodstock '99,TV-MA,142,"Documentary, History, Music",7.4,7,13986
Stay Close,TV-MA,375,"Crime, Drama, Mystery",6.9,7,31279
Furious 7,PG-13,137,"Action, Crime, Thriller",7.1,10,388751
Top Gear,TV-PG,60,"Adventure, Comedy, Reality-TV",8.7,7,118264
Lou,R,107,"Action, Crime, Drama",5.9,10,880
Lost Ollie,TV-PG,45,"Animation, Adventure, Drama",7.8,7,1071
Fatal Attraction,R,119,"Drama, Thriller",6.9,10,86764
Untold: The Girlfriend Who Didn't Exist,TV-MA,124,"Documentary, Biography, Sport",7.2,10,4962
The Lincoln Lawyer,R,118,"Crime, Drama, Mystery",7.3,10,238378
Mighty Morphin Power Rangers,TV-Y7,30,"Action, Adventure, Family",6.5,7,22310
Life of Brian,R,94,Comedy,8.0,10,397955
Love Is Blind,TV-MA,48,"Game-Show, Reality-TV, Romance",6.1,7,8099
The Pentaverate,TV-MA,160,Comedy,6.1,7,9498
Doom,R,105,"Action, Horror, Sci-Fi",5.2,10,113934
Pan,PG,111,"Action, Adventure, Comedy",5.7,10,64414
Crazy Ex-Girlfriend,TV-14,42,"Comedy, Musical",7.8,7,20397
A Walk to Remember,PG,101,"Drama, Romance",7.3,10,211211
When Calls the Heart,TV-G,43,"Drama, History, Romance",7.9,7,13133
Space Force,TV-MA,30,Comedy,6.7,7,64540
The Shannara Chronicles,TV-14,42,"Adventure, Drama, Fantasy",7.1,7,60428
Lucy,R,89,"Action, Sci-Fi, Thriller",6.4,10,493047
Midnight in Paris,PG-13,94,"Comedy, Fantasy, Romance",7.7,10,422213
Contagion,PG-13,106,"Drama, Thriller",6.8,10,303276
Project X,R,88,Comedy,6.6,10,210083
Cars 3,G,102,"Animation, Adventure, Comedy",6.7,10,99256
The Alienist,TV-MA,60,"Crime, Drama, Mystery",7.7,7,54039
Pokémon,TV-Y7,24,"Animation, Action, Adventure",7.5,7,42922
Wentworth,TV-MA,45,"Crime, Drama, Thriller",8.6,7,22295
Knocked Up,R,129,"Comedy, Romance",6.9,10,369484
I Think You Should Leave with Tim Robinson,TV-MA,16,Comedy,7.9,7,12743
Ivy & Bean,TV-G,56,"Action, Comedy, Family",5.9,10,176
Robin Hood,PG-13,116,"Action, Adventure, Drama",5.3,10,73741
Return to Sender,Not Rated,92,"Drama, Thriller",5.1,10,13648
Kingdom,TV-MA,45,"Action, Drama, Horror",8.3,7,45888
Windfall,R,92,"Crime, Drama, Thriller",5.7,10,22612
Hell on Wheels,TV-14,42,"Drama, Western",8.3,7,52166
Henry Danger,TV-G,30,"Action, Comedy, Family",5.6,7,5633
Love and Monsters,PG-13,109,"Action, Adventure, Comedy",6.9,10,126227
Disenchantment,TV-MA,30,"Animation, Action, Adventure",7.2,7,61178
Princess Mononoke,PG-13,134,"Animation, Action, Adventure",8.4,10,390689
The Legend of Korra,TV-PG,23,"Animation, Action, Adventure",8.4,7,120855
The Call,TV-MA,112,"Crime, Horror, Mystery",7.1,10,32424
Atomic Blonde,R,115,"Action, Thriller",6.7,10,193383
Fear Street: Part Two - 1978,R,109,"Drama, Horror, Mystery",6.7,10,62722
The Expendables 2,R,103,"Action, Adventure, Thriller",6.6,10,307174
The Ritual,TV-MA,94,"Horror, Mystery, Thriller",6.3,10,99253
When They See Us,TV-MA,296,"Biography, Crime, Drama",8.9,7,119339
Sicario: Day of the Soldado,R,122,"Action, Adventure, Crime",7.1,10,147136
The Real Housewives of Beverly Hills,TV-14,44,Reality-TV,5.2,7,6393
The Emperor's New Groove,G,78,"Animation, Adventure, Comedy",7.4,10,203092
The Hitman's Bodyguard,R,118,"Action, Comedy, Crime",6.9,10,230164
Monster Hunter,PG-13,103,"Action, Adventure, Fantasy",5.2,10,58347
Between,TV-14,60,"Drama, Mystery, Sci-Fi",5.9,7,9252
The Amazing World of Gumball,TV-Y7-FV,11,"Animation, Short, Adventure",8.3,7,31652
Geostorm,PG-13,109,"Action, Sci-Fi, Thriller",5.3,10,108072
Metal Lords,R,97,"Comedy, Music",6.7,10,26266
Robin Hood: Prince of Thieves,PG-13,143,"Action, Adventure, Drama",6.9,10,193725
Darlings,TV-14,133,"Comedy, Drama, Thriller",6.6,10,16317
Steven Universe,TV-PG,11,"Animation, Action, Adventure",8.2,7,33505
Hairspray,PG,117,"Comedy, Drama, Musical",6.7,10,130694
Escape Room,PG-13,99,"Action, Adventure, Horror",6.4,10,121675
"Extremely Wicked, Shockingly Evil and Vile",R,110,"Biography, Crime, Drama",6.7,10,93449
Into the Badlands,TV-14,42,"Action, Adventure, Drama",7.9,7,46547
Spartacus: Gods of the Arena,TV-MA,331,"Action, Adventure, Biography",8.5,7,137339
Newness,Unrated,117,"Drama, Romance",6.3,10,16901
Santa Clarita Diet,TV-MA,30,"Comedy, Horror",7.8,7,67529
Things Heard & Seen,TV-MA,121,"Drama, Horror, Mystery",5.3,12,31421
Timeless,TV-14,60,"Action, Adventure, Drama",7.6,7,42921
Girl in the Picture,TV-MA,101,"Documentary, Crime, Mystery",7.2,10,16008
Hush,R,82,"Horror, Thriller",6.6,10,132650
Neon Genesis Evangelion,TV-MA,24,"Animation, Action, Drama",8.5,7,68559
Waterworld,PG-13,177,"Action, Adventure, Sci-Fi",6.2,10,196460
The Cuphead Show!,TV-Y7,12,"Animation, Short, Action",7.4,7,7414
A Perfect Pairing,TV-14,101,"Comedy, Romance",6.1,10,11632
Kill Bill: Vol. 2,R,137,"Action, Crime, Thriller",8.0,10,749653
Rampage,PG-13,107,"Action, Adventure, Sci-Fi",6.1,10,167170
Contact,PG,150,"Drama, Mystery, Sci-Fi",7.5,10,274308
The Woman in the Window,R,100,"Crime, Drama, Mystery",5.7,10,74469
Copshop,R,107,"Action, Thriller",6.2,10,30767
In the Heart of the Sea,PG-13,122,"Action, Adventure, Biography",6.9,10,139010
The Starling,PG-13,102,"Comedy, Drama",6.3,10,13097
Between Two Ferns: The Movie,TV-MA,82,Comedy,6.1,10,32734
Aftermath,TV-MA,114,"Drama, Horror, Mystery",5.3,10,16046
White House Down,PG-13,131,"Action, Drama, Thriller",6.3,10,221953
The Dirt,TV-MA,107,"Biography, Comedy, Drama",6.9,10,49568
The Post,PG-13,116,"Biography, Drama, History",7.2,10,150823
Luke Cage,TV-MA,55,"Action, Crime, Drama",7.3,7,130409
Vincenzo,Not Rated,80,"Action, Comedy, Crime",8.4,7,17647
Pera Palas'ta Gece Yarisi,TV-14,45,"Drama, History, Mystery",7.1,7,7982
I Care a Lot,R,118,"Comedy, Crime, Drama",6.3,10,131838
To Kill a Mockingbird,Approved,129,"Crime, Drama",8.3,10,315380
Unbreakable Kimmy Schmidt,TV-14,30,Comedy,7.6,7,72009
Munich: The Edge of War,PG-13,130,"Biography, Drama, History",6.8,10,29870
Kim's Convenience,TV-14,22,Comedy,8.2,7,18672
The Chestnut Man,TV-MA,50,"Crime, Drama, Mystery",7.7,7,44386
Security,R,88,"Action, Crime, Thriller",5.7,10,19286
Lilo & Stitch,PG,85,"Animation, Adventure, Comedy",7.3,12,190010
Perfect Blue,R,81,"Animation, Crime, Drama",8.0,10,75641
The Boondocks,TV-MA,22,"Animation, Action, Comedy",8.5,7,30847
The Firm,R,154,"Drama, Mystery, Thriller",6.8,10,135029
Another Self,TV-MA,50,"Drama, Romance",6.3,7,3124
Mob Psycho 100,TV-14,24,"Animation, Action, Comedy",8.6,7,30081
The Invisible Guest,TV-MA,106,"Crime, Drama, Mystery",8.0,10,174610
Glitch,TV-MA,45,"Drama, Horror, Sci-Fi",7.2,7,18276
Night Teeth,TV-14,107,"Action, Crime, Drama",5.6,10,18285
Jurassic Park III,PG-13,92,"Action, Adventure, Sci-Fi",5.9,10,321937
Bad Teacher,R,92,"Comedy, Romance",5.6,10,203437
The Snowman,R,119,"Crime, Drama, Thriller",5.1,10,64629
Fuller House,TV-G,30,"Comedy, Family",6.7,7,27643
The Kissing Booth,TV-14,105,"Comedy, Romance",5.9,10,83980
No One Gets Out Alive,R,87,"Drama, Horror, Mystery",5.3,10,15996
Ludik,TV-MA,60,"Crime, Drama",5.4,7,412
Conan the Barbarian,R,113,"Action, Adventure, Fantasy",5.1,10,99364
The Weekend Away,TV-14,89,"Crime, Drama, Mystery",5.6,10,23932
1922,TV-MA,102,"Crime, Drama, Horror",6.2,10,63582
A Jazzman's Blues,R,127,Drama,6.0,10,189
Ash vs Evil Dead,TV-MA,30,"Action, Comedy, Fantasy",8.4,7,73097
The Fate of the Furious,PG-13,136,"Action, Crime, Thriller",6.6,10,231142
Kingdom,TV-MA,43,"Drama, Sport",8.5,7,18196
Versailles,TV-MA,52,"Biography, Drama, History",7.9,7,16726
Code Geass,TV-14,24,"Animation, Action, Drama",8.7,7,67510
My Neighbor Totoro,G,86,"Animation, Comedy, Family",8.1,10,335557
Green Room,R,95,"Crime, Drama, Horror",7.0,10,123286
The Last Dance,TV-MA,491,"Documentary, Biography, History",9.1,7,119768
Serendipity,PG-13,90,"Comedy, Romance",6.8,10,113554
Blue Mountain State,TV-MA,22,"Comedy, Sport",8.3,7,53845
Black Summer,TV-MA,40,"Action, Drama, Horror",6.5,7,29824
127 Hours,R,94,"Biography, Drama",7.6,10,375723
The Founder,PG-13,115,"Biography, Drama",7.2,10,150116
Black Crab,TV-MA,114,"Action, Adventure, Drama",5.6,10,20283
12 Monkeys,TV-14,42,"Adventure, Drama, Mystery",7.7,7,44864
Murder Mystery,PG-13,97,"Action, Comedy, Crime",6.0,10,127206
Dota: Dragon's Blood,TV-MA,25,"Animation, Action, Adventure",7.8,7,19110
The Defenders,TV-MA,50,"Action, Adventure, Crime",7.2,7,106814
Manhunt,TV-14,60,"Biography, Crime, Drama",8.1,7,59078
Hunt for the Wilderpeople,PG-13,101,"Adventure, Comedy, Drama",7.8,10,130345
What Happened to Monday,TV-MA,123,"Action, Crime, Fantasy",6.8,10,122876
Kate,R,106,"Action, Adventure, Crime",6.2,10,61030
The Client,PG-13,119,"Crime, Drama, Mystery",6.7,10,66825
As Good as It Gets,PG-13,139,"Comedy, Drama, Romance",7.7,10,298034
Below Deck,TV-14,43,Reality-TV,7.4,7,3541
The Mitchells vs the Machines,PG,114,"Animation, Adventure, Comedy",7.6,12,106685
300: Rise of an Empire,R,102,"Action, Drama",6.2,10,300895
Against the Ice,TV-MA,102,"Adventure, Drama, History",6.5,10,21943
Maniac,TV-MA,386,"Comedy, Drama, Sci-Fi",7.7,7,78151
Clark,TV-MA,362,"Action, Comedy, Crime",7.4,7,9365
The A-Team,PG-13,117,"Action, Adventure, Thriller",6.7,10,258955
The Danish Girl,R,119,"Biography, Drama, Romance",7.1,10,185277
Deliver Us from Evil,R,118,"Action, Adventure, Crime",6.2,10,77685
Escape Room: Tournament of Champions,PG-13,88,"Action, Adventure, Horror",5.7,10,44400
Jeepers Creepers III,Not Rated,100,Horror,3.9,10,22397
The Order,TV-MA,60,"Drama, Fantasy, Horror",6.7,7,28610
Intrusion,TV-14,92,"Drama, Thriller",5.2,10,17071
Who Killed Sara?,TV-MA,40,"Crime, Drama, Mystery",6.4,7,14316
Fractured,TV-MA,99,Thriller,6.4,10,74728
The Secret Life of Pets,PG,87,"Animation, Adventure, Comedy",6.5,10,201790
Jurassic World: Camp Cretaceous,TV-PG,24,"Animation, Action, Adventure",7.5,7,8774
Brazen,TV-14,94,"Crime, Drama, Mystery",4.1,10,12120
Love,TV-MA,50,"Comedy, Drama, Romance",7.7,7,42755
Spartacus,PG-13,197,"Adventure, Biography, Drama",7.9,10,134933
Under the Dome,TV-14,43,"Drama, Mystery, Sci-Fi",6.5,7,106485
Rebecca,PG-13,123,"Drama, Mystery, Romance",6.0,10,41997
Fantasy Island,PG-13,109,"Fantasy, Horror, Mystery",4.9,10,52319
Utopia,TV-MA,50,"Drama, Mystery, Sci-Fi",8.4,7,46783
The Bad Batch,R,118,"Action, Horror, Mystery",5.2,10,31725
Marco Polo,TV-MA,60,"Action, Adventure, Drama",8.0,7,72672
Locke,R,85,Drama,7.1,10,150008
Below Zero,TV-MA,106,"Action, Adventure, Crime",6.2,10,19509
Insatiable,TV-MA,45,"Comedy, Drama, Thriller",6.5,7,28595
First Kill,TV-MA,60,"Drama, Horror, Mystery",6.4,7,25843
The Festival of Troubadours,TV-14,102,Drama,5.9,10,1733
Family Secrets,TV-MA,50,"Comedy, Drama, Romance",5.9,7,333
Awakenings,PG-13,121,"Biography, Drama",7.8,10,141037
Fullmetal Alchemist: The Revenge of Scar,TV-14,125,"Action, Adventure, Fantasy",5.3,10,1238
The Kominsky Method,TV-MA,30,"Comedy, Drama",8.2,7,39741
I Am a Killer,TV-MA,52,"Documentary, Crime",7.4,7,4287
The Trial of the Chicago 7,R,129,"Drama, History, Thriller",7.7,10,175568
Slasher,Not Rated,60,"Crime, Drama, Horror",6.7,7,14543
Ragnarok,TV-MA,45,"Action, Drama, Fantasy",7.5,7,37517
Triple Frontier,R,125,"Action, Thriller",6.4,10,128044
Lord of War,R,122,"Crime, Drama",7.6,10,316908
Planet of the Apes,G,112,"Adventure, Sci-Fi",8.0,10,179986
The Society,TV-MA,58,"Drama, Mystery, Sci-Fi",7.1,7,29809
Noah,PG-13,138,"Action, Adventure, Drama",5.8,10,255168
Hachi: A Dog's Tale,G,93,"Biography, Drama, Family",8.1,10,283263
Frontier,TV-MA,60,"Adventure, Drama, History",7.1,7,21360
Gunpowder Milkshake,R,114,"Action, Crime, Thriller",6.0,10,43839
Athena,R,99,"Action, Drama, Thriller",7.0,10,579
The Office Blind Date,TV-14,60,"Comedy, Drama, Romance",8.1,7,9892
Ender's Game,PG-13,114,"Action, Adventure, Sci-Fi",6.6,10,240470
God's Favorite Idiot,TV-MA,30,"Comedy, Fantasy",5.7,7,5384
Choose or Die,MA-17,84,"Drama, Horror, Thriller",4.7,10,20030
Moesha,TV-PG,30,"Comedy, Drama, Family",5.8,7,3798
Dirty John,TV-14,44,"Crime, Drama",7.2,7,21809
Unorthodox,TV-MA,53,Drama,8.0,7,78975
Indian Predator: The Butcher of Delhi,TV-MA,125,"Documentary, Crime, History",6.0,7,2058
Rango,PG,107,"Animation, Action, Adventure",7.2,10,264146
To All the Boys I've Loved Before,TV-14,99,"Comedy, Drama, Romance",7.0,10,107043
Hannah Montana,TV-G,23,"Comedy, Family, Music",5.2,7,40470
His House,TV-14,93,"Drama, Horror, Thriller",6.5,10,41196
You're Next,R,95,"Horror, Thriller",6.5,10,99371
Seoul Vibe,TV-MA,138,"Action, Comedy, Crime",5.5,10,1224
Spy Kids,PG,88,"Action, Adventure, Comedy",5.6,10,117739
I Am Not Okay with This,TV-MA,30,"Comedy, Drama, Fantasy",7.5,7,60738
Young Royals,TV-MA,50,"Drama, Romance",8.3,7,30076
Flashdance,R,95,"Drama, Music, Romance",6.2,10,53738
Eurovision Song Contest: The Story of Fire Saga,PG-13,123,"Comedy, Musical",6.5,10,93701
Gangubai Kathiawadi,TV-MA,152,"Biography, Crime, Drama",7.0,10,54207
Brand New Cherry Flavor,TV-MA,342,"Drama, Horror, Mystery",7.1,7,15476
Impractical Jokers,TV-14,30,"Comedy, Reality-TV",8.6,7,40287
Haikyu!!,TV-14,24,"Animation, Comedy, Drama",8.7,7,24721
It's Okay to Not Be Okay,TV-MA,80,"Comedy, Drama, Romance",8.6,7,23471
There's Someone Inside Your House,TV-MA,96,"Horror, Mystery, Thriller",4.8,10,16059
Sweet Home,TV-MA,52,"Drama, Fantasy, Horror",7.3,7,21055
The Dictator,R,83,Comedy,6.4,10,305686
Peppa Pig,TV-Y,9,"Animation, Adventure, Comedy",6.3,7,5171
Love Hard,TV-MA,104,"Comedy, Romance",6.3,10,50967
Hometown Cha-Cha-Cha,TV-14,70,"Comedy, Romance",8.4,7,12059
The Tourist,PG-13,103,"Action, Thriller",6.0,10,243244
Teen Titans Go!,TV-PG,10,"Animation, Short, Action",5.4,7,21432
Set It Up,TV-14,105,"Comedy, Romance",6.5,10,53464
Happy!,TV-MA,60,"Action, Comedy, Crime",8.1,7,38841
Home Team,PG,95,"Comedy, Sport",6.0,12,18459
H2O: Just Add Water,TV-PG,23,"Drama, Family, Fantasy",7.2,7,15477
Bill & Ted Face the Music,PG-13,91,"Adventure, Comedy, Music",5.9,10,46881
Untitled Kanye West Documentary,Not Rated,93,"Documentary, Music",8.6,12,1041
Scream: The TV Series,TV-14,45,"Comedy, Crime, Drama",7.1,7,41077
Z Nation,TV-14,44,"Action, Comedy, Drama",6.7,7,36710
Escape Plan,R,115,"Action, Thriller",6.7,10,242838
Hellbound,TV-MA,150,"Crime, Drama, Fantasy",6.6,7,23866
Mank,R,131,"Biography, Comedy, Drama",6.8,10,74186
Sacred Games,TV-MA,50,"Action, Crime, Drama",8.5,7,87403
In the Shadow of the Moon,TV-MA,115,"Action, Crime, Mystery",6.2,10,53157
Are You Afraid of the Dark?,TV-PG,30,"Drama, Fantasy, Horror",8.2,7,15062
News of the World,PG-13,118,"Action, Adventure, Drama",6.8,10,86396
The Meyerowitz Stories,TV-MA,112,"Comedy, Drama",6.9,10,49217
The Windsors,TV-MA,30,Comedy,7.1,7,2783
Hemlock Grove,TV-MA,46,"Drama, Fantasy, Horror",7.0,7,40283
The Mauritanian,R,129,"Biography, Drama, Thriller",7.4,10,51115
Royalteen,TV-MA,107,"Drama, Romance",5.3,12,1566
Kota Factory,TV-14,45,"Comedy, Drama",9.1,7,71138
Honest Thief,PG-13,99,"Action, Thriller",6.0,10,50172
How It Ends,TV-MA,113,"Action, Drama, Mystery",5.0,10,53299
Triple 9,R,115,"Action, Crime, Thriller",6.3,10,72474
Too Hot to Handle,TV-MA,40,"Game-Show, Reality-TV, Romance",4.7,7,12484
My Name,TV-MA,50,"Action, Crime, Drama",7.8,7,20967
Parallel Mothers,R,123,Drama,7.1,10,28112
Clickbait,TV-MA,368,"Crime, Drama, Mystery",7.2,7,52589
The Little Mermaid,PG,85,"Adventure, Drama, Fantasy",4.2,12,9050
The Innocent,TV-MA,467,"Crime, Drama, Mystery",7.8,7,30505
Till Death,R,88,Thriller,5.8,10,21221
Criminal: UK,TV-MA,43,"Crime, Drama, Mystery",7.6,7,18693
Master of None,TV-MA,30,"Comedy, Drama",8.2,7,73214
Knightfall,TV-14,60,"Action, Adventure, Drama",6.8,7,20356
The Babysitter: Killer Queen,TV-MA,101,"Comedy, Horror",5.8,10,39725
Easy,TV-MA,30,Comedy,6.9,7,13814
Party of Five,TV-PG,60,"Drama, Family",6.8,7,10431
Living with Yourself,TV-MA,26,"Comedy, Drama, Sci-Fi",7.2,7,31253
The Last Letter from Your Lover,TV-MA,110,"Drama, Romance",6.7,10,17875
Jupiter's Legacy,TV-MA,56,"Action, Adventure, Drama",6.7,7,38387
Tokyo Revengers,TV-14,24,"Animation, Action, Drama",8.1,7,15752
Sword Art Online,TV-14,24,"Animation, Action, Adventure",7.6,7,45397
Okja,TV-MA,120,"Action, Adventure, Drama",7.3,10,121183
Another Life,TV-MA,43,"Adventure, Drama, Mystery",5.2,7,35855
The Musketeers,TV-14,55,"Adventure, Drama",7.8,7,22376
MILF,TV-MA,101,Comedy,4.8,10,6369
Steins;Gate,TV-14,24,"Animation, Comedy, Drama",8.8,7,61150
Roma,R,135,Drama,7.7,10,157396
The Thundermans,TV-G,23,"Action, Comedy, Drama",5.6,7,5668
Homefront,R,100,"Action, Crime, Thriller",6.5,10,120729
The Politician,TV-14,42,"Comedy, Drama",7.5,7,22532
The Guernsey Literary and Potato Peel Pie Society,TV-14,124,"Drama, Romance, War",7.3,10,46544
Cosmos: A Spacetime Odyssey,TV-PG,557,Documentary,9.3,7,121400
The Hand of God,R,130,Drama,7.3,10,41588
The Dig,PG-13,112,"Biography, Drama, History",7.1,10,74270
The Ten Commandments,G,220,"Adventure, Drama, Family",7.9,10,71119
Hotel Mumbai,R,123,"Action, Drama, History",7.6,10,63979
Southpaw,R,124,"Action, Crime, Drama",7.3,10,236533
Safe,TV-MA,356,"Crime, Drama, Mystery",7.2,7,43443
Twenty Five Twenty One,TV-14,70,"Drama, Romance",8.6,7,6849
Young Guns II,PG-13,104,"Action, Western",6.5,10,36404
Maggie,PG-13,95,"Drama, Horror, Sci-Fi",5.6,10,44549
Salem,TV-MA,60,"Drama, Fantasy, Horror",7.1,7,23955
Revenge,R,108,"Action, Horror, Thriller",6.4,10,43575
Pixels,PG-13,105,"Action, Comedy, Fantasy",5.6,10,144672
Step Up,PG-13,104,"Crime, Drama, Music",6.5,10,119288
Guardian: The Lonely and Great God,TV-14,120,"Comedy, Drama, Fantasy",8.6,7,20760
Pose,TV-MA,60,Drama,8.6,7,29019
Tommy Boy,PG-13,97,"Adventure, Comedy",7.1,10,87921
ZeroZeroZero,TV-MA,60,"Crime, Drama, Thriller",8.2,7,25048
Gypsy,TV-MA,51,"Drama, Thriller",6.8,7,16552
The Challenge,TV-14,60,"Adventure, Game-Show, Reality-TV",7.8,7,3454
I Am All Girls,TV-MA,107,"Crime, Drama, Mystery",5.9,10,6139
Dark Places,R,113,"Crime, Drama, Mystery",6.2,10,45465
Mushoku Tensei: Jobless Reincarnation,TV-14,24,"Animation, Action, Adventure",8.4,7,10155
Jaws 2,PG,116,"Adventure, Horror, Thriller",5.8,10,78737
Hollywood,TV-MA,347,"Drama, History",7.5,7,36652
Kaguya-sama: Love is War,TV-14,24,"Animation, Comedy, Romance",8.6,7,13237
Running with the Devil: The Wild World of John McAfee,TV-MA,105,"Documentary, Crime",5.9,10,2551
Blood Red Sky,TV-MA,121,"Action, Adventure, Drama",6.1,10,48309
Selling Sunset,TV-MA,30,Reality-TV,6.5,7,6584
The Lucky One,PG-13,101,"Drama, Mystery, Romance",6.4,10,108807
F Is for Family,TV-MA,30,"Animation, Comedy, Drama",8.0,7,37225
Stowaway,TV-MA,116,"Adventure, Sci-Fi, Thriller",5.6,10,46158
Dirk Gently's Holistic Detective Agency,TV-14,60,"Action, Adventure, Comedy",8.2,7,51064
Formula 1: Drive to Survive,TV-MA,40,"Documentary, Sport",8.6,7,39632
Apostle,TV-MA,130,"Drama, Fantasy, Horror",6.3,10,52870
CHIPS,R,100,"Action, Comedy, Crime",6.0,10,48181
The Protector,TV-MA,40,"Action, Fantasy, Sci-Fi",6.5,7,34809
Rise of the Teenage Mutant Ninja Turtles: The Movie,TV-Y7,82,"Animation, Action, Adventure",5.9,12,3955
Finding Dory,PG,97,"Animation, Adventure, Comedy",7.3,12,274280
The Next Three Days,PG-13,133,"Action, Crime, Drama",7.3,10,197126
Human Resources,TV-MA,30,"Animation, Comedy, Romance",7.2,7,6188
101 Dalmatians,G,103,"Adventure, Comedy, Crime",5.7,10,111407
Desperado,R,104,"Action, Crime, Thriller",7.1,10,186134
Vivo,PG,95,"Animation, Adventure, Comedy",6.6,12,18809
Deepwater Horizon,PG-13,107,"Action, Drama, History",7.1,10,168678
Goosebumps,TV-Y7,22,"Fantasy, Horror, Mystery",7.6,7,13649
Out of the Furnace,R,116,"Action, Crime, Drama",6.7,10,116319
The Promised Neverland,TV-14,23,"Animation, Action, Adventure",8.3,7,37094
Everything Sucks!,TV-14,30,"Comedy, Drama",7.5,7,19872
Inside the Mind of a Cat,TV-PG,67,Documentary,6.9,10,3395
The Defeated,TV-MA,45,"Drama, History, Thriller",7.0,7,6344
The Ugly Truth,R,96,"Comedy, Romance",6.4,10,219132
The Suite Life of Zack & Cody,TV-G,30,"Comedy, Family",6.5,7,36629
Nanatsu no taizai,TV-14,24,"Animation, Action, Adventure",7.9,7,31725
Alias Grace,TV-MA,267,"Biography, Crime, Drama",7.7,7,32897
The DUFF,PG-13,101,"Comedy, Romance",6.4,10,94704
Toscana,TV-MA,90,"Drama, Romance",5.7,10,6917
Kung Fu Panda 3,PG,95,"Animation, Action, Adventure",7.1,12,158187
Keeping Up with the Kardashians,TV-14,44,"Drama, Family, Reality-TV",2.8,7,29990
Vikingane,TV-MA,30,"Comedy, History",7.7,7,18768
Rise of the Teenage Mutant Ninja Turtles,TV-Y7-FV,22,"Animation, Action, Adventure",5.1,7,3965
Verónica,TV-MA,105,Horror,6.2,10,41818
The Quick and the Dead,R,108,"Action, Romance, Thriller",6.5,10,94644
Death Note,TV-MA,101,"Crime, Drama, Fantasy",4.5,10,84893
Shattered,R,92,Thriller,5.0,10,3207
The Midnight Sky,PG-13,118,"Adventure, Drama, Sci-Fi",5.6,10,83059
Force of Nature,R,91,"Crime, Drama, Thriller",4.5,10,11369
Scary Movie V,PG-13,86,Comedy,3.5,12,71952
How to Train Your Dragon: The Hidden World,PG,104,"Animation, Action, Adventure",7.4,10,127862
Coroner,TV-MA,60,"Crime, Drama, Mystery",6.7,7,4494
Vis a vis,TV-MA,53,"Drama, Thriller",8.2,7,22298
Death Wish,R,107,"Action, Crime, Drama",6.3,10,72384
Oz the Great and Powerful,PG,130,"Adventure, Family, Fantasy",6.3,10,208176
Sand Castle,TV-MA,113,"Action, Drama, War",6.3,10,23637
Easy Rider,R,95,"Adventure, Drama",7.3,10,110079
Torchwood,TV-MA,50,"Action, Drama, Mystery",7.7,7,41119
Malcolm & Marie,R,106,"Drama, Romance",6.6,6,37062
Ponyo,G,101,"Animation, Adventure, Comedy",7.6,10,143199
Hypnotic,TV-14,88,"Mystery, Thriller",5.3,12,16263
Holidate,TV-MA,104,"Comedy, Romance",6.1,10,64848
"Boo, Bitch",TV-14,202,Comedy,5.8,7,3457
3%,TV-MA,49,"Action, Drama, Sci-Fi",7.3,7,25700
The In Between,PG-13,115,"Drama, Romance, Sci-Fi",5.9,10,7652
College Romance,TV-MA,30,"Comedy, Drama, Romance",8.4,7,26513
The Silent Sea,TV-MA,45,"Adventure, Drama, Mystery",6.9,7,20373
Cursed,TV-MA,60,"Adventure, Drama, Fantasy",5.9,7,30298
I See You,R,98,"Crime, Drama, Horror",6.8,10,49300
What/If,TV-14,55,"Drama, Thriller",6.3,7,15483
We Can Be Heroes,PG,100,"Action, Comedy, Drama",4.7,10,14971
Descendants of the Sun,TV-14,60,"Action, Comedy, Drama",8.3,7,16031
Begin Again,R,104,"Comedy, Drama, Music",7.4,10,156482
The Human Centipede 2 (Full Sequence),Not Rated,91,Horror,3.8,10,39094
The Croods,PG,98,"Animation, Adventure, Comedy",7.2,12,214351
Don't Be a Menace to South Central While Drinking Your Juice in the Hood,R,89,"Comedy, Crime",6.5,10,55787
Money Heist: Korea - Joint Economic Area,TV-MA,60,"Action, Crime, Drama",5.3,7,5791
Mirage,TV-MA,128,"Drama, Fantasy, Mystery",7.4,10,55701
Baki,TV-MA,45,"Animation, Action, Drama",6.7,7,6333
Project Power,R,113,"Action, Crime, Sci-Fi",6.0,12,88089
Call My Agent!,TV-MA,52,"Comedy, Drama",8.3,7,14448
To the Lake,TV-MA,48,"Drama, Sci-Fi, Thriller",7.2,7,13051
Erased,TV-14,264,"Animation, Drama, Fantasy",8.5,7,46215
The Cloverfield Paradox,PG-13,102,"Action, Horror, Sci-Fi",5.5,10,105228
Messiah,TV-MA,43,"Drama, Mystery, Thriller",7.6,7,43128
Heist,R,93,"Action, Crime, Drama",6.1,10,30618
Miracle in Cell No. 7,TV-14,132,Drama,8.2,10,48567
Blue Jasmine,PG-13,98,"Comedy, Drama",7.3,10,202975
American Vandal,TV-MA,34,"Comedy, Crime, Drama",8.1,7,30797
The Wrong Missy,TV-MA,90,"Comedy, Romance",5.7,10,39860
Mr. Sunshine,TV-MA,80,"Action, Drama, History",8.7,7,7620
Alice Through the Looking Glass,PG,113,"Adventure, Family, Fantasy",6.1,10,108693
The Trip,TV-MA,113,"Action, Comedy, Horror",6.9,10,21751
Welcome to Eden,TV-MA,40,"Action, Drama, Sci-Fi",5.5,7,4529
L.A.'s Finest,TV-14,60,"Action, Comedy, Crime",6.1,7,7787
Extremely Loud & Incredibly Close,PG-13,129,"Adventure, Drama, Mystery",6.9,10,102189
The Italian Job,G,99,"Action, Comedy, Crime",7.2,10,46471
Along for the Ride,TV-14,106,"Drama, Romance",6.1,10,6370
Final Space,TV-14,30,"Animation, Action, Adventure",8.2,7,43494
Daybreak,TV-MA,60,"Action, Adventure, Comedy",6.7,7,20392
The Ice Road,PG-13,109,"Action, Adventure, Thriller",5.6,10,40567
Now You See Me 2,PG-13,129,"Action, Adventure, Comedy",6.4,10,287484
Father of the Bride Part 3 (ish),Not Rated,26,"Short, Family",6.9,10,1169
Forgotten,TV-MA,108,"Mystery, Thriller",7.4,10,33550
Hillbilly Elegy,R,116,Drama,6.7,10,42262
R.I.P.D.,PG-13,96,"Action, Adventure, Comedy",5.6,10,133188
Dirty Grandpa,R,102,Comedy,5.9,10,124037
Colony,TV-14,42,"Action, Adventure, Drama",7.3,7,36235
The Dark Crystal: Age of Resistance,TV-PG,60,"Adventure, Drama, Family",8.4,7,24798
High School DxD,TV-MA,23,"Animation, Action, Comedy",7.6,7,10667
Crashing,TV-MA,30,Comedy,7.7,7,21023
The Guardians of Justice (Will Save You!),TV-MA,30,"Animation, Action, Adventure",4.9,7,3177
Dogs in Space,TV-Y7,18,"Animation, Action, Adventure",7.1,7,693
Macbeth,R,113,"Drama, History, War",6.6,10,56963
White Girl,TV-MA,88,"Crime, Drama",5.7,10,10974
Skandal! Bringing Down Wirecard,TV-14,92,"Documentary, Crime",7.2,1,595
Friends from College,TV-MA,30,"Comedy, Drama",6.9,7,21028
Spenser Confidential,R,111,"Action, Comedy, Drama",6.2,10,88002
The F**k-It List,TV-MA,103,Comedy,5.1,10,6447
Chef's Table,TV-MA,50,Documentary,8.5,7,15573
Man Down,TV-MA,30,Comedy,7.6,7,4488
The Beauty Queen of Jerusalem,TV-MA,28,Drama,7.2,7,584
Insidious: Chapter 2,PG-13,106,"Horror, Mystery, Thriller",6.5,10,170491
Fruits Basket,TV-14,24,"Animation, Comedy, Drama",8.6,7,6270
Seven Seconds,TV-MA,60,"Crime, Drama",7.7,7,16561
Mechanic: Resurrection,R,98,"Action, Adventure, Crime",5.7,10,85193
Itaewon Class,TV-MA,70,"Drama, Romance",8.2,7,13538
The Vietnam War,TV-MA,990,"Documentary, History, War",9.1,7,24632
Downsizing,R,135,"Drama, Fantasy, Sci-Fi",5.7,10,110069
Serenity,R,106,"Drama, Mystery, Thriller",5.4,10,41427
Mirror Mirror,PG,106,"Adventure, Comedy, Drama",5.6,10,88003
You Don't Know Me,TV-MA,60,"Crime, Drama",6.8,7,5240
"Good Morning, Verônica",TV-MA,49,"Crime, Drama, Mystery",7.5,7,4505
Eli,R,98,"Drama, Horror, Mystery",5.8,10,36030
Dreamgirls,PG-13,130,"Drama, Music, Musical",6.6,10,74022
Bordertown,TV-MA,60,"Crime, Drama, Mystery",7.6,7,11049
Fabulous Lives of Bollywood Wives,TV-MA,35,"Documentary, Reality-TV, Romance",4.6,7,10077
Off the Hook,TV-MA,30,"Comedy, Romance",6.4,7,265
The Wolf of Snow Hollow,R,85,"Comedy, Horror, Mystery",6.2,10,20461
Girl From Nowhere,TV-MA,45,"Crime, Drama, Fantasy",7.6,7,4447
Cuckoo,TV-14,30,Comedy,7.2,7,9807
Still Game,TV-14,30,Comedy,8.9,7,7880
Total Recall,PG-13,118,"Action, Adventure, Sci-Fi",6.2,10,254640
Lilyhammer,TV-MA,45,"Comedy, Crime, Drama",7.9,7,29675
Winx Club,TV-Y7,25,"Animation, Action, Adventure",6.1,7,7005
The Adventures of Sharkboy and Lavagirl 3-D,PG,93,"Action, Adventure, Comedy",3.6,10,38137
Takers,PG-13,107,"Action, Crime, Drama",6.2,10,62903
Black Lightning,TV-14,43,"Action, Drama, Sci-Fi",6.1,7,25555
Tuca & Bertie,TV-MA,26,"Animation, Comedy",7.3,7,7337
The Lorax,PG,86,"Animation, Adventure, Comedy",6.4,12,112998
Velvet Buzzsaw,R,113,"Horror, Mystery, Thriller",5.7,10,61331
"Re: Zero, Starting Life in Another World",TV-14,24,"Animation, Adventure, Drama",8.1,7,18302
Bright,TV-MA,117,"Action, Fantasy, Thriller",6.3,10,188766
Swallow,R,94,"Drama, Thriller",6.5,10,23642
Colombiana,PG-13,108,"Action, Drama, Thriller",6.4,10,101670
StartUp,Not Rated,44,"Crime, Thriller",7.8,7,29045
Capitani,TV-MA,312,"Crime, Drama, Mystery",6.6,7,5386
Mother/Android,R,110,"Drama, Sci-Fi, Thriller",4.9,10,18609
Aileen Wuornos: American Boogeywoman,R,85,"Drama, Horror, Thriller",3.7,10,1667
Mercury Rising,R,111,"Action, Crime, Drama",6.1,10,74419
Murderville,TV-MA,33,"Comedy, Crime, Mystery",6.8,7,12015
The Highwaymen,R,132,"Biography, Crime, Drama",6.9,10,91163
Child's Play,R,90,"Drama, Horror, Sci-Fi",5.7,10,51894
Prey,TV-MA,87,"Adventure, Drama, Thriller",4.3,10,7747
Miss Fisher's Murder Mysteries,TV-PG,60,"Crime, Drama, History",8.2,7,16127
Roman Empire,TV-MA,48,"Documentary, Biography, Drama",7.0,7,7899
Child 44,R,137,"Crime, Drama, History",6.4,10,71468
The Rain,TV-MA,45,"Drama, Sci-Fi, Thriller",6.3,7,36959
Fatherhood,PG-13,109,"Comedy, Drama",6.6,10,37606
The Staircase,TV-MA,629,"Documentary, Crime, Drama",7.8,7,24588
86,TV-14,24,"Animation, Action, Drama",8.2,7,4465
You're Nothing Special,TV-MA,35,"Comedy, Fantasy",5.6,7,209
RuPaul's Secret Celebrity Drag Race,TV-14,63,"Game-Show, Reality-TV",6.8,7,1675
From Dusk Till Dawn: The Series,TV-MA,45,"Action, Crime, Fantasy",6.8,7,20612
Hold Tight,TV-MA,284,"Crime, Drama, Mystery",6.1,7,2662
Fairy Tail,TV-14,24,"Animation, Action, Adventure",7.9,7,24692
Fidelity,TV-MA,40,"Drama, Romance",6.4,7,1700
13: The Musical,PG,91,"Comedy, Drama, Family",5.2,10,595
Spy Kids 3: Game Over,PG,84,"Action, Adventure, Comedy",4.3,10,60653
All the Bright Places,TV-MA,107,"Drama, Romance",6.5,10,31536
A Classic Horror Story,TV-MA,95,"Drama, Horror, Mystery",5.7,12,18171
Resident Evil: The Final Chapter,R,107,"Action, Horror, Sci-Fi",5.5,10,94352
Once Upon a Time in Mexico,R,102,"Action, Crime, Thriller",6.3,10,162527
El Chapo,TV-MA,43,"Biography, Crime, Drama",7.8,7,18453
Continuum,TV-14,45,"Action, Sci-Fi, Thriller",7.6,7,61028
Worth,PG-13,118,"Biography, Drama, History",6.8,10,14516
This Is England,Not Rated,101,"Crime, Drama",7.7,10,122393
Eye See You,R,96,"Crime, Thriller",5.3,10,27280
Dr. Stone,TV-14,24,"Animation, Action, Adventure",8.1,7,19439
Kiki's Delivery Service,G,103,"Animation, Adventure, Family",7.8,10,143858
Awake,TV-MA,96,"Action, Adventure, Drama",4.9,10,21862
One Day at a Time,TV-PG,30,"Comedy, Drama",8.1,7,16483
Kyle XY,TV-14,60,"Drama, Mystery, Romance",7.5,7,29554
Power Rangers Dino Fury,TV-Y7,21,"Action, Adventure, Comedy",6.8,7,553
Mudbound,R,134,"Drama, War",7.4,10,49339
Zoo,TV-14,42,"Drama, Mystery, Sci-Fi",6.6,7,24869
"Hello, Goodbye and Everything in Between",TV-14,82,"Comedy, Drama, Romance",5.0,10,2725
Jo Koy: Live from the Los Angeles Forum,TV-MA,74,Comedy,7.2,4,419
The Dragon Prince,TV-Y7,26,"Animation, Action, Adventure",8.4,7,22684
Killjoys,TV-MA,42,"Action, Adventure, Sci-Fi",7.2,7,22283
Eagle Eye,PG-13,118,"Action, Mystery, Thriller",6.6,10,187292
Oxygen,TV-14,100,"Drama, Fantasy, Sci-Fi",6.5,10,38611
Passing,PG-13,98,Drama,6.7,10,14513
#Alive,TV-MA,98,"Action, Drama, Horror",6.3,10,39285
Late Night,R,102,"Comedy, Drama",6.5,10,37701
The Shack,PG-13,132,"Drama, Fantasy",6.2,10,36034
Sweet Girl,R,110,"Action, Drama, Thriller",5.5,10,31856
The Devil's Own,R,111,"Action, Crime, Drama",6.2,10,66112
Fawlty Towers,TV-PG,30,Comedy,8.8,7,92910
The Forest,TV-MA,313,"Crime, Drama",7.2,7,10638
This Means War,PG-13,103,"Action, Comedy, Romance",6.3,10,186896
The Spy,TV-MA,53,"Drama, History",7.9,7,42038
In from the Cold,TV-MA,42,"Action, Crime, Drama",6.2,7,7572
The Day the Earth Stood Still,PG-13,104,"Adventure, Drama, Sci-Fi",5.5,10,171003
Smokin' Aces,R,108,"Action, Comedy, Crime",6.6,10,145893
Unknown,PG-13,113,"Action, Mystery, Thriller",6.8,10,261643
An Easy Girl,TV-MA,92,"Comedy, Drama",5.6,10,5226
The Ghost Writer,PG-13,128,"Crime, Drama, Mystery",7.2,10,164272
What's Wrong with Secretary Kim,TV-G,60,"Comedy, Mystery, Romance",8.1,7,12281
Tomorrow,TV-14,60,"Action, Comedy, Drama",7.8,7,9161
Undercover,TV-MA,50,"Crime, Drama, Thriller",7.8,7,17309
In the Tall Grass,TV-MA,101,"Horror, Mystery, Sci-Fi",5.4,10,56339
Finding 'Ohana,PG,123,"Action, Adventure, Comedy",6.1,10,10225
Live by Night,R,129,"Action, Thriller",6.4,10,57377
Last Man Down,R,87,"Action, Sci-Fi",4.3,10,13092
Someone Great,R,92,"Comedy, Romance",6.1,10,22717
Lost Girls,R,95,"Crime, Drama, Mystery",6.1,10,21978
Pine Gap,TV-MA,360,"Drama, Mystery, Thriller",7.1,7,5163
Karppi,TV-MA,45,"Crime, Drama, Mystery",7.3,7,9473
The Midnight Gospel,TV-MA,23,"Animation, Adventure, Comedy",8.2,7,18939
Snabba Cash,TV-MA,52,"Action, Crime, Drama",7.6,7,8775
Fresh Meat,TV-MA,50,"Comedy, Drama",7.8,7,17984
Thunder Force,PG-13,106,"Action, Adventure, Comedy",4.5,10,41955
Fear Street: Part Three - 1666,R,114,"Horror, Mystery",6.6,10,52059
Limitless,TV-14,42,"Comedy, Crime, Drama",7.6,7,67426
Alba,TV-MA,50,Drama,6.4,7,1351
Greenleaf,TV-14,60,Drama,7.4,7,5311
The Silence,PG-13,90,"Drama, Horror, Sci-Fi",5.3,10,45389
Rumor Has It...,PG-13,97,"Comedy, Drama, Romance",5.5,10,58670
Malcolm X,PG-13,202,"Biography, Drama, History",7.7,10,94756
The Great Gatsby,PG,144,"Drama, Romance",6.4,10,25241
Red Riding Hood,PG-13,100,"Fantasy, Horror, Mystery",5.4,10,112459
Devilman: Crybaby,TV-MA,25,"Animation, Action, Drama",7.6,7,20303
Salvation,TV-14,43,"Drama, Sci-Fi, Thriller",6.9,7,22443
Black Spot,TV-MA,52,"Crime, Drama, Horror",7.4,7,11502
Hell's Kitchen,TV-14,42,"Game-Show, Reality-TV",7.1,7,20887
Calibre,TV-MA,101,"Drama, Thriller",6.8,10,29430
Violet Evergarden,TV-14,24,"Animation, Drama, Fantasy",8.4,7,21825
Two Summers,TV-MA,45,"Drama, Thriller",6.8,7,3319
Hot Girls Wanted,TV-MA,84,Documentary,6.1,12,17679
Klaus,PG,96,"Animation, Adventure, Comedy",8.1,12,146975
Boyka: Undisputed,R,86,"Action, Drama, Sport",6.9,10,29267
Before I Wake,PG-13,97,"Drama, Fantasy, Horror",6.2,10,46899
Fenced In,TV-MA,110,"Comedy, Family, Fantasy",4.4,10,399
Love & Anarchy,TV-MA,30,"Comedy, Drama, Romance",7.4,7,9989
Spinning Out,TV-MA,48,"Drama, Sport",7.6,7,14613
Intimacy,TV-MA,50,"Crime, Drama",6.8,7,2367
Horse Girl,R,103,"Drama, Mystery, Thriller",5.9,10,17923
Love & Gelato,TV-14,110,"Comedy, Drama, Romance",5.1,10,4869
Ezel,TV-14,90,"Crime, Drama, Thriller",8.7,7,32693
Operation Finale,PG-13,122,"Biography, Drama, History",6.6,10,42606
Wanderlust,TV-MA,60,Drama,7.0,7,5435
Start-Up,TV-14,80,"Comedy, Drama, Romance",8.0,7,10280
To the Bone,TV-MA,107,Drama,6.8,10,49505
The Red Sea Diving Resort,TV-MA,129,"Drama, History, Thriller",6.6,10,29469
Troy: Fall of a City,TV-MA,60,"Action, Adventure, Fantasy",3.9,7,14059
The Infiltrator,R,127,"Biography, Crime, Drama",7.0,10,74191
Hotel Transylvania 3: Summer Vacation,PG,97,"Animation, Adventure, Comedy",6.3,10,73751
Cable Girls,TV-14,50,Drama,7.5,7,14548
You Get Me,TV-MA,89,"Crime, Drama, Romance",4.7,10,13225
The Perfection,TV-MA,90,"Drama, Horror, Music",6.2,10,43524
Isekai Ojisan,TV-MA,24,"Animation, Comedy, Fantasy",7.4,7,489
The K2,TV-14,60,"Drama, Romance, Thriller",7.8,7,6554
Anon,TV-MA,100,"Crime, Mystery, Sci-Fi",6.1,10,44630
Super Dark Times,Not Rated,103,"Crime, Drama, Horror",6.6,10,23376
Malevolent,TV-MA,89,"Horror, Mystery, Thriller",4.8,10,14116
"See No Evil, Hear No Evil",R,103,"Comedy, Crime",6.8,10,54756
She-Ra and the Princesses of Power,TV-Y7-FV,30,"Animation, Action, Adventure",7.9,7,15996
The Gift,TV-MA,40,"Drama, Fantasy, Mystery",7.0,7,22064
The War of the Worlds,TV-14,48,"Drama, History, Sci-Fi",5.1,7,9281
The Tinder Swindler,TV-MA,114,"Documentary, Crime",7.1,10,64227
World on Fire,TV-14,57,"Drama, War",7.2,7,5267
The King: Eternal Monarch,TV-14,70,"Fantasy, Mystery, Romance",8.1,7,11564
Rust and Bone,R,120,"Drama, Romance",7.4,10,67766
22 July,R,143,"Crime, Drama, History",6.8,10,34106
Baby,TV-MA,50,Drama,6.8,7,11399
The SpongeBob Movie: Sponge on the Run,PG,91,"Animation, Adventure, Comedy",5.9,10,18264
Dumbo,G,64,"Animation, Adventure, Drama",7.2,22,131896
Jaadugar,TV-14,167,"Comedy, Drama, Fantasy",7.0,10,9354
Alexa & Katie,TV-Y7,25,"Comedy, Drama",7.4,7,5036
The Painted Veil,PG-13,125,"Drama, Romance",7.4,10,93122
That Time I Got Reincarnated as a Slime,TV-PG,25,"Animation, Action, Adventure",8.2,7,10271
Deadly Class,TV-MA,60,"Action, Adventure, Comedy",7.5,7,17740
Dangerous,R,99,"Action, Thriller",5.1,10,6128
I Spit on Your Grave 2,R,106,"Horror, Thriller",5.7,10,30034
SAS: Red Notice,R,124,"Action, Thriller",5.2,10,18605
My Little Pony: Friendship Is Magic,TV-Y,22,"Animation, Adventure, Comedy",7.6,7,21074
The Figo Affair: The Transfer that Changed Football,TV-MA,105,"Documentary, Sport",7.1,12,3044
Raising Dion,TV-G,50,"Drama, Sci-Fi",7.1,7,15055
Chappelle's Show,TV-MA,22,"Comedy, Music",8.8,7,64313
Cam,TV-MA,94,"Drama, Horror, Mystery",5.9,10,32081
Eternally Confused and Eager for Love,TV-MA,22,"Comedy, Romance",6.7,7,1866
Taken 3,PG-13,108,"Action, Crime, Thriller",6.0,10,192711
Better Watch Out,R,89,"Comedy, Horror, Thriller",6.5,10,38454
Away,TV-14,50,"Drama, Romance, Sci-Fi",6.6,7,24095
The Wind Rises,PG-13,126,"Animation, Biography, Drama",7.7,10,85688
The Bletchley Circle,TV-14,45,"Crime, Drama, History",7.9,7,12671
Miss Bala,PG-13,104,"Action, Crime, Drama",5.8,10,11438
Mowgli: Legend of the Jungle,PG-13,104,"Adventure, Drama, Fantasy",6.5,10,62142
Fire Force,TV-14,23,"Animation, Action, Drama",7.6,7,7213
Keep Sweet: Pray and Obey,TV-MA,192,"Documentary, Crime",7.3,7,11304
Castle in the Sky,PG,125,"Animation, Adventure, Family",8.0,10,165884
The Package,TV-MA,94,"Comedy, Thriller",5.5,10,18386
Wish Dragon,PG,98,"Animation, Adventure, Comedy",7.2,10,26608
A Model Family,TV-MA,45,"Crime, Drama, Thriller",6.6,7,818
The Professor and the Madman,Not Rated,124,"Biography, Drama, History",7.2,10,46052
Nausicaä of the Valley of the Wind,PG,117,"Animation, Adventure, Sci-Fi",8.0,10,168797
Masters of the Universe: Revelation,TV-PG,25,"Animation, Action, Adventure",5.3,7,26753
Circle,Not Rated,87,"Drama, Horror, Mystery",6.0,12,56467
Deadly Illusions,R,114,"Drama, Thriller",3.7,10,12204
The Outsider,TV-MA,120,"Action, Crime, Drama",6.2,10,26027
On My Block,TV-14,30,"Comedy, Drama",7.9,7,16542
Going in Style,PG-13,96,"Comedy, Crime",6.6,10,85654
The Hardy Boys,TV-PG,45,"Adventure, Drama, Family",7.0,7,2450
Dumplin',PG-13,110,"Comedy, Drama",6.5,10,34117
Black Money Love,TV-MA,90,"Action, Crime, Drama",7.5,7,6390
The Ridiculous 6,TV-14,119,"Action, Adventure, Comedy",4.8,10,49602
Happiness,TV-14,65,"Action, Fantasy, Horror",7.9,7,5494
Paradise PD,TV-MA,28,"Animation, Action, Comedy",6.8,7,19109
Wine Country,R,103,"Adventure, Comedy, Drama",5.4,10,21441
Planes,PG,91,"Animation, Adventure, Comedy",5.7,10,45527
Sharknado,Not Rated,86,"Action, Adventure, Comedy",3.3,10,49890
Step Up 2: The Streets,PG-13,98,"Drama, Music, Romance",6.2,10,87797
The Witcher: Nightmare of the Wolf,TV-MA,83,"Animation, Action, Adventure",7.2,10,43497
Abducted in Plain Sight,TV-14,91,"Documentary, Crime",6.8,10,19558
The Promise,PG-13,133,"Action, Adventure, Drama",6.0,10,176299
Don't Listen,TV-MA,97,"Adventure, Drama, Horror",6.1,10,14263
When We First Met,TV-14,97,"Comedy, Fantasy, Romance",6.4,10,49438
The Rising of the Shield Hero,TV-14,24,"Animation, Action, Adventure",8.0,7,13071
Collateral,TV-MA,230,"Crime, Drama, Mystery",6.7,7,18307
Fullmetal Alchemist,TV-14,135,"Action, Adventure, Fantasy",5.3,10,20210
I Am Mother,TV-14,113,"Drama, Mystery, Sci-Fi",6.7,10,90922
The Wrath of God,TV-MA,97,"Drama, Thriller",5.7,10,3327
The Last Stand,R,107,"Action, Thriller, Western",6.3,10,139326
The Clovehitch Killer,Unrated,109,"Crime, Drama, Mystery",6.5,10,28019
Neon Genesis Evangelion: The End of Evangelion,TV-MA,87,"Animation, Action, Drama",8.0,12,54347
Being Human,TV-14,60,"Comedy, Drama, Fantasy",7.8,7,25374
Brooklyn's Finest,R,132,"Action, Crime, Drama",6.7,10,64048
Crossing Lines,TV-14,43,"Action, Crime, Drama",7.3,7,13157
Tidelands,TV-MA,60,"Crime, Drama, Fantasy",6.8,7,8030
Drop Dead Diva,TV-PG,60,"Comedy, Drama",7.4,7,19731
Thelma,Not Rated,116,"Drama, Fantasy, Horror",7.0,10,32497
Inside Job,PG-13,109,"Documentary, Crime",8.2,10,75659
Don't Trust the B---- in Apartment 23,TV-14,22,Comedy,7.3,7,38047
The Privilege,TV-MA,107,"Drama, Horror, Mystery",4.7,12,4619
Your Lie in April,TV-PG,23,"Animation, Comedy, Drama",8.6,7,28925
S.W.A.T.: Firefight,R,89,"Action, Crime, Thriller",5.3,10,10990
The Valhalla Murders,TV-MA,50,"Crime, Drama, Mystery",7.1,7,13993
Leyla and Mecnun,TV-PG,80,"Adventure, Comedy, Drama",9.1,7,93632
Reckoning,TV-MA,460,Thriller,6.5,7,4773
Derek,TV-MA,23,"Comedy, Drama",8.1,7,32985
Always Be My Maybe,PG-13,101,"Comedy, Romance",6.8,10,56455
The Secret World of Arrietty,G,94,"Animation, Adventure, Drama",7.6,10,92424
River,TV-MA,60,"Crime, Drama, Mystery",8.0,7,23968
The Cave,PG-13,97,"Adventure, Horror, Sci-Fi",5.1,10,39112
Extinction,TV-MA,95,"Action, Drama, Sci-Fi",5.8,10,53157
Drinking Buddies,R,90,"Comedy, Drama, Romance",6.1,10,58711
More the Merrier,TV-MA,111,Comedy,5.4,10,3437
Lovesick,TV-MA,24,Comedy,8.0,7,20266
Bonding,TV-MA,17,"Comedy, Drama",7.1,7,16347
The Laundromat,R,96,"Comedy, Crime, Drama",6.3,10,50985
Inside,TV-MA,87,"Comedy, Drama, Music",8.6,4,48299
How to Change Your Mind,TV-MA,212,Documentary,7.9,7,1763
Run On,TV-MA,70,"Drama, Romance",7.5,7,3460
Komi Can't Communicate,TV-14,24,"Animation, Comedy, Drama",7.8,7,5956
Psycho-Pass,TV-MA,25,"Animation, Action, Crime",8.2,7,19164
Black Book,R,145,"Drama, Thriller, War",7.7,10,77055
I Just Killed My Dad,TV-MA,125,"Documentary, Crime",6.7,7,4232
Wounds,R,95,"Drama, Horror, Mystery",4.1,10,19429
Hannibal Rising,R,121,"Adventure, Crime, Drama",6.1,10,110447
Tyler Perry's A Madea Homecoming,TV-MA,105,"Comedy, Drama, Romance",5.6,10,3827
The Rhythm Section,R,109,"Action, Drama, Mystery",5.4,10,18549
My Little Pony: A New Generation,PG,90,"Animation, Adventure, Comedy",6.8,14,3764
Mirrors,R,110,"Horror, Mystery",6.1,10,107940
The Spectacular Spider-Man,TV-Y7,23,"Animation, Action, Adventure",8.3,7,15539
Beasts of No Nation,TV-MA,137,"Drama, War",7.7,10,81447
Akame ga Kill!,TV-MA,24,"Animation, Action, Adventure",7.8,7,23986
Yes Day,PG,86,"Comedy, Family",5.7,10,24184
Staged,Not Rated,22,"Comedy, Drama",8.5,7,6622
Stranger,TV-14,60,"Crime, Drama, Mystery",8.5,7,8283
Borgia,TV-MA,52,"Biography, Drama, History",7.8,7,6718
Caliphate,TV-MA,46,"Crime, Drama, Thriller",8.2,7,18555
The Bureau of Magical Things,TV-G,25,"Drama, Family, Fantasy",6.8,7,2293
A Futile and Stupid Gesture,TV-MA,101,"Biography, Comedy",6.7,10,16339
Marianne,TV-MA,50,"Drama, Horror, Mystery",7.4,7,15438
Tangerine,R,88,"Comedy, Crime, Drama",7.1,10,32450
The Mist,TV-14,42,"Drama, Horror, Mystery",5.4,7,25159
How to Sell Drugs Online (Fast),TV-MA,30,"Comedy, Crime, Drama",7.8,7,32396
Big Game,PG-13,110,"Action, Adventure",5.4,10,33388
Nightbooks,TV-PG,103,"Family, Fantasy, Horror",5.7,10,8827
Republic of Doyle,TV-14,60,"Comedy, Crime, Drama",7.6,7,4117
Victoria & Abdul,PG-13,111,"Biography, Drama, History",6.8,10,35951
Cadaver,TV-MA,86,"Drama, Horror, Thriller",5.2,10,10199
Making a Murderer,TV-14,60,"Documentary, Crime",8.6,7,95626
He-Man and the Masters of the Universe,TV-Y7,26,"Animation, Action, Adventure",5.8,7,1838
The Swimmers,PG-13,134,"Biography, Drama, Sport",7.0,10,57
Highschool of the Dead,TV-MA,24,"Animation, Action, Drama",7.2,7,13405
Hold the Dark,TV-MA,125,"Action, Drama, Thriller",5.6,10,37393
Safe,R,94,"Action, Crime, Thriller",6.5,10,111025
The Social Dilemma,PG-13,94,"Documentary, Drama",7.6,10,82178
The White Tiger,R,125,"Crime, Drama",7.1,10,60169
Thomas & Friends,TV-Y,11,"Animation, Short, Adventure",6.5,7,5220
Pasión de gavilanes,TV-MA,60,"Drama, Romance",7.8,7,2514
The Prom,PG-13,130,"Comedy, Drama, Musical",5.9,10,27218
The Takedown,TV-MA,119,"Action, Comedy, Crime",5.7,10,6592
My Octopus Teacher,TV-G,85,Documentary,8.1,8,54166
The Half of It,PG-13,104,"Comedy, Drama, Romance",6.9,10,37562
Feel Good,TV-MA,30,"Comedy, Drama, Romance",7.5,7,11158
Redemption,R,100,"Action, Crime, Drama",6.2,10,72611
Shaft,R,111,"Action, Comedy, Crime",6.4,10,53555
A Perfect Ending,Not Rated,110,"Drama, Romance",5.6,10,4478
Moxie,PG-13,111,"Comedy, Drama, Music",6.7,10,25588
Cloudy with a Chance of Meatballs 2,PG,95,"Animation, Adventure, Comedy",6.3,12,103309
Code 8,Not Rated,98,"Action, Crime, Drama",6.1,10,40118
The Longest Night,TV-MA,268,"Action, Crime, Drama",5.8,7,2083
The Chair,TV-MA,30,"Comedy, Drama",7.2,7,16734
The Good Cop,TV-PG,60,"Comedy, Crime, Drama",6.9,7,5834
Our Blues,TV-MA,60,Drama,8.6,7,1688
The Two Popes,PG-13,125,"Biography, Comedy, Drama",7.6,10,123244
My Little Pony: Make Your Mark,TV-Y,22,"Animation, Adventure, Comedy",6.1,7,152
Our Beloved Summer,TV-Y7,70,"Drama, Romance",8.3,7,5765
Blood of Zeus,TV-MA,30,"Animation, Action, Adventure",7.5,7,18056
Da 5 Bloods,R,154,"Adventure, Drama, War",6.5,10,51378
The Kindergarten Teacher,R,96,"Drama, Thriller",6.7,10,16198
Tales of the City,TV-MA,60,Drama,7.4,7,8161
Lara Croft Tomb Raider: The Cradle of Life,PG-13,117,"Action, Adventure, Fantasy",5.5,10,138796
Get Rich or Die Tryin',R,117,"Biography, Crime, Drama",5.4,10,47480
Back to the Outback,PG,95,"Animation, Adventure, Comedy",6.5,12,8320
The Hour,TV-14,60,Drama,8.0,7,10425
Malnazidos,TV-MA,101,"Action, Adventure, Fantasy",5.8,12,3717
The Marked Heart,TV-MA,45,"Drama, Thriller",6.4,7,2012
Monty Python's Flying Circus,TV-14,30,Comedy,8.8,7,74089
True Story,R,99,"Biography, Crime, Drama",6.3,10,69032
Wet Hot American Summer: First Day of Camp,TV-MA,30,Comedy,7.3,7,24101
Don't F**k with Cats: Hunting an Internet Killer,TV-MA,187,"Documentary, Crime",8.0,7,53411
For Life,TV-14,43,"Biography, Crime, Drama",7.6,7,8415
Ma Rainey's Black Bottom,R,94,"Drama, Music",6.9,10,52538
The Most Hated Man on the Internet,TV-MA,162,"Documentary, Crime",6.8,7,5753
Yakamoz S-245,TV-MA,45,"Action, Adventure, Drama",6.1,7,6343
Beckett,TV-MA,110,"Action, Crime, Drama",5.6,10,26117
Close Enough,TV-14,23,"Animation, Action, Adventure",7.8,7,11319
I Don't Feel at Home in This World Anymore.,TV-MA,93,"Comedy, Crime, Drama",6.9,10,58103
Jackass 4.5,TV-MA,90,"Action, Comedy, Reality-TV",6.5,10,11266
White Lines,TV-MA,60,"Crime, Drama, Mystery",6.6,7,17076
Avengement,Not Rated,87,"Action, Crime",6.5,10,16284
Skyscraper,PG-13,102,"Action, Adventure, Thriller",5.8,10,122155
In the Name of the King: A Dungeon Siege Tale,PG-13,127,"Action, Adventure, Fantasy",3.8,10,49241
Instant Dream Home,TV-G,45,Reality-TV,6.3,7,667
Jeopardy!,TV-G,30,Game-Show,8.3,7,7434
Tiny Pretty Things,TV-MA,60,"Drama, Mystery, Thriller",5.9,7,9392
Black Lagoon,TV-MA,25,"Animation, Action, Adventure",7.9,7,15113
Smurfs: The Lost Village,PG,90,"Animation, Adventure, Comedy",5.9,10,21726
Turning Point: 9/11 and the War on Terror,TV-14,312,"Documentary, History, War",8.0,1,9520
Goblin Slayer,TV-MA,30,"Animation, Action, Adventure",7.5,7,7608
Bungou Stray Dogs,TV-14,24,"Animation, Action, Comedy",7.8,7,6230
My Mister,TV-14,70,"Drama, Family",9.1,7,6442
The Stronghold,TV-MA,105,"Action, Crime, Thriller",6.9,10,10474
Mako Mermaids,TV-G,30,"Adventure, Comedy, Drama",6.7,7,4075
Bitten,TV-MA,44,"Drama, Fantasy, Horror",6.9,7,18271
Indian Matchmaking,TV-14,40,"Documentary, Reality-TV, Romance",6.2,7,3686
Shtisel,TV-14,45,Drama,8.6,7,7204
Shutter,Not Rated,97,"Horror, Mystery, Thriller",7.0,12,45222
The Royal Treatment,TV-PG,96,"Comedy, Family, Romance",5.2,10,9262
Hap and Leonard,TV-MA,60,"Crime, Drama, Mystery",7.6,7,7790
Valley of the Dolls,PG-13,123,"Drama, Music, Romance",6.0,10,8882
Stateless,TV-MA,316,Drama,7.5,7,9520
Farzar,TV-MA,30,"Animation, Action, Adventure",5.5,7,1775
Contraband,R,109,"Action, Crime, Drama",6.4,10,122880
Rascal Does Not Dream of Bunny Girl Senpai,TV-PG,24,"Animation, Drama, Fantasy",8.1,7,11696
Over the Moon,PG,95,"Animation, Adventure, Comedy",6.3,12,22398
Portlandia,TV-14,22,Comedy,7.8,7,21283
Beirut,R,109,"Action, Crime, Drama",6.4,10,22396
Batman,PG,105,"Action, Adventure, Comedy",6.5,10,33371
The Paramedic,TV-MA,94,"Adventure, Crime, Drama",5.7,10,12685
War Machine,TV-MA,122,"Comedy, Drama, War",6.0,10,46794
The English Game,TV-14,281,"Drama, History, Sport",7.6,7,14922
Whisper of the Heart,G,111,"Animation, Drama, Family",7.9,10,62536
The Iceman,R,106,"Biography, Crime, Drama",6.8,10,75326
Spy Kids 2: Island of Lost Dreams,PG,100,"Action, Adventure, Comedy",5.2,10,67870
Taken 2,PG-13,92,"Action, Crime, Thriller",6.2,10,306820
High Seas,TV-MA,50,"Crime, Drama, Mystery",6.8,7,7480
Dude,TV-MA,97,"Comedy, Drama",5.1,10,7134
Relic,R,89,"Drama, Horror, Mystery",6.0,10,26791
Cuties,TV-MA,96,Drama,3.5,10,30717
Berserk,TV-MA,24,"Animation, Action, Adventure",6.8,7,6089
Tall Girl,TV-PG,101,"Comedy, Drama, Family",5.2,10,23890
Single All the Way,TV-PG,99,"Comedy, Drama, Romance",6.1,10,15424
The Get Down,TV-MA,52,"Drama, Music, Musical",8.2,7,22628
The One I Love,R,91,"Comedy, Drama, Fantasy",7.0,10,40089
Country Comfort,TV-PG,25,"Comedy, Drama, Family",6.8,7,3530
KILL la KILL,TV-14,25,"Animation, Action, Comedy",7.9,7,14244
Love and Leashes,TV-14,117,"Comedy, Romance",6.3,10,4570
Konosuba: God's Blessing on This Wonderful World!,TV-14,24,"Animation, Adventure, Comedy",7.8,7,10903
Sijipeuseu: The Myth,Not Rated,70,"Action, Drama, Fantasy",7.0,7,3960
Hellsing Ultimate,Not Rated,50,"Animation, Action, Fantasy",8.3,7,23275
Nobody Sleeps in the Woods Tonight,TV-MA,102,"Fantasy, Horror, Mystery",4.9,10,11895
Blitz,R,97,"Action, Crime, Thriller",6.1,10,87345
Halston,TV-MA,240,"Biography, Drama",7.5,7,15020
Rake,Not Rated,60,"Comedy, Drama",8.5,7,7976
Feel the Beat,TV-G,109,"Comedy, Drama, Family",6.3,10,11438
The Night Comes for Us,TV-MA,121,"Action, Thriller",6.9,10,26222
Wu Assassins,TV-MA,44,"Action, Crime, Drama",6.4,7,13186
The Last Thing He Wanted,R,115,"Crime, Drama, Thriller",4.3,10,15484
Apollo 10½: A Space Age Childhood,PG-13,97,"Animation, Adventure, Drama",7.3,10,7599
The 7 Lives of Lea,TV-MA,45,"Crime, Drama, Fantasy",7.5,7,3323
Black Mirror: Bandersnatch,TV-MA,90,"Drama, Fantasy, Mystery",7.1,10,126454
The Uncanny Counter,TV-14,65,"Action, Fantasy, Horror",8.1,7,6413
Valeria,TV-MA,47,"Adventure, Comedy, Drama",6.5,7,5840
Thar,TV-MA,108,"Action, Crime, Drama",6.1,10,5178
Unthinkable,R,97,"Crime, Drama, Thriller",7.0,10,88545
Control Z,TV-MA,37,"Drama, Thriller",6.9,7,9294
Queer Eye,TV-14,45,Reality-TV,8.5,7,18935
Fistful of Vengeance,TV-MA,96,"Action, Crime, Drama",4.4,10,6565
Welcome Home,R,97,Thriller,5.2,10,7838
Gurren Lagann,TV-14,24,"Animation, Action, Adventure",8.3,7,18195
The Concubine,Unrated,122,"Drama, History, Romance",6.0,10,2200
Teenage Bounty Hunters,TV-MA,50,"Comedy, Crime, Drama",7.6,7,11916
Claymore,TV-MA,24,"Animation, Action, Adventure",8.0,7,13743
Comedians in Cars Getting Coffee,TV-14,20,"Comedy, Family, Talk-Show",8.0,7,12681
Rebelde,TV-MA,48,"Comedy, Drama, Music",6.4,7,6073
Berlin Syndrome,R,116,"Drama, Horror, Mystery",6.2,10,25468
Pretty Smart,TV-14,30,"Comedy, Drama, Romance",5.8,7,4662
Hospital Playlist,TV-14,84,"Comedy, Drama",8.8,7,5360
Gabby's Dollhouse,TV-Y,24,"Animation, Short, Adventure",7.0,7,425
Giri/Haji,TV-MA,461,"Crime, Drama, Mystery",7.8,7,14301
The Real Housewives of Atlanta,TV-14,44,Reality-TV,4.4,7,3803
Perfume,TV-MA,45,"Drama, Thriller",7.0,7,9042
Big Bug,TV-MA,111,"Comedy, Sci-Fi",5.5,10,8020
On Becoming a God in Central Florida,TV-MA,46,Comedy,7.1,7,6938
Fun Mom Dinner,R,81,Comedy,5.3,10,5779
Aranyak,TV-MA,48,"Crime, Drama, Mystery",7.8,7,9298
Darling in the Franxx,TV-14,24,"Animation, Action, Drama",7.4,7,10062
Our Planet,TV-G,403,Documentary,9.3,1,43175
Touch of Evil,PG-13,95,"Crime, Drama, Film-Noir",8.0,10,104511
Lost Bullet,TV-MA,92,"Action, Crime, Thriller",6.3,10,9690
Kung Fu Panda: The Dragon Knight,TV-Y7,24,"Animation, Action, Adventure",5.9,7,1347
White Gold,TV-MA,30,Comedy,7.4,7,11485
Lab Rats,TV-Y7,22,"Action, Comedy, Drama",6.6,7,6191
Dead End: Paranormal Park,TV-Y7,30,"Animation, Adventure, Comedy",6.5,7,1926
Wheel of Fortune,TV-G,30,"Family, Game-Show",6.7,7,3198
"Game Over, Man!",TV-MA,101,"Action, Comedy",5.4,10,30573
Chad & JT Go Deep,TV-MA,20,Comedy,7.2,7,413
Mute,TV-MA,126,"Mystery, Sci-Fi, Thriller",5.4,10,35557
Trollhunters: Tales of Arcadia,TV-Y7,23,"Animation, Action, Adventure",8.4,7,17005
Buy My House,TV-G,30,Reality-TV,5.7,7,145
Killers,PG-13,100,"Action, Comedy, Romance",5.4,10,92179
Restless,TV-MA,95,"Action, Crime, Thriller",5.8,10,4453
A Man Apart,R,109,"Action, Crime, Drama",6.0,10,47628
Mimi,TV-14,132,"Comedy, Drama",7.9,12,39063
Office Christmas Party,R,105,Comedy,5.8,12,80088
Isn't It Romantic,PG-13,89,"Comedy, Fantasy, Musical",5.9,10,70076
Love Island,TV-MA,42,"Game-Show, Reality-TV",4.9,7,977
Jimmy Neutron: Boy Genius,G,82,"Animation, Action, Adventure",6.0,10,34860
Naked,TV-14,96,"Comedy, Fantasy, Romance",5.4,10,19852
Under the Shadow,PG-13,84,"Drama, Fantasy, Horror",6.8,10,27735
My Love from Another Star,Not Rated,60,"Comedy, Drama, Fantasy",8.2,7,12910
Stavisky,PG,120,"Biography, Crime, Drama",6.5,10,2205
Dare Me,TV-MA,42,"Crime, Mystery, Thriller",6.6,7,5458
Rita,TV-MA,40,"Comedy, Drama",8.1,7,9112
Terrified,Not Rated,87,Horror,6.4,10,15691
Thumbelina,G,86,"Animation, Adventure, Family",6.2,12,17338
Dolemite Is My Name,R,118,"Biography, Comedy, Drama",7.2,10,60868
7 Prisoners,R,93,"Crime, Drama",7.1,10,7244
The Girl with All the Gifts,R,111,"Action, Adventure, Drama",6.6,10,59969
Outside the Wire,R,114,"Action, Adventure, Fantasy",5.4,10,42472
Romeo & Juliet,PG-13,118,"Drama, Romance",5.7,10,11991
Scarface,PG,93,"Action, Crime, Drama",7.7,12,28107
The Last Legion,PG-13,101,"Action, Adventure, History",5.4,10,35943
Yeh Kaali Kaali Ankhein,TV-MA,51,"Comedy, Crime, Mystery",7.0,7,7492
How to Build a Sex Room,TV-MA,45,Reality-TV,6.6,1,865
Untitled Kanye West Documentary,Not Rated,97,"Documentary, Music",7.9,12,708
Tyrant,TV-14,60,"Action, Drama, Thriller",7.7,7,22938
The Do-Over,TV-MA,108,"Action, Adventure, Comedy",5.7,10,46845
Fishbowl Wives,TV-MA,44,"Drama, Romance",6.2,7,975
You Me Her,TV-MA,28,"Comedy, Drama, Romance",7.0,7,10445
The Kissing Booth 3,TV-14,112,"Comedy, Romance",4.7,10,16962
Rebellion,TV-MA,258,"Drama, History, War",7.1,7,3890
Ride or Die,TV-MA,142,"Drama, Romance, Thriller",5.6,10,1974
The Titan,TV-MA,97,"Drama, Mystery, Romance",4.8,10,31511
As the Crow Flies,TV-MA,45,Drama,6.3,7,3890
Kodachrome,TV-MA,105,Drama,6.8,10,17174
Mystery Science Theater 3000,TV-14,92,"Comedy, Sci-Fi",8.7,7,24646
Dangerous Lies,TV-14,96,Thriller,5.3,10,17192
Disappearance at Clifton Hill,Unrated,100,"Drama, Mystery, Thriller",5.4,10,4208
The Worst Witch,TV-Y7,30,"Family, Fantasy",7.2,7,2501
The Mess You Leave Behind,TV-MA,56,"Crime, Drama, Mystery",6.7,7,9221
Inuyasha,TV-14,24,"Animation, Action, Adventure",7.9,7,16398
Porco Rosso,PG,94,"Animation, Adventure, Comedy",7.7,10,89540
Mai,TV-MA,45,"Crime, Drama, Thriller",7.2,7,5005
Servant of the People,TV-MA,28,Comedy,7.3,7,3486
Freud,TV-MA,55,"Crime, Thriller",6.5,7,11883
Spectral,PG-13,107,"Action, Adventure, Sci-Fi",6.3,10,59604
Haseen Dillruba,TV-MA,135,"Crime, Drama, Mystery",6.9,10,26893
Flowers,TV-14,30,"Comedy, Drama",8.1,7,5734
Premium Rush,PG-13,91,"Action, Crime, Thriller",6.5,10,114322
Step Up Revolution,PG-13,99,"Drama, Music, Romance",6.4,10,56405
The Sleepover,TV-PG,100,"Action, Adventure, Comedy",5.6,10,10604
Skylines,R,113,"Action, Adventure, Sci-Fi",4.7,10,8294
Kakegurui,TV-14,24,"Animation, Drama, Mystery",7.2,7,9562
Bubble,TV-PG,100,"Animation, Action, Adventure",6.3,10,5311
The Tale of The Princess Kaguya,PG,137,"Animation, Drama, Family",8.0,10,46657
Dear White People,TV-MA,30,"Comedy, Drama",6.1,7,25414
Security,TV-MA,118,Thriller,5.0,10,2041
Suburra: Blood on Rome,TV-MA,50,"Action, Crime",7.9,7,14700
Into the Forest,R,101,"Drama, Thriller",5.8,10,20884
The Professor,R,90,"Comedy, Drama",6.7,10,32751
Wild Wild Country,TV-MA,403,"Documentary, Crime",8.1,7,31079
The Perfect Date,TV-14,89,"Comedy, Romance",5.8,10,39275
A Fall from Grace,TV-MA,120,Thriller,5.8,10,15613
Touch,TV-PG,43,"Drama, Fantasy, Mystery",7.3,7,42718
Sergio,R,118,"Biography, Drama, History",6.2,10,9960
Untold: Operation Flagrant Foul,TV-MA,76,"Documentary, Crime, History",6.8,6,1046
Bad Trip,Unrated,86,Comedy,6.5,10,24899
Glória,TV-MA,40,"Drama, History, Thriller",7.9,7,4226
Rescued by Ruby,TV-G,90,"Biography, Drama, Family",7.1,10,7959
Great News,TV-14,22,Comedy,7.0,7,7432
Sabotage,R,109,"Action, Crime, Drama",5.7,10,63842
"Ada Twist, Scientist",TV-PG,12,"Animation, Adventure, Comedy",6.4,7,176
Cargo,TV-MA,105,"Drama, Horror, Sci-Fi",6.3,12,43750
That Girl Lay Lay,TV-G,22,"Comedy, Family",3.6,7,323
Entrevías,TV-MA,79,"Action, Adventure, Crime",6.7,7,1937
America: The Motion Picture,TV-MA,98,"Animation, Action, Adventure",5.6,10,6488
Our Father,TV-MA,97,"Documentary, Crime",6.5,10,11422
Laggies,R,99,"Comedy, Drama, Romance",6.4,10,44270
Wasp Network,TV-MA,127,"Crime, Drama, Thriller",5.9,10,10711
Resort to Love,PG,101,"Comedy, Romance",5.7,10,5955
Move to Heaven,TV-MA,60,Drama,8.6,7,6077
Alvin and the Chipmunks: The Squeakquel,PG,88,"Animation, Adventure, Comedy",4.5,10,49386
Fate/Zero,TV-MA,24,"Animation, Action, Adventure",8.2,7,13062
The I-Land,TV-MA,281,"Adventure, Drama, Mystery",4.6,7,17707
Suburbicon,R,105,"Comedy, Crime, Drama",5.7,10,44493
Invisible City,TV-G,60,"Crime, Drama, Fantasy",7.2,7,5589
Forbidden Love,TV-PG,90,"Drama, Romance",7.6,7,13502
6 Days,R,94,"Action, Drama, History",6.2,10,22128
Family Reunion,TV-PG,28,"Comedy, Family",6.5,7,2704
In for a Murder,TV-14,105,"Comedy, Thriller",5.4,10,1579
Quicksand,TV-MA,45,"Crime, Drama, Mystery",7.4,7,21927
Cocomelon,TV-PG,4,"Animation, Family",4.7,7,635
Untold: The Rise and Fall of AND1,TV-MA,68,"Documentary, History, Sport",6.8,10,1394
Mosul,TV-MA,101,"Action, Drama, War",7.1,10,26840
Sky Rojo,TV-MA,31,"Action, Adventure, Crime",6.5,7,8830
My Little Pony: The Movie,PG,99,"Animation, Adventure, Comedy",6.0,10,7138
The Boys in the Band,R,121,Drama,6.8,10,15722
A Very Long Engagement,R,133,"Drama, Mystery, Romance",7.6,10,73958
The Kissing Booth 2,TV-14,134,"Comedy, Romance",5.7,10,31821
Top Chef,TV-14,44,"Game-Show, Reality-TV",7.6,7,6220
Bruised,R,129,"Drama, Sport",6.2,10,14652
Kung Fury,Not Rated,31,"Short, Action, Comedy",8.0,10,59747
To All the Boys: Always and Forever,TV-14,109,"Comedy, Drama, Romance",6.3,10,26017
House of Secrets: The Burari Deaths,TV-MA,135,"Documentary, Crime, History",7.4,7,10573
Stonehearst Asylum,PG-13,112,"Drama, Horror, Mystery",6.8,10,56882
V-Wars,TV-MA,60,"Drama, Horror, Sci-Fi",6.0,7,13974
Good on Paper,Unrated,92,"Comedy, Romance",5.6,10,12284
Life Unexpected,TV-PG,60,Drama,7.5,7,14829
RuPaul's Drag Race All Stars,TV-14,60,"Game-Show, Reality-TV",8.5,7,8533
The Decline,TV-MA,83,"Action, Thriller",6.0,10,8881
Dead Man Down,R,118,"Action, Crime, Drama",6.4,10,68250
Broken City,R,109,"Action, Crime, Drama",6.1,10,80434
Unauthorized Living,TV-MA,75,Drama,7.4,7,4888
The Fundamentals of Caring,TV-MA,97,"Comedy, Drama",7.3,10,72933
Kon-Tiki,PG-13,118,"Action, Adventure, Biography",7.2,12,49337
Creep 2,Not Rated,78,"Crime, Drama, Horror",6.4,10,26416
Tales from Earthsea,PG-13,115,"Animation, Adventure, Fantasy",6.3,10,40010
Yu Yu Hakusho: Ghost Files,TV-PG,24,"Animation, Action, Adventure",8.5,7,13711
Running with the Devil,R,100,"Crime, Drama, Thriller",5.4,10,8360
Somebody Feed Phil,TV-14,60,Documentary,8.2,7,5273
Philomena,PG-13,98,"Biography, Comedy, Drama",7.6,10,100206
Odd Squad,TV-Y,27,"Action, Adventure, Comedy",7.1,7,1163
2067,Not Rated,114,"Mystery, Sci-Fi",4.9,10,9683
Desperados,TV-MA,105,"Comedy, Romance",5.2,10,10436
Arifureta: From Commonplace to World's Strongest,TV-MA,23,"Animation, Action, Adventure",7.1,7,2943
Ivy + Bean: The Ghost That Had to Go,TV-G,61,"Comedy, Family",6.0,10,117
Rim of the World,TV-14,98,"Action, Adventure, Comedy",5.2,10,24220
American Murder: The Family Next Door,TV-MA,83,"Documentary, Crime",7.2,10,28220
When Marnie Was There,PG,103,"Animation, Drama, Family",7.7,10,40640
Secret City,TV-MA,49,"Mystery, Thriller",7.4,7,8223
Look Who's Back,Not Rated,116,"Comedy, Drama, Fantasy",7.0,10,45688
Double Team,R,93,"Action, Comedy, Sci-Fi",4.8,10,34662
Mr. Iglesias,TV-14,30,Comedy,7.1,7,7013
PJ Masks,TV-Y,24,"Animation, Action, Adventure",5.3,7,1293
Arbitrage,R,107,"Drama, Thriller",6.6,10,52605
D.P.,TV-MA,50,"Action, Crime, Drama",8.2,7,5445
The Boy Who Harnessed the Wind,TV-PG,113,"Biography, Drama, History",7.6,10,38283
Space Sweepers,TV-MA,136,"Action, Adventure, Drama",6.5,10,25569
A Man for All Seasons,G,120,"Biography, Drama, History",7.7,10,34731
Sexify,TV-MA,40,"Comedy, Drama",6.5,7,5159
The Red Balloon,Not Rated,34,"Short, Comedy, Drama",8.1,10,18627
Impetigore,Not Rated,106,"Horror, Mystery, Thriller",6.6,10,5663
A Castle for Christmas,TV-G,98,"Adventure, Comedy, Drama",5.5,10,12085
Beastars,TV-MA,23,"Animation, Crime, Drama",7.7,7,10086
Geronimo: An American Legend,PG-13,115,"Drama, History, Western",6.5,10,11903
Wanted,TV-14,60,"Action, Crime, Drama",7.6,7,6029
The New Legends of Monkey,TV-PG,24,"Action, Adventure, Comedy",6.5,7,4456
Inside Man: Most Wanted,R,105,"Action, Crime, Thriller",5.6,10,4101
S.W.A.T.: Under Siege,R,89,"Action, Thriller",4.6,10,3793
Unsolved Mysteries,TV-MA,45,"Documentary, Crime, Mystery",7.3,7,9832
The Cat Returns,G,75,"Animation, Adventure, Comedy",7.2,10,56870
Frozen Planet,TV-PG,333,Documentary,9.0,7,30498
Creeped Out,TV-Y7,30,"Action, Adventure, Crime",6.6,7,1938
The Best of Enemies,PG-13,133,"Biography, Drama, History",7.3,10,17179
Rurouni Kenshin Part I: Origins,TV-MA,134,"Action, Adventure, Drama",7.4,10,26482
The Last Days of American Crime,TV-MA,148,"Action, Crime, Drama",3.7,10,11605
The Little Prince,PG,108,"Animation, Adventure, Drama",7.7,10,62222
The Double,PG-13,98,"Action, Crime, Drama",5.9,10,30521
The Sound of Magic,TV-14,70,"Drama, Fantasy, Music",7.7,7,3255
The Bookshop,PG,113,Drama,6.5,10,15467
Meteor Garden,TV-14,45,"Drama, Romance",7.9,7,4145
We Bare Bears,TV-PG,30,"Animation, Adventure, Comedy",7.9,7,15784
The Old Ways,R,90,"Drama, Fantasy, Horror",5.4,10,6341
Hilda,TV-Y7,24,"Animation, Adventure, Comedy",8.5,7,10730
Traitors,TV-MA,60,"History, Thriller",6.6,7,3196
Falling Inn Love,TV-PG,98,"Comedy, Romance",5.6,10,20178
An Astrological Guide for Broken Hearts,TV-14,30,"Comedy, Romance",7.1,7,3260
14 Peaks: Nothing Is Impossible,TV-MA,101,"Documentary, Adventure, Sport",7.7,10,25371
The Woods,TV-MA,306,"Crime, Drama, Mystery",6.6,7,6473
Black Space,TV-MA,45,"Crime, Drama, Thriller",6.7,7,1903
Drunken Master,PG-13,111,"Action, Comedy",7.4,10,40397
Trinkets,TV-MA,30,"Comedy, Crime, Drama",7.0,7,11257
Tiger King,TV-MA,45,"Documentary, Biography, Crime",7.5,7,79047
Little Things,TV-MA,16,"Comedy, Romance",8.2,7,6804
Duck Butter,Not Rated,93,"Comedy, Drama, Romance",5.3,10,4043
Brain on Fire,PG-13,88,"Biography, Drama",6.6,10,21728
Dangerous Liaisons,TV-MA,109,"Drama, Romance",3.9,10,1423
Marmaduke,TV-Y7,88,"Animation, Adventure, Comedy",3.5,16,3561
Girlboss,TV-MA,26,Comedy,7.0,7,18117
On the Verge,TV-14,35,Comedy,6.5,7,3169
Honeymoon,R,87,"Drama, Fantasy, Horror",5.7,10,26016
From Up on Poppy Hill,PG,91,"Animation, Comedy, Drama",7.4,10,44201
My Liberation Diary,TV-14,60,"Drama, Romance",8.3,7,2084
How NOT to Summon a Demon Lord,TV-MA,24,"Animation, Adventure, Comedy",7.0,7,3500
Kidnapping Stella,TV-MA,89,"Crime, Thriller",4.9,10,6120
Dragons: Race to the Edge,TV-Y7-FV,22,"Animation, Action, Adventure",8.2,7,6520
Glow Up: Britain's Next Make-Up Star,TV-14,60,"Game-Show, Reality-TV",6.9,7,2355
The Battle of Britain,G,132,"Action, Drama, History",6.9,10,22730
Worst Roommate Ever,TV-MA,236,"Documentary, Crime, Drama",7.1,7,7812
Final Score,R,104,"Action, Drama, Thriller",5.8,10,12973
The Real Housewives of New York City,TV-14,44,Reality-TV,4.6,7,3671
Ganglands,TV-MA,44,"Action, Crime, Drama",7.0,7,2640
Tau,R,97,"Sci-Fi, Thriller",5.8,10,31614
Hit and Run,R,100,"Action, Adventure, Comedy",6.1,12,36319
Love on the Spectrum,TV-14,45,"Documentary, Reality-TV, Romance",8.6,7,6066
Penguin Bloom,TV-14,95,"Biography, Drama",6.8,10,10454
Buba,TV-MA,94,"Comedy, Drama",5.8,10,1812
Malang,Not Rated,135,"Action, Crime, Drama",6.5,10,10775
Furioza,TV-MA,139,"Action, Crime, Drama",6.2,10,4458
Marauders,R,107,"Action, Crime, Thriller",5.5,10,22443
The Future Diary,TV-MA,25,"Animation, Action, Drama",7.5,7,17453
The Wandering Earth,TV-MA,125,"Action, Adventure, Sci-Fi",5.9,10,30613
The Paradise,TV-PG,60,Drama,7.7,7,11868
Get Even,TV-PG,28,"Crime, Drama, Thriller",6.4,7,2807
Surviving Summer,TV-PG,30,"Drama, Family",6.5,7,1761
Love Wedding Repeat,TV-MA,100,"Comedy, Romance",5.5,10,20649
Pieles,TV-MA,77,"Comedy, Drama, Fantasy",6.1,10,6028
Only Yesterday,PG,119,"Animation, Drama, Romance",7.6,10,32519
We Summon the Darkness,R,91,"Horror, Music, Thriller",5.2,10,10714
The Principles of Pleasure,TV-MA,152,Documentary,5.8,7,1246
Juvenile Justice,TV-MA,60,"Crime, Drama",7.9,7,2978
Ergo Proxy,TV-14,25,"Animation, Action, Adventure",7.9,7,14379
The Immigrant,R,120,"Drama, Romance",6.6,10,32070
The Occupant,TV-MA,103,"Adventure, Drama, Horror",6.4,12,17750
A.N.T. Farm,TV-G,30,"Comedy, Drama, Family",5.0,7,7233
Record of Ragnarok,TV-14,24,"Animation, Action, Adventure",6.2,7,5162
Blippi,TV-Y,11,Family,6.7,7,494
AJ and the Queen,TV-14,52,"Adventure, Comedy, Drama",7.5,7,8286
Car Masters: Rust to Riches,TV-PG,40,Reality-TV,8.4,7,10809
The Willoughbys,PG,90,"Animation, Adventure, Comedy",6.3,14,19030
Satan's Slaves,Not Rated,107,"Drama, Horror, Mystery",6.5,10,9183
Wet Hot American Summer: Ten Years Later,TV-MA,216,Comedy,6.9,7,8763
History 101,TV-14,22,"Documentary, History",6.8,1,4333
Who Likes My Follower?,TV-MA,45,"Reality-TV, Romance",4.4,7,44
Let It Snow,PG-13,92,"Comedy, Romance",5.8,10,22032
The House of Flowers,TV-MA,60,"Comedy, Drama",7.6,7,7884
Elisa & Marcela,TV-MA,118,"Biography, Drama, Romance",6.6,10,4981
Step Up All In,PG-13,112,"Drama, Music, Romance",5.9,10,34613
Heirs to the Land,TV-MA,50,"Drama, History",7.1,7,1109
The Ministry of Time,TV-MA,70,"Action, Adventure, Comedy",8.2,7,5023
Q-Force,TV-MA,30,"Animation, Action, Adventure",6.4,7,5557
Love 101,TV-14,40,"Comedy, Drama, Romance",7.5,7,14630
Fyre,TV-MA,97,"Documentary, Crime, Music",7.2,10,47128
Damnation,TV-MA,60,"Crime, Drama, Western",7.6,7,8449
Rogue City,TV-MA,116,"Action, Crime, Drama",6.1,10,8789
Work It,TV-14,93,"Comedy, Music",6.1,10,13574
Step Up 3D,PG-13,107,"Drama, Music, Romance",6.1,10,58322
Dorohedoro,TV-MA,25,"Animation, Action, Comedy",8.1,7,8619
Extracurricular,TV-MA,50,"Crime, Drama",7.6,7,6771
Breach,R,92,"Action, Horror, Sci-Fi",2.9,10,18227
The Quintessential Quintuplets,TV-PG,24,"Animation, Comedy, Drama",7.7,7,4864
Bank Robbers: The Last Great Heist,TV-14,109,"Documentary, Crime",7.1,4,900
Pipa,TV-MA,115,"Crime, Drama, Mystery",4.3,10,1296
Little Britain,TV-MA,29,Comedy,7.7,7,24385
The Week Of,TV-14,116,Comedy,5.2,10,22189
Disjointed,TV-MA,30,Comedy,6.7,7,10361
Ibiza,TV-MA,94,"Comedy, Romance",5.2,10,17721
A Boy Called Christmas,PG,106,"Adventure, Drama, Family",6.7,10,21273
Thai Cave Rescue,TV-14,360,"Adventure, Drama, Thriller",7.3,7,129
The Unicorn,TV-PG,22,"Comedy, Drama, Family",7.2,7,4268
Who Rules the World,TV-PG,45,"Action, Drama, Fantasy",8.3,7,803
Night Stalker: The Hunt for a Serial Killer,TV-MA,189,"Documentary, Crime, Mystery",7.5,7,25727
Icarus,TV-MA,120,"Documentary, Sport",7.9,10,50065
Zoe,R,104,"Romance, Sci-Fi",6.0,10,9258
Boss,TV-MA,56,"Crime, Drama",8.1,7,17776
Dogs of Berlin,TV-MA,542,"Action, Crime, Drama",7.5,7,12808
Degrassi: Next Class,TV-PG,30,"Drama, Romance",6.8,7,3360
IO,TV-14,96,"Adventure, Drama, Sci-Fi",4.7,10,34443
Voltron: Legendary Defender,TV-Y7-FV,23,"Animation, Action, Adventure",8.1,7,8942
Chickenhare and the Hamster of Darkness,TV-Y7,91,"Animation, Adventure, Comedy",6.3,12,1538
Untold: Crimes and Penalties,TV-MA,85,"Documentary, Crime, Sport",7.4,12,3806
Rust Creek,R,108,"Crime, Drama, Thriller",5.9,10,11778
The Twelve,TV-MA,50,"Drama, Thriller",7.4,7,5359
The Life and Movies of Erşan Kuneri,TV-MA,45,Comedy,6.7,7,12247
T-34,TV-14,139,"Action, War",6.7,10,12522
The Mystery of Marilyn Monroe: The Unheard Tapes,TV-14,101,Documentary,6.2,10,4444
The Siege of Jadotville,TV-MA,108,"Action, Drama, History",7.2,10,39952
World Without End,TV-MA,374,"Drama, History, Romance",6.9,7,8747
Night Owls,R,90,"Comedy, Drama",6.2,10,2443
Kengan Ashura,TV-MA,24,"Animation, Action, Sport",8.0,7,5027
Afterlife of the Party,TV-PG,109,"Comedy, Drama, Fantasy",5.8,10,9071
Gymnastics Academy: A Second Chance!,TV-PG,25,"Drama, Family, Sport",8.2,7,89
Jaguar,TV-14,50,"Action, Drama, History",5.7,7,1848
Step Sisters,PG-13,108,Comedy,5.4,10,4584
Another,TV-MA,300,"Animation, Drama, Horror",7.5,7,15033
Heartsong,TV-14,95,"Comedy, Drama, Music",5.8,10,1257
The Discovery,TV-MA,102,"Drama, Romance, Sci-Fi",6.2,10,34544
Out of Death,R,96,"Crime, Thriller",3.2,10,5006
Baki Hanma,TV-MA,25,"Animation, Action, Drama",6.7,7,1847
Le chant du loup,TV-14,115,"Action, Thriller",6.9,10,18005
Ivy + Bean: Doomed to Dance,TV-G,53,"Comedy, Family",6.0,10,98
Henry Gamble's Birthday Party,Unrated,87,Drama,6.1,10,3126
Remarriage & Desires,TV-14,70,Drama,7.4,7,1061
Dhamaka,TV-14,103,"Crime, Drama, Thriller",7.1,10,40747
The Misfit of Demon King Academy,TV-14,23,"Animation, Adventure, Comedy",7.3,7,3389
The ABCs of Death,Not Rated,129,"Comedy, Horror",4.7,62,19374
Final Girl,R,84,"Horror, Thriller",4.7,10,15916
Spirit Untamed,PG,88,"Animation, Adventure, Comedy",5.5,12,3715
Greenhouse Academy,TV-PG,25,Drama,6.6,7,6245
Monarca,TV-MA,43,Drama,7.8,7,3323
Secret Obsession,TV-14,97,Thriller,4.4,10,21867
American Siege,R,91,"Action, Thriller",3.4,10,1697
Paranormal,TV-14,45,"Drama, Fantasy, Horror",8.0,7,72160
Vicky and Her Mystery,TV-PG,84,"Adventure, Drama, Family",6.3,10,2033
Unsolved: The Murders of Tupac and the Notorious B.I.G.,TV-MA,60,"Biography, Crime, Drama",7.8,7,7994
The Perfect Mother,TV-MA,192,"Drama, Thriller",5.9,7,1041
Trigun,TV-14,24,"Animation, Action, Adventure",8.2,7,21805
The Devil Judge,TV-14,75,"Crime, Drama, Mystery",8.3,7,2687
Love Tactics,TV-MA,97,"Comedy, Romance",5.2,10,4031
The Whole Truth,R,93,"Crime, Drama, Mystery",6.2,10,29336
John Dies at the End,R,99,"Comedy, Fantasy, Horror",6.3,10,38551
Drive Hard: The Maloof Way,TV-14,32,Reality-TV,6.2,7,149
The Legend of Drunken Master,R,102,"Action, Comedy",7.5,12,46202
A California Christmas: City Lights,PG-13,106,"Comedy, Drama, Romance",5.5,10,2476
Fatal Affair,TV-14,89,Thriller,4.5,10,6084
The Debt Collector,Not Rated,95,"Action, Comedy",5.8,10,7762
A Vigilante,R,91,"Crime, Drama, Mystery",5.7,10,9163
The Daily Life of the Immortal King,TV-14,18,"Animation, Action, Adventure",7.2,7,1436
The Water Man,PG,91,"Adventure, Drama, Family",5.5,10,3978
Prayers for the Stolen,R,110,Drama,7.3,10,2785
Great Teacher Onizuka,TV-MA,24,"Animation, Comedy, Drama",8.5,7,9298
The Billion Dollar Code,TV-MA,267,"Biography, Crime, Drama",8.0,7,8579
Time Trap,Not Rated,87,"Action, Adventure, Mystery",6.2,12,37065
Explained,TV-MA,18,Documentary,8.0,7,9221
Watership Down,TV-PG,204,"Animation, Action, Adventure",7.2,7,6256
Rose Island,TV-14,117,"Adventure, Comedy, Drama",7.0,10,21001
Maya and the Three,TV-Y7,30,"Animation, Action, Adventure",8.1,7,3940
Inside the World's Toughest Prisons,TV-MA,47,Documentary,7.1,5,2965
Flight 7500,PG-13,80,"Drama, Horror, Sci-Fi",4.8,10,16082
On Body and Soul,Not Rated,116,"Drama, Fantasy, Mystery",7.5,10,27775
The Christmas Chronicles,PG,104,"Adventure, Comedy, Family",7.0,10,72157
To All the Boys: P.S. I Still Love You,TV-14,101,"Comedy, Drama, Romance",6.0,10,38979
Ludo,TV-MA,150,"Action, Comedy, Crime",7.6,10,39347
No Good Nick,TV-PG,30,"Comedy, Drama, Family",5.9,7,3039
Collision,TV-MA,99,"Crime, Drama, Thriller",4.1,10,1023
Gone for Good,TV-MA,247,"Crime, Drama, Mystery",6.3,7,4207
Selena: The Series,TV-PG,40,"Biography, Drama, Music",6.9,7,4569
Bullet Head,R,93,"Crime, Drama, Thriller",5.4,10,10383
The Night Before,R,101,"Comedy, Fantasy",6.3,10,74545
The Summit of the Gods,PG,95,"Animation, Adventure, Drama",7.5,10,6107
El marginal,TV-MA,60,"Crime, Drama, Mystery",8.2,7,4115
Feria: The Darkest Light,TV-MA,50,"Crime, Drama, Fantasy",5.6,7,2356
Rumspringa,TV-MA,101,Comedy,5.4,10,920
The Great Hack,TV-MA,114,"Documentary, Biography, History",7.0,12,23656
My Babysitter's a Vampire,TV-PG,22,"Action, Comedy, Family",6.9,7,4527
Downfall: The Case Against Boeing,PG-13,89,Documentary,7.4,10,10970
The Club,TV-14,55,Drama,7.8,7,9409
Hard Cell,TV-MA,25,Comedy,6.3,7,1675
Nailed It!,TV-PG,33,"Game-Show, Reality-TV",7.4,7,4828
Man Like Mobeen,TV-MA,21,Comedy,8.0,7,2849
Girl,R,105,Drama,7.1,10,14561
The Bonfire of Destiny,TV-MA,48,"Drama, History",7.6,7,4742
October Faction,TV-MA,39,"Adventure, Drama, Fantasy",6.1,7,11210
Close,TV-MA,94,"Action, Drama, Thriller",5.7,10,24999
Flaked,TV-MA,30,"Comedy, Drama, Romance",7.2,7,11580
Toradora!,TV-14,24,"Animation, Comedy, Drama",8.0,7,15338
Boy Meets Girl,R,95,"Comedy, Drama, Romance",7.1,10,4685
Yaksha: Ruthless Operations,TV-14,125,"Action, Crime, Thriller",6.2,10,3453
The Incredible Shrinking Man,Not Rated,81,"Horror, Sci-Fi",7.6,10,18215
The Christmas Chronicles: Part Two,PG,112,"Adventure, Comedy, Family",6.0,10,29764
Survivor,PG-13,96,"Action, Crime, Thriller",5.6,10,34029
A Prayer Before Dawn,R,116,"Action, Biography, Crime",6.8,10,23669
Trust No One: The Hunt for the Crypto King,TV-MA,90,"Documentary, Crime",6.3,1,4831
The Courier,R,99,"Action, Crime, Drama",4.8,10,11368
Dirty Money,TV-14,60,"Documentary, Crime",8.1,7,9307
Love on the Spectrum U.S.,TV-14,40,"Documentary, Short, Comedy",8.2,7,1327
Noragami,TV-14,24,"Animation, Action, Adventure",7.9,7,15639
Journal 64,Not Rated,119,"Crime, Mystery, Thriller",7.4,10,16759
The Trial,TV-MA,52,"Crime, Thriller",7.2,7,3271
Chambers,TV-MA,60,"Drama, Fantasy, Horror",6.4,7,8615
Ala Vaikunthapurramuloo,Not Rated,163,"Action, Comedy, Drama",7.3,10,18386
Sierra Burgess Is a Loser,PG-13,105,"Comedy, Drama, Romance",5.8,10,39160
The Smurfs,TV-Y,30,"Animation, Adventure, Comedy",7.2,7,18686
Nightflyers,TV-14,60,"Drama, Horror, Mystery",5.8,7,13355
Shimmer Lake,Not Rated,86,"Action, Crime, Drama",6.3,10,14949
Madame Claude,TV-MA,112,"Biography, Crime, Drama",5.4,10,3470
Pokémon Master Journeys,TV-Y7,50,"Animation, Action, Adventure",7.6,7,194
Time to Hunt,TV-MA,134,"Action, Crime, Drama",6.3,10,5795
Concrete Cowboy,R,111,"Drama, Western",6.3,10,8843
Our Souls at Night,TV-14,103,"Drama, Romance",6.9,10,13656
Trees of Peace,TV-MA,97,Drama,6.4,10,1284
Friendzone,TV-MA,88,"Comedy, Romance",5.9,10,3523
MI-5,R,104,"Action, Drama, Thriller",6.2,10,22820
Skiptrace,PG-13,107,"Action, Adventure, Comedy",5.6,10,21027
Grand Designs,TV-G,50,"Documentary, Reality-TV",8.5,7,3181
Tall Girl 2,TV-PG,97,"Comedy, Drama, Family",4.7,10,4644
Self Made: Inspired by the Life of Madam C.J. Walker,TV-MA,191,"Biography, Drama, History",7.3,7,12015
Free Rein,TV-G,26,"Action, Adventure, Comedy",7.1,7,2145
Then Came You,Not Rated,97,"Adventure, Comedy, Drama",6.9,10,12727
The Great Train Robbery,Not Rated,90,"Biography, Crime, Drama",7.3,7,4253
Ouran High School Host Club,TV-14,24,"Animation, Comedy, Romance",8.2,7,10124
Untold: Malice at the Palace,TV-MA,68,"Documentary, Crime, Sport",7.5,10,8438
The Queen of Black Magic,Not Rated,99,"Drama, Horror, Mystery",6.5,10,2411
Iron Chef: Quest for an Iron Legend,TV-G,45,"Game-Show, Reality-TV",7.2,7,685
Samurai Rabbit: The Usagi Chronicles,TV-Y7,25,"Animation, Action, Adventure",6.4,7,466
Spriggan,TV-MA,45,"Animation, Action, Adventure",6.9,7,931
The Last Mercenary,TV-MA,110,"Action, Adventure, Comedy",5.3,10,8638
High-Rise Invasion,TV-MA,25,"Animation, Action, Horror",6.5,7,3062
Initial D,TV-PG,107,"Action, Comedy, Drama",6.3,14,8806
Great Pretender,TV-MA,23,"Animation, Action, Adventure",7.9,7,5163
The Last Summer,TV-14,109,"Comedy, Romance",5.5,10,13313
Ethos,TV-MA,50,"Drama, Thriller",8.5,7,26869
A Week Away,TV-PG,94,"Drama, Family, Musical",5.7,10,4749
The Puppet Master: Hunting the Ultimate Conman,TV-MA,127,"Documentary, Crime",7.0,7,7000
The Movies That Made Us,TV-PG,44,"Documentary, Family, History",7.6,7,6449
The Gunman,R,115,"Action, Adventure, Crime",5.8,10,41280
Badla,Not Rated,118,"Crime, Drama, Mystery",7.8,10,28099
A Whisker Away,TV-PG,104,"Animation, Adventure, Drama",6.7,12,10216
Centaurworld,TV-Y7,25,"Animation, Short, Adventure",7.6,7,2151
Little Evil,TV-MA,94,"Comedy, Fantasy, Horror",5.7,10,21604
Sightless,Unrated,89,"Drama, Thriller",5.5,10,8629
People Like Us,PG-13,114,"Comedy, Drama",7.0,10,43248
Green Eggs and Ham,TV-Y7,26,"Animation, Adventure, Comedy",8.1,7,2703
Our Great National Parks,TV-PG,50,Documentary,7.9,1,1995
Silverton Siege,TV-MA,100,"Action, Crime, Drama",6.2,10,3716
In the Shadow of Iris,TV-MA,99,"Drama, Thriller",6.1,10,4393
The Whole Truth,TV-MA,125,"Drama, Horror, Mystery",5.2,10,3507
The Open House,TV-MA,94,"Horror, Thriller",3.3,12,34572
Ultraman,TV-14,25,"Animation, Action, Adventure",6.8,7,2116
Blade of the Immortal,R,140,"Action, Drama, Fantasy",6.7,10,17864
Viceroy's House,Not Rated,106,"Biography, Drama, History",6.7,10,8032
Record of Youth,TV-14,70,"Drama, Romance",7.2,7,2506
Age of Youth,TV-14,60,"Comedy, Drama, Romance",8.3,7,2274
Yara,TV-14,96,"Crime, Drama, Thriller",6.3,10,5019
Spoiled Brats,TV-14,95,Comedy,6.0,10,6018
Stone of Destiny,PG,96,"Adventure, Comedy, Crime",6.7,10,4114
Haunted,TV-MA,24,"Horror, Reality-TV",4.6,7,3267
Death Warrant,R,89,"Action, Crime, Mystery",5.6,10,19026
Last Breath,TV-MA,90,Documentary,7.7,12,6093
Ingobernable,TV-MA,40,"Crime, Drama, Mystery",7.0,7,3155
Blasted,TV-MA,114,"Action, Comedy, Sci-Fi",4.8,10,1956
Kotaro Lives Alone,TV-14,27,"Animation, Comedy, Drama",8.4,7,2626
Power Rangers Dino Charge,TV-Y7,21,"Action, Adventure, Family",6.4,7,1398
The Upshaws,TV-14,30,"Comedy, Family",6.8,7,2767
She's Gotta Have It,TV-MA,30,Comedy,6.8,7,4751
Cheer,TV-MA,60,"Documentary, Sport",8.1,7,6381
Conversations with a Killer: The John Wayne Gacy Tapes,TV-MA,183,"Documentary, Biography, Crime",7.1,7,7512
Bling Empire,TV-MA,38,Reality-TV,5.8,7,3136
Sick Note,TV-MA,30,"Comedy, Crime",6.8,7,7690
Retribution,TV-MA,231,"Drama, Mystery, Thriller",7.0,7,8444
Tabula Rasa,TV-MA,60,"Drama, Horror, Thriller",8.0,7,10500
Power Rangers Ninja Steel,TV-Y7,21,"Action, Adventure, Drama",5.8,7,932
Is It Cake?,TV-PG,40,Reality-TV,5.7,7,2602
Backpackers,TV-MA,96,"Comedy, Romance",5.7,10,2616
The 8th Night,TV-MA,115,"Horror, Thriller",5.3,10,3471
Sonic Boom,TV-Y7,11,"Animation, Short, Action",6.8,7,6321
Carmen Sandiego,TV-Y7-FV,22,"Animation, Action, Adventure",7.9,7,5857
The Taming of the Shrewd,TV-MA,112,"Comedy, Romance",4.5,10,906
Seal Team,TV-Y7,101,"Animation, Action, Comedy",5.5,12,1430
Voice,TV-14,60,"Action, Crime, Mystery",7.6,7,2076
The Frankenstein Chronicles,TV-MA,48,"Crime, Drama, Fantasy",7.2,7,11715
Ip Man 3,PG-13,105,"Action, Biography, Drama",7.0,10,55640
Cobalt Blue,TV-MA,112,"Drama, Romance",6.5,10,1763
Blue Miracle,TV-PG,95,"Adventure, Biography, Drama",6.6,10,6955
"Crouching Tiger, Hidden Dragon: Sword of Destiny",PG-13,96,"Action, Adventure, Drama",6.1,10,19675
Bad Blood,TV-MA,47,"Crime, Drama",7.5,7,9989
Fast & Furious Spy Racers,TV-Y7-FV,23,"Animation, Action, Adventure",5.8,7,1491
Love Alarm,TV-MA,50,"Comedy, Drama, Romance",6.8,7,5749
Vanquish,R,94,"Action, Thriller",2.8,10,4418
Ghost in the Shell: Stand Alone Complex,TV-MA,24,"Animation, Action, Crime",8.5,7,19764
Sandy Wexler,TV-14,130,Comedy,5.2,10,17257
Extinct,TV-Y7,84,"Animation, Adventure, Comedy",5.4,12,2703
Looking Glass,R,103,"Mystery, Thriller",4.6,10,7037
The Coldest Game,TV-MA,102,"History, Sport, Thriller",6.2,10,10990
Memories of the Alhambra,TV-MA,60,"Drama, Romance, Sci-Fi",7.8,7,5723
6 Below: Miracle on the Mountain,PG-13,98,"Biography, Drama, Sport",5.7,10,7648
King of Stonks,TV-MA,280,"Comedy, Drama, Thriller",6.6,7,1075
Kipo and the Age of Wonderbeasts,TV-Y7,24,"Animation, Action, Adventure",8.3,7,5863
Hellsing,TV-MA,23,"Animation, Action, Fantasy",7.8,7,16481
The Breadwinner,PG-13,94,"Animation, Drama, Family",7.7,10,25472
Blood & Water,TV-MA,53,"Drama, Mystery",6.6,7,3180
Biohackers,TV-MA,44,"Drama, Sci-Fi, Thriller",6.8,7,9835
Dilwale,Not Rated,158,"Action, Comedy, Drama",5.0,10,34990
My Next Guest Needs No Introduction with David Letterman,TV-MA,60,Talk-Show,7.8,7,5702
AlRawabi School for Girls,TV-14,291,Drama,7.4,7,6061
Lovestruck in the City,TV-14,30,"Drama, Romance",7.6,7,2564
I Lost My Body,TV-MA,81,"Animation, Drama, Fantasy",7.5,10,32912
Next Door,Unrated,75,"Horror, Mystery, Thriller",6.4,12,10015
How I Became a Super Hero,TV-MA,97,"Action, Adventure, Comedy",5.8,10,5337
Conversations with a Killer: The Ted Bundy Tapes,TV-MA,236,"Documentary, Biography, Crime",7.7,7,29416
Are You the One?,TV-14,41,"Game-Show, Reality-TV, Romance",6.5,7,2576
Dive Club,TV-PG,27,"Adventure, Drama, Family",6.2,7,912
The Stand In,R,101,"Comedy, Drama",4.7,10,3532
The Ultimatum: Marry or Move On,TV-MA,60,Reality-TV,5.4,7,1889
Scissor Seven,TV-14,13,"Animation, Action, Adventure",8.4,7,2974
Seaspiracy,TV-14,89,"Documentary, Adventure",8.1,10,30963
The Circle,TV-MA,48,"Game-Show, Reality-TV",7.3,7,7026
Sunny,PG-13,124,"Comedy, Drama",7.8,10,5963
Rebecka Martinsson,Not Rated,45,"Crime, Drama, Mystery",7.1,7,2835
Halo 4: Forward Unto Dawn,Not Rated,100,"Action, Sci-Fi, Thriller",6.7,7,24917
Chewing Gum,TV-MA,23,Comedy,7.7,7,9555
The Unlikely Murderer,TV-MA,228,"Crime, Drama",7.0,7,4264
The Saint,Not Rated,91,"Action, Adventure, Crime",4.9,10,6786
Earwig and the Witch,PG,82,"Animation, Adventure, Family",4.8,10,4386
Resident Evil: Infinite Darkness,TV-MA,26,"Animation, Action, Horror",5.7,7,10700
Monster,Unrated,98,"Crime, Drama",6.5,10,5890
Last Chance U,TV-MA,55,"Documentary, Sport",8.4,7,6962
DC Super Hero Girls,TV-PG,11,"Animation, Action, Adventure",7.1,7,1338
Alex Strangelove,TV-MA,99,"Comedy, Drama, Romance",6.3,10,17989
The Other Side of the Wind,R,122,Drama,6.7,10,7370
Day of the Dead: Bloodline,R,90,"Action, Drama, Horror",3.4,10,12043
Afro Samurai,TV-MA,26,"Animation, Action, Adventure",7.6,7,16823
The Octonauts,TV-Y,11,"Animation, Adventure, Comedy",7.6,7,1121
Trollhunters: Rise of the Titans,TV-Y7,104,"Animation, Action, Adventure",6.6,14,4970
Masaba Masaba,TV-MA,50,"Comedy, Drama",6.7,7,2138
Equinox,TV-MA,43,"Drama, Fantasy, Mystery",6.1,7,7027
Radium Girls,Not Rated,102,"Drama, History",6.2,12,1907
The Quake,PG-13,106,"Action, Drama, Thriller",6.2,10,12293
Rurouni Kenshin: Final Chapter Part I - The Final,TV-MA,138,"Action, Drama",7.2,10,8828
Cracow Monsters,TV-MA,60,"Adventure, Drama, Fantasy",5.5,7,1807
The Lovebirds,R,86,"Action, Comedy, Crime",6.1,10,26168
First They Killed My Father,TV-MA,136,"Biography, Drama, History",7.1,10,18547
Puella Magi Madoka Magica,TV-14,24,"Animation, Drama, Fantasy",8.2,7,9674
"Berlin, I Love You",R,120,"Drama, Romance",4.6,34,3433
Zeitgeist,Not Rated,118,"Documentary, History",8.1,10,49587
Otherhood,R,100,Comedy,6.1,10,11393
Mystery Science Theater 3000,TV-14,90,"Comedy, Drama, Horror",8.1,7,3721
Million Dollar Arm,PG,124,"Biography, Drama, Sport",7.0,10,46153
The Naked Director,TV-MA,48,"Biography, Drama",7.7,7,6226
Someone Has to Die,TV-MA,149,"Crime, Drama, Thriller",6.3,7,4938
13th,TV-MA,100,"Documentary, Crime, History",8.2,10,35589
Sniper: Ghost Shooter,R,99,"Action, Drama, Thriller",5.4,10,4147
The Mercy,Not Rated,112,"Adventure, Biography, Drama",6.0,10,8688
6 Years,Not Rated,79,"Drama, Romance",5.5,10,12684
Wolfblood,TV-PG,30,"Family, Fantasy",7.4,7,3639
Rurôni Kenshin: Sai shûshô - The Beginning,TV-MA,137,"Action, Adventure, Drama",7.4,10,8546
The Last Czars,TV-MA,45,"Documentary, Drama, History",7.3,7,8408
Charming,TV-Y7,85,"Animation, Adventure, Comedy",5.6,10,3566
Minnal Murali,TV-14,158,"Action, Adventure, Comedy",7.9,10,29324
Life's Too Short,TV-MA,30,Comedy,7.5,7,15741
Black Island,TV-MA,104,"Drama, Mystery, Thriller",5.2,10,2854
Transformers: War for Cybertron Trilogy,TV-Y7,30,"Animation, Action, Adventure",7.3,7,3660
Super Crooks,TV-MA,30,"Animation, Action, Adventure",7.1,7,2410
My Best Friend Anne Frank,TV-14,103,Drama,6.2,10,4276
Jeffrey Epstein: Filthy Rich,TV-MA,227,"Documentary, Crime",7.1,7,24527
"Love, Guaranteed",TV-PG,90,"Comedy, Romance",5.6,10,17543
Pacific Rim: The Black,TV-14,24,"Animation, Action, Adventure",7.0,7,5320
Operation Christmas Drop,TV-G,95,"Comedy, Family, Romance",5.8,10,11578
The Father Who Moves Mountains,TV-MA,108,"Drama, Thriller",5.5,10,3535
Blue Mountain State: The Rise of Thadland,R,90,"Comedy, Sport",5.7,10,15853
Deadman Wonderland,TV-MA,24,"Animation, Action, Drama",7.1,7,10728
Sniper: Assassin's End,R,95,"Action, Thriller",5.3,10,3207
Lunatics,TV-MA,35,Comedy,6.5,7,3224
Pom Poko,PG,119,"Animation, Comedy, Drama",7.3,10,30155
Aunty Donna's Big Ol' House of Fun,TV-MA,20,Comedy,7.9,7,6468
Anxious People,TV-MA,171,"Comedy, Crime, Drama",6.8,7,4086
Abyss,TV-14,60,"Crime, Fantasy, Romance",7.1,7,2446
Triple Threat,R,96,"Action, Thriller",5.6,10,11511
Ghost Wars,TV-14,60,"Drama, Fantasy, Horror",6.2,7,5019
Neumatt,TV-MA,45,Drama,6.9,7,693
Rust Valley Restorers,TV-14,38,Documentary,7.7,7,2958
Bleach,TV-14,108,"Action, Adventure, Fantasy",6.3,10,11766
Observe and Report,R,86,"Comedy, Crime, Drama",5.7,10,63494
Shaman King,TV-PG,23,"Animation, Action, Adventure",7.0,7,1839
Club de Cuervos,TV-MA,40,"Comedy, Drama",8.2,7,5646
The Girl on the Train,TV-MA,120,"Crime, Drama, Mystery",4.4,10,14592
The Fame Game,TV-MA,45,"Drama, Mystery, Thriller",6.7,7,21640
The Keepers,TV-MA,436,"Documentary, Crime, Mystery",8.1,7,22519
Queen,TV-MA,200,Drama,7.1,7,1240
Power Rangers Beast Morphers,TV-Y7,21,"Action, Adventure, Comedy",6.5,7,616
Damascus Cover,R,93,"Mystery, Thriller",5.3,10,3023
Dirty Lines,TV-MA,45,"Drama, History",7.4,7,2051
Cathedral of the Sea,TV-MA,55,"Drama, History",7.4,7,4567
Untitled Kanye West Documentary,TV-MA,90,"Documentary, Music",8.0,7,8984
Pee-wee's Big Holiday,TV-PG,90,"Comedy, Family",6.1,10,8125
Untold: Breaking Point,TV-MA,68,"Documentary, Sport",7.6,12,2865
The After Party,Not Rated,120,"Comedy, Music",5.7,10,4457
The Wasteland,TV-MA,92,"Drama, Horror, Mystery",4.6,10,4198
Berserk: The Golden Age Arc I - The Egg of the King,TV-MA,76,"Animation, Action, Adventure",7.5,10,12797
A Kidnapping Scandal: The Florence Cassez Affair,TV-MA,287,"Documentary, Crime",7.1,7,274
Trese,TV-MA,33,"Animation, Action, Adventure",7.0,7,3947
Animal Crackers,TV-Y7,105,"Animation, Adventure, Comedy",5.8,14,3501
Night in Paradise,TV-MA,131,"Action, Crime, Drama",6.7,10,6998
Don't Blame Karma!,TV-MA,85,"Comedy, Romance",4.6,10,598
After Porn Ends,Not Rated,94,Documentary,5.7,10,7923
Ghoul,TV-MA,45,"Drama, Fantasy, Horror",7.0,7,14055
The Dawn Wall,Not Rated,100,"Documentary, Biography, Sport",8.1,10,19774
I'm Not a Robot,TV-14,35,"Comedy, Romance, Sci-Fi",8.0,7,5472
King Cobra,Not Rated,91,"Crime, Drama",5.6,10,9115
What Keeps You Alive,R,98,"Horror, Thriller",5.7,10,8784
The Way of the Househusband,TV-14,16,"Animation, Action, Comedy",7.3,7,4437
Earthquake Bird,R,107,"Crime, Drama, Mystery",5.9,10,14672
The Perfumier,TV-MA,96,"Crime, Drama, Thriller",3.8,10,297
B*A*P*S,PG-13,91,Comedy,4.6,10,5488
Message from the King,R,102,"Action, Crime, Drama",6.4,10,16665
How to Plan an Orgy in a Small Town,TV-MA,101,"Comedy, Drama",5.4,10,3352
Racing Stripes,PG,102,"Adventure, Comedy, Drama",5.2,10,17338
After Porn Ends 2,TV-MA,90,Documentary,5.5,10,2654
Silver Skates,TV-MA,130,"Adventure, Drama, Family",7.1,10,6097
Zach Stone Is Gonna Be Famous,TV-14,21,Comedy,8.3,7,3825
Yasuke,TV-MA,30,"Animation, Action, Adventure",6.2,7,5308
Ocean Waves,PG-13,76,"Animation, Drama, Romance",6.6,10,17307
The Trials of Gabriel Fernandez,TV-MA,331,"Documentary, Crime",8.1,7,11687
Married to Medicine,TV-14,43,Reality-TV,5.5,7,403
The Returned,TV-14,42,"Drama, Fantasy, Horror",7.0,7,11908
Haters Back Off!,TV-14,30,"Comedy, Drama, Family",5.9,7,7335
Tower of God,TV-14,23,"Animation, Action, Adventure",7.7,7,5679
Balls Out,R,100,"Comedy, Sport",4.3,10,1482
Uncorked,TV-MA,104,Drama,6.4,10,5771
Berserk: The Golden Age Arc III - The Advent,Not Rated,110,"Animation, Action, Adventure",7.8,10,10365
Point Blank,TV-MA,86,"Action, Crime, Drama",5.7,10,14514
Det som göms i snö,TV-14,43,"Crime, Drama, Mystery",7.4,7,2938
My Secret Romance,TV-14,47,"Comedy, Romance",7.1,7,3549
The A List,TV-14,25,"Crime, Drama, Mystery",5.4,7,2968
Private Life,R,123,"Comedy, Drama",7.2,10,19832
Acrimony,R,120,"Horror, Romance, Thriller",5.8,10,8922
Mark Felt: The Man Who Brought Down the White House,PG-13,103,"Biography, Drama, History",6.4,10,13586
Like Father,TV-MA,98,"Comedy, Drama",6.1,10,21599
Other People,Unrated,97,"Comedy, Drama",6.8,10,11552
Fire with Fire,R,97,"Action, Thriller",5.6,10,26737
The Salisbury Poisonings,TV-14,58,"Drama, History, Thriller",7.2,7,6458
Slugterra,TV-Y7,22,"Animation, Action, Adventure",6.9,7,1707
Article 15,Not Rated,130,"Crime, Drama, Mystery",8.2,10,33653
Steins;Gate 0,TV-14,30,"Animation, Drama, Mystery",8.4,7,9123
In Good Hands,TV-MA,104,"Comedy, Drama, Romance",5.6,10,2910
Rosario + Vampire,TV-14,25,"Animation, Comedy, Fantasy",6.9,7,3205
Celeste & Jesse Forever,R,92,"Comedy, Drama, Romance",6.6,10,31753
The Last Bus,TV-Y7,35,"Adventure, Comedy, Drama",5.1,7,640
Champions,TV-14,30,Comedy,6.0,7,3940
Summertime,TV-MA,40,"Drama, Romance",6.1,7,2806
School Tales the Series,TV-MA,384,"Horror, Mystery",5.2,7,391
The World's Finest Assassin Gets Reincarnated in Another World as an Aristocrat,TV-14,24,"Animation, Action, Fantasy",7.4,7,1955
SPF-18,PG-13,75,"Drama, Romance, Sport",3.2,10,5270
Bad Vegan: Fame. Fraud. Fugitives.,TV-MA,209,"Documentary, Crime",5.9,7,6759
A Tale Dark & Grimm,TV-Y7,26,"Animation, Action, Adventure",7.3,7,1421
Sharknado 4: The 4th Awakens,TV-14,95,"Action, Adventure, Comedy",3.8,10,8319
Code Lyoko,TV-Y7,26,"Animation, Action, Adventure",7.3,7,5245
Contracted,Not Rated,84,"Drama, Horror, Thriller",5.3,10,15396
Unicorn Store,TV-PG,92,"Comedy, Drama, Fantasy",5.6,10,19572
Snowflake Mountain,TV-MA,40,Reality-TV,5.4,7,1364
Marfa Girl,Unrated,105,Drama,5.2,10,1695
The Beyond,TV-14,103,"Drama, Sci-Fi",4.9,10,6387
XX,R,80,Horror,4.6,18,11864
The Prince,R,93,"Action, Thriller",4.6,10,18577
When They Cry,TV-MA,24,"Animation, Drama, Horror",7.9,7,5731
Ghost Stories,TV-MA,144,"Horror, Thriller",4.4,16,5339
Riverdance: The Animated Adventure,TV-G,90,"Animation, Adventure, Comedy",5.5,12,1915
The Final Girl,TV-MA,80,Drama,3.5,10,307
Steve Martin and Martin Short: An Evening You Will Forget for the Rest of Your Life,TV-14,74,Comedy,7.1,10,2741
Hey Duggee,TV-Y,7,"Animation, Comedy, Family",8.9,7,1141
V/H/S Viral,R,81,"Horror, Thriller",4.2,20,17014
Stalked by My Doctor,TV-14,88,Thriller,5.4,10,1656
Fate/stay night [Unlimited Blade Works],TV-14,24,"Animation, Action, Adventure",8.0,7,7896
1983,TV-MA,60,"Crime, Drama, Thriller",6.7,7,4208
Clarence,TV-PG,23,"Animation, Short, Adventure",6.7,7,9819
An Inconvenient Truth,PG,96,"Documentary, News",7.4,10,83432
Finding Ola,TV-14,52,"Comedy, Drama",7.5,7,1677
The Defiant Ones,TV-MA,60,"Documentary, Biography, Crime",8.5,7,14696
The Life Ahead,PG-13,94,Drama,6.8,10,14298
Don't Kill Me,TV-MA,90,"Fantasy, Horror, Romance",4.3,10,1883
The Perfect Family,TV-MA,110,Comedy,5.3,10,2256
Jingle Jangle: A Christmas Journey,PG,122,"Family, Fantasy, Musical",6.4,10,18518
Sentinelle,TV-MA,80,"Action, Crime, Drama",4.7,10,7926
DreamWorks Dragons,TV-Y7,22,"Animation, Action, Adventure",7.9,7,11561
Scum's Wish,TV-MA,22,"Animation, Drama, Romance",6.8,7,1943
Joshua,R,106,"Drama, Horror, Thriller",5.8,10,12896
Owari no serafu,TV-14,24,"Animation, Action, Adventure",7.5,7,5496
Down a Dark Hall,PG-13,96,"Drama, Fantasy, Horror",5.0,10,14368
Lady Driver,PG,104,Sport,5.7,10,1597
Memories of a Murderer: The Nilsen Tapes,TV-MA,84,"Documentary, Biography, Crime",6.3,10,3549
The Innocents,TV-MA,60,"Drama, Horror, Mystery",6.2,7,5884
Roped,PG,91,"Comedy, Drama, Family",5.4,10,1489
3Below: Tales of Arcadia,TV-Y7-FV,24,"Animation, Action, Adventure",7.7,7,6264
Richie Rich,TV-G,22,Comedy,3.1,7,1101
Nothing to Hide,TV-MA,90,"Comedy, Drama",6.8,10,15405
Pretend It's a City,TV-14,203,"Documentary, Biography, Comedy",8.1,7,7460
Special Forces,R,109,"Action, Drama, War",6.3,10,18878
Tell Me Who I Am,TV-MA,86,"Documentary, Drama, Mystery",7.6,10,14794
Next Gen,TV-PG,106,"Animation, Action, Adventure",6.6,14,17664
The Angel,TV-MA,114,"Action, Biography, Drama",6.6,10,14291
From the Dark,Unrated,90,"Horror, Thriller",4.9,10,3328
Return to Space,TV-MA,128,Documentary,7.3,12,4527
The Stranger,Passed,95,"Crime, Drama, Film-Noir",7.3,10,26705
Frequency,TV-MA,42,"Drama, Fantasy, Mystery",7.4,7,13862
The Bletchley Circle: San Francisco,TV-14,45,"Crime, Drama, History",6.8,7,2583
Happy as Lazzaro,PG-13,128,"Drama, Fantasy, Mystery",7.5,10,18327
Baby Fever,TV-MA,30,"Comedy, Drama, Romance",6.5,7,712
Blown Away,TV-PG,23,Reality-TV,7.1,7,3350
American Factory,TV-14,110,Documentary,7.4,12,21972
Your Name Engraved Herein,Not Rated,118,"Drama, Romance",7.2,10,6194
A Babysitter's Guide to Monster Hunting,TV-PG,98,"Comedy, Family, Fantasy",5.4,10,4238
The Bling Ring,TV-MA,65,"Documentary, Crime, History",5.6,7,226
"Web of Make Believe: Death, Lies and the Internet",TV-MA,60,"Documentary, Crime",6.4,7,1705
Yeh Meri Family,TV-14,30,"Comedy, Drama, Family",9.1,7,23865
Blue Jay,Unrated,80,"Drama, Romance",7.2,10,17735
Meltdown: Three Mile Island,TV-14,172,"Documentary, History",6.8,7,3836
Acts of Violence,R,86,"Action, Crime, Thriller",5.3,10,12447
A Suitable Boy,TV-14,60,"Drama, Romance",6.0,7,5327
Mongol: The Rise of Genghis Khan,R,126,"Action, Biography, Drama",7.2,10,46974
A 2nd Chance,PG,90,"Adventure, Drama, Family",4.7,10,1051
Mirai,PG,98,"Animation, Adventure, Drama",7.0,10,15916
The Ruthless,TV-MA,111,"Crime, Drama",6.2,10,6331
ARQ,TV-MA,88,"Action, Sci-Fi, Thriller",6.3,10,39434
Raat Akeli Hai,TV-MA,149,"Crime, Drama, Mystery",7.2,10,18239
Vampires vs. the Bronx,PG-13,85,"Comedy, Horror",5.7,10,10046
Sonic X,TV-Y7,30,"Animation, Action, Adventure",6.2,7,4772
Jimmy Savile: A British Horror Story,TV-MA,170,"Documentary, Biography, Crime",6.7,7,7292
A United Kingdom,PG-13,111,"Biography, Drama, History",6.9,10,16239
I.T.,Not Rated,95,"Crime, Drama, Mystery",5.5,10,16145
The Duchess,TV-MA,30,"Comedy, Drama",6.7,7,5473
A California Christmas,PG-13,106,"Comedy, Drama, Romance",5.8,10,9930
Jarhead 2: Field of Fire,R,103,"Action, Drama, War",5.4,10,6110
Dolly Parton's Heartstrings,TV-14,62,"Comedy, Drama, Music",7.5,7,2213
The Warrior's Way,R,100,"Action, Fantasy, Western",6.2,10,26488
Wonder Park,PG,85,"Animation, Adventure, Comedy",5.8,10,12001
Video Game High School,TV-14,42,"Action, Romance, Sci-Fi",7.6,7,13375
Ghost in the Shell SAC_2045,TV-MA,25,"Animation, Action, Crime",6.3,7,2503
Mascots,TV-MA,89,Comedy,5.8,10,7499
Quien a hierro mata,TV-MA,107,"Drama, Thriller",6.6,10,7759
Gantz,TV-MA,22,"Animation, Action, Drama",7.2,7,7933
The Hater,TV-MA,135,"Drama, Thriller",7.1,10,15306
Tremors II: Aftershocks,PG-13,100,"Action, Comedy, Horror",5.9,10,30635
The Machine,R,91,"Action, Drama, Sci-Fi",6.0,10,31332
Voyeur,TV-MA,95,"Documentary, Crime",6.1,12,6266
Post Mortem: No One Dies in Skarnes,TV-MA,44,"Comedy, Drama, Thriller",7.1,7,3434
Doom of Love,TV-14,100,"Drama, Romance",4.9,10,1699
Requiem,TV-MA,60,"Drama, Fantasy, Mystery",6.4,7,6717
Hot Girls Wanted: Turned On,TV-MA,280,Documentary,6.6,7,2240
Trailer Park Boys: The Animated Series,TV-MA,25,"Animation, Comedy",7.5,7,3061
Zero Chill,TV-G,35,"Comedy, Drama, Family",5.7,7,1457
Errementari,TV-MA,98,"Adventure, Fantasy, Horror",6.4,10,11964
Wizards,TV-Y7-FV,233,"Animation, Action, Adventure",8.1,7,3797
The Mire,TV-MA,50,"Crime, Drama, Thriller",7.0,7,4460
Swedish Dicks,TV-MA,30,"Comedy, Crime",6.7,7,3383
JJ+E,TV-14,90,"Drama, Romance",5.3,10,1815
Ugly,Not Rated,128,"Crime, Drama, Mystery",8.0,10,22068
Four to Dinner,TV-MA,105,"Comedy, Romance",6.3,14,3248
Put Your Head on My Shoulder,TV-14,45,"Comedy, Romance",8.1,7,2289
Major Grom: Plague Doctor,TV-14,136,"Action, Crime",6.3,10,12216
Gnome Alone,PG,85,"Animation, Adventure, Comedy",5.6,10,3596
Sharknado 2: The Second One,TV-14,95,"Action, Adventure, Comedy",4.0,10,19381
I'm No Longer Here,TV-MA,112,Drama,7.3,10,8099
Stree,Not Rated,128,"Comedy, Horror",7.5,10,33919
Middle School: The Worst Years of My Life,PG,92,"Animation, Comedy, Family",6.0,10,9209
Zapped,TV-G,102,"Comedy, Family, Fantasy",5.0,10,5519
Bill Burr: Live at Red Rocks,TV-MA,82,"Documentary, Comedy",7.7,4,4847
Chosen,TV-MA,41,"Drama, Mystery, Sci-Fi",4.5,7,1324
Father of the Year,TV-14,94,Comedy,5.2,10,11676
Toc Toc,TV-MA,90,Comedy,6.8,10,19253
Wakfu,TV-Y7-FV,24,"Animation, Action, Adventure",8.1,7,1549
Mr. Roosevelt,R,90,Comedy,6.2,10,3437
Rape Zombie: Lust of the Dead,Not Rated,73,Horror,3.7,10,983
Elvis Presley: The Searcher,TV-PG,205,"Documentary, Biography, Music",7.7,10,2427
Hope Gap,PG-13,100,"Drama, Romance",6.7,10,5127
Sweet Virginia,R,93,"Action, Drama, Thriller",6.2,10,10866
Tear Along the Dotted Line,TV-14,20,"Animation, Comedy, Drama",8.6,7,8453
Dance of the 41,TV-MA,99,"Biography, Drama, History",6.8,10,4538
Edge of Fear,Not Rated,91,"Action, Crime, Thriller",4.5,10,3257
"My Teacher, My Obsession",TV-14,90,"Drama, Thriller",4.4,10,2407
Mixtape,TV-PG,93,"Comedy, Drama, Family",6.6,10,3525
Sextuplets,TV-14,97,Comedy,4.4,10,8687
An Affair to Die For,TV-MA,82,"Horror, Thriller",4.8,10,2129
Fever Dream,R,93,"Drama, Horror, Mystery",5.4,10,2006
My Daughter's Killer,TV-MA,83,"Documentary, Crime",6.8,10,1359
El Dragón: Return of a Warrior,TV-MA,45,"Action, Adventure, Drama",6.8,7,1894
David Attenborough: A Life on Our Planet,PG,83,"Documentary, Biography",8.9,10,32001
22 Bullets,Not Rated,117,"Action, Crime, Drama",6.6,10,34971
Red Dot,TV-MA,86,"Drama, Horror, Thriller",5.5,10,13476
The Chef Show,TV-14,30,Documentary,8.2,7,5174
Wheelman,TV-MA,82,"Action, Crime, Thriller",6.4,10,20704
Midnight Diner: Tokyo Stories,TV-14,24,Drama,8.4,7,4238
Ask the StoryBots,TV-Y,24,"Animation, Adventure, Comedy",8.4,7,904
The Hookup Plan,TV-MA,27,"Comedy, Romance",7.1,7,5465
Winchester '73,Passed,92,"Action, Drama, Western",7.6,10,20016
Mother's Love,TV-MA,110,Comedy,5.8,10,2919
Hoops,TV-MA,25,"Animation, Comedy, Sport",6.0,7,6367
The Boss Baby: Back in Business,TV-Y7,25,"Animation, Adventure, Comedy",6.4,7,3810
Angels of Death,TV-14,24,"Animation, Adventure, Horror",6.4,7,2152
Knights of the Zodiac,TV-PG,24,"Animation, Action, Adventure",8.4,7,10092
Centaur,TV-MA,89,"Action, Adventure, Crime",5.3,10,1164
The Perfect Host,R,93,"Comedy, Crime, Thriller",6.7,10,27105
Father Christmas Is Back,PG-13,105,Comedy,4.5,12,5701
Out of My League,TV-MA,91,"Comedy, Drama, Romance",6.1,10,2856
Think Like a Dog,PG,91,"Comedy, Drama, Family",5.1,10,1838
W/Bob and David,TV-MA,30,Comedy,7.3,7,4363
Mieruko-chan,TV-14,24,"Animation, Comedy, Fantasy",7.2,7,1647
The Irregular at Magic High School,TV-14,22,"Animation, Action, Drama",7.1,7,3455
The Princess Switch 3,TV-PG,106,"Comedy, Drama, Family",5.5,10,5921
Benji,TV-PG,87,"Crime, Drama, Family",6.3,10,4861
Nobody Sleeps in the Woods Tonight 2,TV-MA,96,"Comedy, Horror, Thriller",3.9,10,3814
A Fortunate Man,TV-14,162,"Drama, Romance",7.2,10,6337
Ricky Gervais: SuperNature,TV-MA,64,Comedy,7.6,4,18412
Colin in Black & White,TV-14,30,"Biography, Drama, Sport",5.7,7,7374
Órbita 9,TV-14,95,"Drama, Romance, Sci-Fi",5.9,10,7830
Violetta,TV-G,45,"Drama, Family, Music",5.1,7,2489
Sounds Like Love,TV-MA,110,"Comedy, Music, Romance",5.4,10,2252
Jungle Beat: The Movie,G,88,"Animation, Adventure, Comedy",5.4,10,1058
The Trip,TV-14,172,Comedy,8.0,7,7652
The Devil Inside,R,83,Horror,4.2,10,36124
Gate,TV-14,24,"Animation, Action, Adventure",7.5,7,3509
Paddleton,TV-MA,89,"Comedy, Drama",7.1,10,13991
Bullsh*t the Game Show,TV-14,30,"Game-Show, Reality-TV",6.1,7,812
Headshot,Not Rated,118,"Action, Drama, Thriller",6.3,12,14960
Bolívar: Una lucha admirable,TV-MA,52,"Action, Biography, Drama",7.3,7,774
Holiday in the Wild,TV-PG,85,"Comedy, Drama, Romance",6.1,10,15348
Rurouni Kenshin: Trust and Betrayal,TV-MA,118,"Animation, Action, Adventure",8.6,7,14840
F*ck Love Too,TV-MA,92,"Comedy, Romance",3.8,12,1142
Somewhere Between,TV-14,41,"Drama, Mystery, Sci-Fi",6.2,7,6040
White Hot: The Rise & Fall of Abercrombie & Fitch,TV-14,88,Documentary,5.7,10,4453
Luis Miguel: The Series,TV-MA,60,"Biography, Drama, History",8.0,7,4729
The Tatami Galaxy,TV-14,253,"Animation, Comedy, Drama",8.4,7,4167
Sort Of,TV-MA,30,"Comedy, Drama",6.8,7,1278
Saving Zoë,R,95,"Crime, Drama, Mystery",5.3,10,2090
Hache,TV-MA,50,"Crime, Drama, Thriller",6.5,7,1675
The Hurricane Heist,PG-13,103,"Action, Adventure, Crime",5.1,10,20847
Two,TV-MA,70,"Drama, Mystery, Thriller",4.3,10,4482
LBJ,R,98,"Biography, Drama, History",6.5,10,6872
Yummy,Not Rated,88,"Comedy, Horror",5.9,10,5264
Vivy: Fluorite Eye's Song,TV-MA,25,"Animation, Action, Adventure",8.1,7,3128
The Scorpion King 3: Battle for Redemption,PG-13,105,"Action, Fantasy",3.7,10,8657
The Deep,TV-Y7,22,"Animation, Action, Adventure",7.8,7,698
A Christmas Prince,TV-PG,92,"Comedy, Family, Romance",5.8,10,19687
Forgiven,TV-14,79,"Drama, Family, Thriller",3.8,10,224
How I Fell in Love with a Gangster,TV-MA,185,"Crime, Drama",6.0,10,2350
The Yin-Yang Master: Dream of Eternity,PG-13,132,"Action, Drama, Fantasy",6.4,10,4847
The Lost Pirate Kingdom,TV-MA,43,"Documentary, Adventure, Drama",6.6,7,2880
The Hard Way,Not Rated,92,"Action, Thriller",4.8,10,3328
Unbreakable Kimmy Schmidt: Kimmy vs the Reverend,TV-14,80,"Adventure, Comedy, Mystery",6.9,10,5514
Pandora,Not Rated,136,"Action, Drama, Thriller",6.6,12,7572
Camp Lazlo!,TV-Y7,30,"Animation, Short, Adventure",6.4,7,9971
Halftime,TV-MA,95,"Documentary, Biography, Music",6.5,12,4643
Word of Honor,TV-14,45,"Action, Drama, Fantasy",8.6,7,3047
Power Rangers Megaforce,TV-Y7,24,"Action, Adventure, Family",5.6,7,1681
Catfight,Not Rated,95,"Action, Comedy, Drama",5.9,10,6477
When Angels Sleep,TV-MA,91,"Adventure, Drama, Horror",5.5,10,3731
Copenhagen,Not Rated,98,"Adventure, Drama, Romance",7.0,10,13318
Tomorrow Is Forever,Not Rated,104,"Drama, Romance, War",7.3,10,2637
Beauty,R,95,"Drama, Romance",4.0,10,587
42 Days of Darkness,TV-MA,45,"Crime, Drama, Mystery",6.5,7,1200
Ju-on: Origins,TV-MA,30,"Drama, Horror, Mystery",6.1,7,4632
Playing with Fire,TV-MA,43,Drama,5.9,7,1018
Pets United,TV-Y7,89,"Animation, Adventure, Comedy",3.7,10,2803
The Skin of the Wolf,TV-14,110,Drama,5.8,10,3155
"The Mind, Explained",TV-14,20,Documentary,8.0,7,5404
Tales of the City,Unrated,360,"Drama, Mystery, Romance",8.3,7,4085
Ravenous,TV-MA,104,"Action, Adventure, Drama",5.8,10,9349
Cells at Work!,TV-14,24,"Animation, Action, Comedy",7.5,7,2345
True Memoirs of an International Assassin,TV-14,98,"Action, Comedy, Crime",5.9,10,23068
After Porn Ends 3,TV-MA,86,Documentary,5.4,10,1656
Justice Served,Unrated,40,"Crime, Drama, Thriller",4.7,7,460
Happy New Year,Not Rated,180,"Action, Comedy, Crime",4.9,10,37421
Meenakshi Sundareshwar,TV-14,140,"Comedy, Romance",7.0,10,17592
Irreplaceable You,TV-MA,96,"Comedy, Drama, Romance",6.4,10,9740
I Still See You,PG-13,98,"Fantasy, Horror, Sci-Fi",5.8,10,10264
#BlackAF,TV-MA,36,Comedy,6.7,7,4887
"Crack: Cocaine, Corruption & Conspiracy",TV-MA,89,"Documentary, Crime, History",6.7,10,3423
Prank Encounters,TV-MA,24,"Comedy, Horror, Reality-TV",5.2,7,2813
Houdini,TV-14,174,"Biography, Drama",7.3,7,11768
Turn Up Charlie,TV-MA,30,"Comedy, Music",7.0,7,7511
Two Distant Strangers,Not Rated,32,"Short, Drama, Sci-Fi",6.9,12,15331
Yasamayanlar,TV-MA,60,"Drama, Fantasy",4.8,7,3325
Truth or Die,Not Rated,96,"Horror, Mystery",5.6,10,9562
Coco Before Chanel,PG-13,105,"Biography, Drama",6.6,10,40694
The Gruffalo,Not Rated,27,"Animation, Family, Fantasy",7.5,12,6977
The Princess Switch,TV-PG,101,"Comedy, Drama, Family",6.0,10,28116
The Curious Creations of Christine McConnell,TV-PG,26,"Comedy, Horror, Talk-Show",7.7,7,2432
The Time It Takes,TV-MA,10,"Short, Drama, Romance",7.1,7,1394
Bard of Blood,TV-MA,45,"Action, Adventure, Drama",6.8,7,13114
Gladbeck: The Hostage Crisis,TV-MA,91,"Documentary, Crime",7.5,6,2171
Rocco,TV-MA,105,Documentary,5.7,12,4101
The Princess Switch: Switched Again,TV-G,96,"Comedy, Drama, Family",5.4,10,11579
Out in the Dark,Not Rated,96,"Crime, Drama, Romance",7.5,10,8553
The Laws of the Border,TV-MA,127,"Action, Adventure, Crime",6.9,10,4161
Xtreme,TV-MA,111,"Action, Crime, Drama",5.8,10,4436
Hell and Back,R,86,"Animation, Adventure, Comedy",5.3,12,5061
D.B. Cooper: Where Are You?!,TV-14,169,"Documentary, Crime",5.4,7,2440
The Boulet Brothers' Dragula,TV-MA,48,"Game-Show, Horror, Reality-TV",7.9,7,1217
Ferry,TV-MA,106,"Action, Crime, Drama",7.0,10,11080
Ajeeb Daastaans,TV-MA,142,"Drama, Romance",6.7,16,5839
Haganai: I Don't Have Many Friends,TV-MA,25,"Animation, Comedy, Drama",7.0,7,2382
Johnny Test,TV-Y7,30,"Animation, Action, Adventure",5.1,7,8436
Death to 2021,TV-MA,60,Comedy,6.3,12,14757
The Photographer of Mauthausen,TV-MA,110,"Biography, Drama, History",6.7,10,10950
Anatomy of a Love Seen,Not Rated,80,"Drama, Romance",4.7,10,2620
The Tree of Blood,TV-MA,130,Drama,6.3,10,3054
The Andy Warhol Diaries,TV-MA,395,Documentary,7.7,7,2055
Home for Christmas,TV-MA,29,"Comedy, Drama, Romance",7.7,7,13956
Bad Sport,TV-MA,55,"Documentary, Crime, Mystery",7.3,7,2332
Ridley Jones,TV-Y,27,"Animation, Adventure, Comedy",4.8,7,266
Back to 15,TV-14,40,"Comedy, Drama",6.7,7,741
Mindhorn,TV-MA,89,"Comedy, Thriller",6.3,10,12866
Soil,TV-MA,45,"Comedy, Drama",7.2,7,795
Vampire in the Garden,TV-14,25,"Animation, Action, Adventure",6.7,7,1117
A Shaun the Sheep Movie: Farmageddon,G,86,"Animation, Adventure, Comedy",6.8,12,13797
Darwin's Game,TV-14,23,"Animation, Action, Drama",7.2,7,2589
Secret Magic Control Agency,TV-Y7,103,"Animation, Adventure, Comedy",6.2,10,4166
All Day and a Night,R,121,Drama,5.9,10,3830
Grenseland,TV-MA,60,"Crime, Drama, Thriller",6.7,7,4202
Dave Chappelle: The Closer,TV-MA,72,Comedy,8.0,6,26593
BNA,TV-14,23,"Animation, Action, Fantasy",7.2,7,2700
Barbie: Life in the Dreamhouse,TV-G,3,"Animation, Short, Comedy",7.4,7,1950
18 Presents,TV-MA,115,Drama,6.9,10,3860
Animal,TV-PG,45,Documentary,7.9,7,1263
Love Island Australia,TV-MA,50,Reality-TV,5.4,7,652
David Brent: Life on the Road,Not Rated,96,"Comedy, Music",6.3,10,20604
A Twelve-Year Night,TV-MA,122,"Adventure, Biography, Crime",7.5,10,10022
All My Friends Are Dead,TV-MA,96,"Comedy, Crime, Drama",5.8,10,6412
The Creature Cases,TV-Y,28,"Animation, Action, Adventure",8.4,7,101
All Together Now,PG,92,Drama,6.5,10,4490
Blue Period,TV-14,24,"Animation, Drama",7.7,7,2205
Beyond a Reasonable Doubt,PG-13,106,"Crime, Drama, Mystery",5.8,10,13020
Prey,Not Rated,108,"Comedy, Horror, Thriller",5.3,10,2519
The Girls at the Back,TV-MA,260,"Comedy, Drama",7.1,7,26
The Loud House Movie,TV-Y7,83,"Animation, Adventure, Comedy",6.1,10,2122
Medical Police,TV-MA,242,Comedy,6.0,7,4277
Crime Scene: The Vanishing at the Cecil Hotel,TV-MA,220,"Documentary, Crime, Mystery",5.9,7,17958
Spycraft,TV-MA,271,Documentary,6.7,7,2105
The Increasingly Poor Decisions of Todd Margaret,TV-MA,25,Comedy,7.5,7,6610
The Watcher,TV-14,89,"Horror, Thriller",5.4,10,3005
Our Man Flint,Unrated,108,"Action, Adventure, Comedy",6.4,10,6567
Swearnet: The Movie,NC-17,112,Comedy,6.0,10,2833
X-Men,TV-14,23,"Animation, Action, Sci-Fi",6.8,7,2264
The Incredible Jessica James,TV-MA,85,Comedy,6.5,10,7844
Special Correspondents,TV-MA,101,Comedy,5.9,10,24467
Crazy About Her,TV-MA,102,"Comedy, Romance",6.6,10,5850
Coven,TV-MA,92,"Drama, History",6.4,10,4883
Won't Back Down,PG,121,Drama,6.4,10,6660
Beats,TV-MA,109,Drama,6.3,10,5310
The Land of Steady Habits,TV-MA,98,"Comedy, Drama",6.2,10,7859
The Magic School Bus Rides Again,TV-Y,26,"Animation, Adventure, Family",6.2,7,839
Thieves of the Wood,TV-MA,45,"Adventure, Drama, History",6.8,7,2678
Crip Camp,R,106,"Documentary, History",7.7,12,7558
The Barrier,TV-MA,50,"Drama, Sci-Fi",6.8,7,3553
Lady Dynamite,TV-MA,30,Comedy,7.3,7,3734
High School of the Dead: Drifters of the Dead,TV-MA,16,"Animation, Short, Comedy",5.5,10,481
Isi & Ossi,TV-MA,113,"Comedy, Romance",6.4,10,8553
Bobby Z,R,97,"Action, Crime, Thriller",5.8,10,14817
Erased,TV-14,30,"Drama, Fantasy, Mystery",7.8,7,3761
Knights of the Zodiac: Saint Seiya,TV-14,24,"Animation, Action, Adventure",4.6,7,1896
Aggretsuko,TV-14,15,"Animation, Comedy, Drama",8.0,7,6294
Vault,R,99,"Action, Crime, Drama",5.4,10,2534
Oktoberfest: Beer & Blood,TV-MA,288,"Drama, History, Thriller",6.8,7,2226
Pariah,R,86,Drama,7.2,10,7052
Dark Tourist,TV-MA,40,Documentary,7.5,7,7418
Saga of Tanya the Evil,TV-MA,24,"Animation, Action, Adventure",7.6,7,3375
Solo,TV-MA,91,"Adventure, Biography, Drama",5.0,10,2845
Kitz,TV-MA,45,"Drama, Mystery, Thriller",5.7,7,2472
Save Me,TV-14,60,"Mystery, Thriller",7.9,7,1476
Mo Amer: Mohammed in Texas,TV-MA,64,Comedy,6.6,6,838
Jo Koy: In His Elements,TV-MA,55,Comedy,5.3,10,546
This Film Is Not Yet Rated,Unrated,98,Documentary,7.4,10,28229
The Holiday Calendar,TV-PG,95,"Comedy, Drama, Fantasy",5.7,10,10178
Homunculus,TV-MA,115,"Drama, Fantasy, Mystery",5.5,10,2867
A Cinderella Story: Christmas Wish,PG,85,"Comedy, Family, Fantasy",5.2,10,6511
An Interview with God,Unrated,97,"Drama, Mystery",5.8,10,4045
The Main Event,TV-G,101,"Action, Comedy, Family",4.8,10,2365
"Welcome to Demon-School, Iruma-kun",TV-14,23,"Animation, Comedy, Drama",7.7,7,1593
The Last Laugh,TV-MA,98,Comedy,5.6,10,6124
Cautious Hero: The Hero Is Overpowered but Overly Cautious,TV-14,23,"Animation, Action, Adventure",7.4,7,2616
Angel's Last Mission: Love,TV-Y7,35,"Comedy, Drama, Fantasy",7.7,7,2167
Mobile Suit Gundam: Hathaway,TV-14,95,"Animation, Action, Drama",6.6,10,1470
Sky High,TV-MA,121,"Action, Adventure, Crime",5.5,10,3819
Vexed,TV-PG,60,"Comedy, Crime, Mystery",7.2,7,3629
Words Bubble Up Like Soda Pop,TV-PG,87,"Animation, Drama, Music",6.8,10,3909
First Match,TV-MA,102,"Drama, Sport",6.4,10,2308
Born to Be Blue,R,97,"Biography, Comedy, Drama",6.8,10,8725
7 Guardians of the Tomb,TV-MA,90,"Action, Adventure, Horror",4.4,10,4239
Kabaneri of the Iron Fortress,TV-MA,23,"Animation, Action, Adventure",7.2,7,5554
B: The Beginning,TV-MA,25,"Animation, Action, Crime",7.1,7,4983
The Knight Before Christmas,TV-PG,92,"Adventure, Comedy, Drama",5.5,10,17998
Jack Whitehall: Travels with My Father,TV-MA,30,"Documentary, Comedy",7.6,7,5577
Berserk: The Golden Age Arc II - The Battle for Doldrey,TV-MA,95,"Animation, Action, Adventure",7.7,10,10720
Eastsiders,Not Rated,115,Drama,6.8,7,2843
Manhunt,Not Rated,106,"Action, Crime, Thriller",5.2,10,3285
Merry Happy Whatever,TV-PG,26,Comedy,6.3,7,4710
Heartthrob,Unrated,86,"Drama, Romance, Thriller",5.4,10,2616
Kekkai Sensen,TV-14,24,"Animation, Action, Adventure",7.2,7,2184
The Bag Man,R,108,"Action, Crime, Drama",5.2,10,17082
Fatma,TV-MA,40,"Crime, Drama, Thriller",7.4,7,8573
iBoy,TV-MA,90,"Action, Crime, Sci-Fi",5.9,10,23151
Gaga: Five Foot Two,TV-MA,100,"Documentary, Music",7.0,10,13068
Killerman,R,112,"Action, Crime, Thriller",5.4,10,10666
The Drug King,Not Rated,139,"Action, Crime, Drama",6.2,10,3235
A Second Chance: Rivals!,PG,89,"Drama, Family, Sport",4.7,10,413
Evil Genius: The True Story of America's Most Diabolical Bank Heist,TV-MA,192,"Documentary, Crime",7.5,7,28419
The Future Of,TV-14,20,Documentary,5.2,7,360
Monsters Inside: The 24 Faces of Billy Milligan,TV-MA,243,"Documentary, Crime",6.2,7,3763
Betaal,TV-MA,46,"Action, Horror, Thriller",5.4,7,9106
Untold: Deal with the Devil,TV-MA,77,"Documentary, Crime, Sport",7.3,10,2407
The Pharmacist,TV-MA,217,"Documentary, Crime",7.7,1,7440
Karakai Jouzu no Takagi-san,TV-PG,23,"Animation, Comedy, Romance",7.7,7,2227
OtherLife,TV-MA,96,"Crime, Drama, Mystery",6.2,10,15911
Open Season 2,PG,76,"Animation, Adventure, Comedy",5.5,12,24277
The Wiggles,TV-Y,30,"Adventure, Comedy, Family",5.8,7,926
Dancing on Glass,TV-MA,137,"Drama, Thriller",5.6,10,768
La Doña,TV-14,45,"Drama, Romance",6.9,7,636
The Edge of Democracy,TV-14,121,"Documentary, History",7.3,10,14907
R.L. Stine's Monsterville: Cabinet of Souls,PG,86,"Comedy, Fantasy, Horror",5.6,10,2279
Guilty Crown,TV-14,23,"Animation, Action, Romance",7.0,7,5080
Jim & Andy: The Great Beyond,TV-MA,94,Documentary,7.6,10,26160
The Most Hated Woman in America,TV-MA,91,"Biography, Drama, History",6.1,10,6715
Ajin,TV-MA,24,"Animation, Action, Adventure",7.6,7,6345
Your Son,TV-MA,103,"Adventure, Drama, Thriller",6.1,10,4928
Live Is Life,TV-MA,109,"Comedy, Drama",6.3,10,890
4 Moons,Unrated,110,"Drama, Romance",7.4,10,4477
Luna Nera,TV-MA,43,"Drama, Fantasy, Thriller",5.9,7,3055
The Legacy of a Whitetail Deer Hunter,TV-14,83,"Comedy, Drama",5.5,10,3950
Mrs. Serial Killer,TV-MA,106,"Crime, Drama, Thriller",4.2,10,19563
One on Top of the Other,R,108,"Mystery, Thriller",6.6,10,2356
6 Balloons,TV-MA,74,Drama,5.9,10,4205
Guilty,TV-MA,119,"Drama, Thriller",5.4,10,4455
Bala,Not Rated,133,Comedy,7.3,10,14730
El Camino Christmas,TV-MA,89,"Comedy, Crime, Western",5.7,10,8918
Typewriter,TV-MA,48,"Horror, Mystery, Thriller",6.5,7,3957
Have a Good Trip,TV-MA,85,"Documentary, Comedy",6.8,10,7840
Talking Tom and Friends,TV-G,11,"Animation, Short, Adventure",5.8,7,475
L'ultimo paradiso,TV-MA,107,"Drama, Romance",5.7,10,1387
I Am Georgina,TV-14,41,Reality-TV,3.9,3,2976
Under the Amalfi Sun,TV-14,95,"Comedy, Drama, Romance",5.3,10,842
Coffee & Kareem,TV-MA,88,"Action, Comedy, Crime",5.1,10,13753
Sunderland 'Til I Die,TV-MA,39,"Documentary, Sport",8.1,7,8352
Floor Is Lava,TV-Y7,38,"Game-Show, Reality-TV",5.3,7,2504
Osmosis,TV-MA,55,"Romance, Sci-Fi",5.8,7,3070
Take Me,TV-MA,83,"Comedy, Crime, Mystery",6.1,10,6053
Mobile Suit Gundam: Iron-Blooded Orphans,TV-14,24,"Animation, Action, Drama",7.9,7,1732
Rolling Thunder Revue,TV-MA,142,"Documentary, Biography, History",7.6,10,6843
50M2,TV-MA,45,"Comedy, Drama, Thriller",6.9,7,5746
Rilakkuma's Theme Park Adventure,TV-PG,15,"Animation, Adventure, Comedy",6.7,7,109
Black Earth Rising,TV-MA,60,Thriller,7.4,7,4982
The Outcasts,PG-13,95,Comedy,5.4,10,4640
Pray Away,PG-13,101,Documentary,6.5,10,3005
Alvinnn!!! And the Chipmunks,TV-Y7,11,"Animation, Comedy, Family",4.5,7,1417
Ares,TV-MA,32,"Drama, Horror, Mystery",5.7,7,4448
Atlantics,TV-14,106,"Drama, Mystery, Romance",6.7,10,9492
Selling Tampa,TV-MA,45,Reality-TV,4.6,7,874
Ghost in the Shell 2: Innocence,PG-13,100,"Animation, Drama, Mystery",7.4,10,38504
Cyber Hell: Exposing an Internet Horror,TV-MA,105,"Documentary, Crime",6.5,10,1628
Rosemary's Baby,TV-14,170,"Drama, Horror, Mystery",5.5,7,5526
Murder Among the Mormons,TV-14,160,"Documentary, Crime, History",7.0,7,6493
Project Mc²,TV-Y7,26,Family,5.9,7,1060
We Baby Bears,TV-Y7,11,"Animation, Adventure, Comedy",5.9,7,277
Small Crimes,TV-MA,95,"Crime, Drama, Thriller",5.8,10,8250
Operation Hyacinth,TV-MA,112,"Crime, Drama",6.7,10,3304
Transformers: Robots in Disguise,TV-Y7,22,"Animation, Action, Adventure",5.9,7,1091
Skylanders Academy,TV-Y7,25,"Animation, Action, Adventure",6.6,7,781
Real Rob,TV-MA,30,Comedy,6.3,7,2905
Into the Wind,TV-MA,107,"Comedy, Drama, Romance",5.2,10,947
May the Devil Take You,TV-MA,110,"Horror, Mystery, Thriller",5.9,10,4369
Gun City,TV-MA,126,"Crime, History, Thriller",6.3,10,3970
Precious Cargo,R,90,"Action, Comedy, Thriller",4.6,10,9467
Svaha: The Sixth Finger,Not Rated,122,"Crime, Horror, Mystery",6.2,10,4053
Perdida,TV-MA,103,"Crime, Drama, Mystery",5.6,10,4915
Saturday Morning All Star Hits!,TV-14,23,"Animation, Comedy",7.5,7,1005
Fated to Love You,TV-14,60,"Comedy, Romance",7.9,7,2519
Busted!,TV-14,90,"Comedy, Reality-TV",7.6,7,951
My Secret Terrius,TV-14,35,"Comedy, Drama, Romance",7.6,7,1284
Hard Breakers,R,99,Comedy,2.8,10,1343
Chicago Party Aunt,TV-MA,30,"Animation, Comedy",5.4,7,1587
Winter on Fire: Ukraine's Fight for Freedom,Not Rated,102,Documentary,8.3,10,19042
Heist,TV-MA,41,"Documentary, Crime, Mystery",6.8,7,1812
Diana,PG-13,117,"Biography, Drama, Musical",4.3,10,1320
Seized,R,85,"Action, Thriller",5.3,10,2347
Mersal,Not Rated,172,"Action, Thriller",7.5,10,34529
Lady J,TV-14,109,"Drama, Romance",6.8,10,3500
Masum,TV-14,60,"Crime, Drama, Mystery",8.3,7,18448
Dancing Queens,TV-MA,110,"Comedy, Drama",5.6,10,1820
Mismatched,TV-MA,30,"Comedy, Drama, Romance",5.5,7,3976
Queer Eye: Brazil,TV-14,45,Reality-TV,6.8,7,134
Schumacher,12,112,"Documentary, Biography, Sport",7.4,14,22922
Rebirth,TV-MA,100,Thriller,4.9,10,5435
Finding Bliss,R,96,"Comedy, Romance",5.2,10,2555
All Hail King Julien,TV-Y7,23,"Animation, Short, Action",7.0,7,2067
The Stranded,TV-MA,40,"Adventure, Drama, Mystery",6.2,7,1307
Small Town Crime,R,91,"Crime, Mystery, Thriller",6.6,12,11538
Akashic Records of Bastard Magic Instructor,TV-14,24,"Animation, Action, Comedy",7.0,7,2221
Kill Me Three Times,R,90,"Action, Comedy, Crime",5.8,10,23560
Bright Night,Unrated,86,"Drama, Mystery",5.1,10,1261
The Four of Us,TV-MA,88,"Comedy, Drama, Romance",5.3,10,1106
Unsuspicious,TV-MA,30,"Comedy, Mystery, Thriller",5.4,7,102
Crash Pad,R,91,Comedy,5.7,10,5279
La influencia,TV-MA,99,Horror,4.6,10,3811
If Anything Happens I Love You,PG,13,"Animation, Short, Drama",7.8,3,16567
Kakegurui Twin,TV-14,24,"Animation, Drama, Mystery",6.6,7,421
The World Is Yours,TV-MA,102,"Comedy, Crime",6.3,10,4426
#Realityhigh,TV-14,99,"Comedy, Drama, Romance",5.1,10,6432
Pokémon: Mewtwo Strikes Back - Evolution,TV-Y7,98,"Animation, Action, Family",5.7,14,5560
Death to 2020,TV-MA,70,Comedy,6.8,12,38711
The Numbers Station,R,89,"Action, Thriller",5.6,10,20186
Invader ZIM: Enter the Florpus,TV-Y7-FV,71,"Animation, Action, Adventure",7.4,14,5882
High Flying Bird,TV-MA,90,"Drama, Sport",6.2,10,8696
Godspeed,TV-MA,119,Drama,6.5,10,1950
Lethal Seduction,TV-14,80,Thriller,5.1,10,993
Herod's Law,R,123,"Comedy, Crime, Mystery",7.8,10,6171
Sudden Fear,Approved,110,"Film-Noir, Thriller",7.5,10,6427
Street Food: USA,TV-MA,30,Documentary,6.8,7,398
Results,R,105,"Comedy, Romance",5.4,10,7242
The Epic Tales of Captain Underpants,TV-Y7,24,"Animation, Short, Action",6.6,7,954
The Rise of Phoenixes,TV-14,60,"Drama, History, Romance",8.4,7,1535
The Hollow,TV-Y7-FV,24,"Animation, Drama, Family",7.2,7,4382
Age of Samurai: Battle for Japan,TV-MA,44,"Documentary, Action, Adventure",7.4,7,4209
Blame!,TV-14,106,"Animation, Action, Drama",6.6,10,8138
Banana Split,R,88,Comedy,6.2,10,3427
Miss Americana,TV-MA,85,"Documentary, Biography, Music",7.4,10,19766
The Forest of Love,TV-MA,151,"Crime, Drama, Horror",6.3,10,2571
Charité,TV-MA,45,"Drama, History",7.8,7,3379
Unknown Origins,TV-MA,96,"Action, Crime, Drama",6.1,10,6932
The Trial,PG-13,101,"Crime, Drama, Mystery",5.5,10,1557
School Life,TV-MA,111,"Comedy, Drama",6.5,12,2741
The Polka King,TV-14,95,"Biography, Comedy, Drama",5.9,10,10710
Twin Murders: The Silence of the White City,TV-MA,110,"Adventure, Crime, Drama",5.3,10,5416
Marseille,TV-MA,41,Drama,6.8,7,5220
Maldivas,TV-MA,30,"Comedy, Drama, Mystery",5.7,7,1035
Super Buddies,G,81,Family,4.2,10,1554
Photocopier,TV-MA,130,"Crime, Drama, Mystery",6.8,10,3145
Loose Change 9/11: An American Coup,Unrated,99,"Documentary, History, War",7.1,10,3642
The Sons of Sam: A Descent into Darkness,TV-MA,239,"Documentary, Crime, History",7.0,7,8781
Lego Friends,TV-G,4,Animation,5.0,7,158
Standing Up,TV-MA,45,"Comedy, Drama",7.5,7,1095
Free!,TV-PG,24,"Animation, Comedy, Drama",7.4,7,3154
The Club,TV-MA,30,"Comedy, Drama",6.3,7,898
Alien Worlds,TV-PG,42,"Documentary, Animation, Sci-Fi",6.5,7,3679
Bill Burr Presents: Friends Who Kill,TV-MA,73,"Documentary, Comedy",4.6,10,2252
Stuck Together,TV-MA,125,Comedy,6.3,10,7084
Magic for Humans,TV-PG,23,"Comedy, Reality-TV",7.2,7,3415
Jarhead 3: The Siege,R,95,"Action, Drama, War",5.1,10,3726
Glitch Techs,TV-Y7-FV,25,"Animation, Action, Adventure",7.7,7,1479
Lulli,TV-14,90,"Comedy, Romance",4.8,10,1511
Yankee,TV-MA,40,Drama,5.8,7,722
Fear City: New York vs the Mafia,TV-MA,156,"Documentary, Crime",7.1,7,7494
The Legacy of the Bones,TV-MA,121,"Crime, Thriller",6.3,10,9085
Pirate Gold of Adak Island,TV-14,30,"Adventure, Reality-TV",4.6,7,941
Ben & Jody,TV-MA,114,"Action, Adventure, Drama",5.4,10,285
Abstract: The Art of Design,TV-14,45,Documentary,8.3,7,5492
Harlock: Space Pirate,Not Rated,115,"Animation, Adventure, Sci-Fi",6.4,10,12410
Girlfriend's Day,TV-MA,65,"Comedy, Drama",5.2,10,4638
Rattlesnake,TV-MA,85,"Drama, Horror, Mystery",4.6,10,8760
Soundtrack,TV-MA,56,"Drama, Musical",6.7,7,2140
Altered Carbon: Resleeved,TV-MA,74,"Animation, Action, Crime",6.5,14,6216
Guilt,TV-14,60,"Crime, Drama, Mystery",5.9,7,2637
Jo Koy: Live from Seattle,TV-MA,62,Comedy,7.3,4,1438
Uysallar,TV-MA,45,"Comedy, Drama",7.1,7,5299
The Unauthorized Bash Brothers Experience,TV-MA,30,"Short, Comedy, Music",6.9,12,5266
Neon Genesis Evangelion: Death & Rebirth,Not Rated,101,"Animation, Action, Drama",7.3,14,14298
Open Your Eyes,TV-MA,54,"Drama, Mystery, Sci-Fi",6.5,7,1520
Spice and Wolf,TV-14,24,"Animation, Adventure, Fantasy",7.9,7,4467
Adu,TV-MA,119,Drama,6.8,10,4964
Hot Bot,Not Rated,86,"Comedy, Sci-Fi",3.3,12,3679
The Exorcist Boner,TV-MA,12,"Comedy, Animation",5.7,3,306
Shrew's Nest,Not Rated,91,"Drama, Horror, Thriller",6.7,12,7080
Steel Rain,TV-MA,139,"Action, Drama, Thriller",7.1,10,5759
The Resistance Banker,TV-MA,123,"Biography, Drama, War",6.9,10,9583
Super PupZ,TV-Y7,25,"Adventure, Comedy, Family",7.1,7,112
Paper Lives,TV-MA,96,Drama,6.6,10,12227
NiNoKuni,TV-14,106,"Animation, Action, Adventure",6.1,10,3472
V.R. Troopers,TV-Y7,30,"Action, Adventure, Family",5.6,7,1041
The Journalist,TV-14,50,"Drama, Thriller",7.0,7,664
The Healing Powers of Dude,TV-G,25,"Short, Action, Adventure",6.4,7,926
Descendant,PG,109,"Documentary, History",7.0,1,37
Nappily Ever After,TV-MA,98,"Comedy, Drama, Romance",6.4,10,9274
Spotless,TV-MA,60,"Crime, Drama",7.7,7,3686
The Mechanism,TV-MA,41,"Crime, Drama, Thriller",8.0,7,36200
Animal World,Not Rated,132,"Action, Fantasy, Sci-Fi",6.4,10,4551
The Innocent Man,TV-MA,284,"Documentary, Crime",7.3,7,6032
Last Flight to Abuja,TV-14,81,"Action, Drama, Thriller",4.4,10,359
Chef's Table: BBQ,TV-14,40,Documentary,7.8,1,1051
The Inside Outtakes,TV-MA,63,"Comedy, Drama, Musical",8.1,8,961
Light the Night,TV-MA,50,"Crime, Drama, Mystery",7.4,7,1123
Savage Beauty,TV-MA,45,Drama,5.5,7,392
Chino,PG,97,"Action, Adventure, Drama",6.0,12,2339
QB1: Beyond the Lights,TV-14,35,"Documentary, Sport",7.7,7,920
Isekai wa smartphone to tomo ni.,TV-14,24,"Animation, Adventure, Comedy",6.6,7,2116
Once Upon a Time... But Not Anymore,TV-MA,30,"Comedy, Fantasy, Musical",5.5,7,522
Hostage House,TV-14,85,Thriller,3.9,10,883
He's Expecting,TV-PG,23,"Comedy, Drama, Fantasy",2.3,7,3122
Remember Sunday,TV-PG,96,"Drama, Romance",6.9,10,11760
Flavors of Youth,TV-PG,74,"Animation, Drama, Romance",6.6,14,7517
Crime Stories: India Detectives,TV-MA,47,"Documentary, Crime, Mystery",7.1,7,1052
Surviving Death,TV-MA,50,"Documentary, Reality-TV",6.2,7,2077
Pokémon the Movie: Secrets of the Jungle,TV-Y7,99,"Animation, Action, Adventure",6.4,10,2018
Too Hot to Handle: Brazil,TV-MA,50,"Game-Show, Reality-TV, Romance",5.5,7,476
One Strange Rock,TV-PG,47,Documentary,8.7,7,7886
Furie,TV-14,98,"Action, Drama, Thriller",6.3,10,4854
Iron Man: Armored Adventures,TV-Y7,22,"Animation, Action, Adventure",6.4,7,3678
12 Rounds 3: Lockdown,R,90,"Action, Crime, Thriller",5.1,10,4292
Indiscretion,Not Rated,99,Thriller,4.8,10,1074
Against the Sun,PG,100,"Biography, Drama, War",6.5,10,6019
Sailor Moon Eternal,TV-14,160,"Animation, Action, Adventure",6.9,10,1293
Illang: The Wolf Brigade,TV-MA,139,"Action, Sci-Fi",5.9,10,5229
The Chalet,TV-MA,52,"Drama, Mystery, Thriller",7.0,7,7345
Freaks: You're One of Us,TV-MA,92,"Action, Drama, Fantasy",5.4,10,6146
Crossfire Hurricane,Not Rated,111,"Documentary, Biography, Music",7.4,10,2630
Well-Intended Love,TV-14,45,"Drama, Romance",7.2,7,1513
The Binding,TV-MA,93,"Drama, Horror, Thriller",4.8,10,4257
Walk. Ride. Rodeo.,TV-PG,100,"Biography, Drama, Sport",6.4,10,2476
Ever After High,TV-Y,25,"Animation, Adventure, Comedy",7.7,7,1218
Ray,TV-14,65,"Crime, Drama, Thriller",7.1,7,8895
Life After Death with Tyler Henry,TV-MA,45,Reality-TV,5.9,7,998
The Break,TV-MA,52,"Crime, Drama, Thriller",7.6,7,6554
Amanda Knox,TV-MA,92,"Documentary, Crime",6.9,12,24777
Spirit Riding Free,TV-Y7,23,"Animation, Action, Adventure",6.4,7,1031
Swiped,TV-14,93,"Comedy, Romance",3.1,10,14400
Cowspiracy: The Sustainability Secret,Not Rated,90,Documentary,8.1,12,25357
Stolen Away,TV-14,50,"Crime, Drama, Mystery",7.1,7,2397
Frozen Fever,G,8,"Animation, Short, Adventure",6.8,12,16300
Kiss Me First,TV-MA,46,"Drama, Mystery, Sci-Fi",6.2,7,3972
Toy Story That Time Forgot,TV-G,22,"Animation, Short, Adventure",7.1,10,11872
Danger Mouse,TV-Y7,22,"Animation, Action, Adventure",7.1,7,604
The Adventures of Puss in Boots,TV-Y7,23,"Animation, Short, Action",6.5,7,1759
Rising High,TV-MA,94,"Comedy, Drama",5.9,10,5105
Sweet & Sour,TV-14,101,"Comedy, Romance",6.7,12,2624
Intuition,TV-MA,116,"Crime, Drama, Mystery",5.5,10,2788
Middleditch & Schwartz,TV-MA,51,Comedy,8.6,3,5411
My Holo Love,TV-14,55,"Drama, Romance, Sci-Fi",7.6,7,2601
Wild Babies,TV-PG,30,Documentary,7.7,1,546
My Father's Violin,TV-14,112,Drama,6.4,10,3365
Killer Inside: The Mind of Aaron Hernandez,TV-MA,202,"Documentary, Crime, Sport",7.4,7,17311
"I, Monster",PG,75,Horror,5.8,10,1598
Masha and the Bear,TV-Y,7,"Animation, Short, Adventure",7.5,7,3219
Mortel,TV-MA,40,"Crime, Drama, Fantasy",6.4,7,1492
See You Yesterday,TV-MA,84,"Action, Adventure, Crime",5.2,10,10895
The G Word with Adam Conover,TV-MA,174,"Documentary, Comedy",6.8,7,799
Little Witch Academia,TV-Y7,25,"Animation, Comedy, Family",7.8,7,3297
Gleipnir,TV-14,24,"Animation, Action, Fantasy",6.8,7,1433
The Big Combo,Not Rated,87,"Crime, Drama, Film-Noir",7.3,10,7696
The Goop Lab,TV-MA,30,"Documentary, Reality-TV",2.5,7,3351
Sisters,TV-MA,60,Drama,7.4,7,1788
Sophie: A Murder in West Cork,TV-14,164,"Documentary, Crime, History",6.8,7,5424
The Devil Next Door,TV-MA,229,"Documentary, Crime, History",7.6,7,13589
Win It All,TV-MA,88,Comedy,6.2,10,9400
The Disciple,TV-MA,129,"Drama, Music",7.1,10,2636
Radio Rebel,TV-G,85,"Comedy, Drama, Family",5.8,10,9915
The Ripper,TV-MA,195,"Documentary, Crime",7.1,7,9637
Marlon,TV-PG,22,Comedy,6.9,7,4229
A Certain Magical Index,TV-14,23,"Animation, Action, Comedy",6.8,7,1982
Perfect Strangers,TV-14,99,"Comedy, Drama",5.8,10,4809
Opening Night,Not Rated,90,"Comedy, Musical",6.0,10,2694
Kotaro Lives Alone,TV-14,30,"Comedy, Drama, Family",8.4,7,371
St. Agatha,TV-MA,103,"Horror, Thriller",4.9,10,5824
Somos.,TV-MA,55,"Crime, Drama, History",7.1,7,1166
Geçen Yaz,TV-14,101,"Drama, Romance",6.3,10,2973
What Did Jack Do?,TV-14,17,"Short, Comedy, Crime",6.4,10,12837
The Minimalists: Less Is Now,TV-14,53,Documentary,5.9,10,4230
Asphalt Burning,TV-14,100,"Action, Comedy",5.1,10,2375
The Neighbor,Not Rated,87,"Crime, Horror, Thriller",5.8,10,7785
Happy Anniversary,TV-MA,78,Comedy,5.7,10,4323
Two Lovers and a Bear,R,96,"Adventure, Drama, Romance",6.0,10,1947
Sword Art Online the Movie: Ordinal Scale,TV-14,119,"Animation, Action, Adventure",7.3,10,8113
Kahaani,Not Rated,122,"Mystery, Thriller",8.1,10,62937
100 días para enamorarnos,TV-14,45,Comedy,6.7,7,764
Disclosure,TV-MA,108,Documentary,8.2,10,5514
Call My Agent Bollywood,TV-MA,40,"Comedy, Drama",6.9,7,6234
The Melancholy of Haruhi Suzumiya,TV-14,24,"Animation, Comedy, Fantasy",7.8,7,8489
Hard Times,R,94,"Comedy, Crime",5.8,10,2579
Dahmer vs. Gacy,Not Rated,90,"Comedy, Horror",2.7,10,544
Bloom Into You,TV-PG,24,"Animation, Drama, Romance",7.8,7,1419
Irmandade,TV-MA,50,"Crime, Drama, Thriller",7.5,7,1488
Japan Sinks: 2020,TV-MA,25,"Animation, Adventure, Drama",6.4,7,3058
Gigantosaurus,TV-Y,22,Animation,6.5,7,178
All for Love,TV-MA,45,"Drama, Romance",7.0,7,201
Walt Before Mickey,PG,107,"Biography, Drama",5.9,10,6117
Rilakkuma and Kaoru,TV-PG,12,"Animation, Comedy, Drama",8.2,7,1680
The Endless Trench,TV-MA,147,"Drama, History, Thriller",7.2,14,6519
I Am Happiness on Earth,Unrated,122,Drama,4.5,10,1055
Homemade,TV-MA,138,Drama,6.1,7,819
Always a Witch,TV-14,40,"Drama, Fantasy",6.2,7,2503
Malibu Rescue,TV-Y7,68,"Action, Comedy, Family",5.0,10,1308
Soaked in Bleach,Not Rated,90,"Documentary, Crime",7.3,10,13808
Cardcaptor Sakura,TV-Y7-FV,30,"Animation, Action, Adventure",8.0,7,5077
"Bofuri: I Don't Want to Get Hurt, So I'll Max Out My Defense",TV-14,23,"Animation, Action, Adventure",7.5,7,1685
Mercy Black,TV-14,88,"Horror, Mystery, Thriller",4.9,10,3770
Pottersville,PG-13,84,Comedy,5.4,10,4767
Heat Wave,Not Rated,68,"Crime, Drama",6.0,10,597
Crime Scene: The Times Square Killer,TV-MA,147,"Documentary, Crime, History",6.5,7,4305
The Boss Baby: Back in the Crib,TV-Y7,25,"Animation, Adventure, Comedy",6.1,7,190
Parallels,Not Rated,83,"Action, Sci-Fi",6.0,10,14649
Girls from Ipanema,TV-MA,45,"Drama, Romance",7.8,7,3530
Skater Girl,PG,107,"Drama, Family, Sport",6.6,10,4368
Romance on the Menu,TV-G,96,"Family, Romance",6.1,10,878
The Mudge Boy,R,94,"Crime, Drama, Romance",7.1,10,4538
Paskal,TV-14,115,"Action, Adventure, Drama",6.5,10,3074
Misty,TV-MA,60,"Drama, Mystery, Romance",8.0,7,664
Sintonia,TV-MA,40,"Crime, Drama, Music",6.6,7,1223
The Black Room,Not Rated,94,"Comedy, Horror",3.4,10,2885
The King and I,G,87,"Animation, Family, Fantasy",4.3,10,4138
Fariña,TV-MA,95,"Crime, Drama, Thriller",7.9,7,3959
Devils Line,TV-MA,24,"Animation, Action, Crime",6.8,7,1247
Offering to the Storm,TV-MA,139,"Crime, Thriller",6.2,10,6594
Setup,R,85,"Action, Crime, Drama",4.4,10,21291
Monogamy,TV-MA,30,Drama,6.4,7,460
Hilda and the Mountain King,TV-Y7,85,"Animation, Adventure, Comedy",7.7,10,2557
Olaf's Frozen Adventure,G,22,"Animation, Short, Adventure",5.6,12,12912
The Suspicious Death of a Minor,Not Rated,100,"Action, Comedy, Crime",6.5,10,1376
"Bring It On, Ghost",TV-14,60,"Comedy, Fantasy, Horror",7.6,7,2628
The Colossus of Rhodes,Approved,127,"Adventure, Drama, History",5.8,10,3626
"It's Okay, That's Love",TV-14,60,"Comedy, Drama, Romance",8.3,7,4009
Duck Duck Goose,PG,91,"Animation, Adventure, Comedy",5.7,10,3754
Who Would You Take to a Deserted Island?,TV-MA,93,Drama,5.3,10,2528
Close Enemies,TV-MA,111,"Drama, Thriller",6.4,10,2698
Wild District,TV-MA,45,"Action, Crime, Drama",8.1,7,1949
Good Manager,TV-14,60,"Comedy, Drama",7.9,7,1074
Amandla,TV-MA,106,"Crime, Drama",5.6,10,401
Elite Short Stories: Carla Samuel,TV-MA,43,"Short, Drama, Romance",6.8,7,2725
The Raincoat Killer: Chasing a Predator in Korea,TV-MA,145,"Documentary, Crime, History",6.4,7,2364
Handsome: A Netflix Mystery Movie,TV-MA,80,"Comedy, Mystery",5.2,10,4702
Dave Chappelle: Sticks & Stones,TV-MA,65,Comedy,8.4,4,26427
Heart Parade,TV-PG,108,"Comedy, Romance",5.0,10,570
Amateur,TV-MA,96,"Drama, Sport",5.9,10,4547
The Guest House,Not Rated,82,Romance,3.5,10,1527
The Silence of the Marsh,TV-MA,92,Thriller,5.0,10,3889
The Veil,R,93,Horror,4.7,10,7820
My Suicide,Not Rated,107,"Comedy, Drama",7.0,10,2032
Imitation,TV-Y,70,"Comedy, Music, Romance",7.4,7,706
Bon Cop Bad Cop,R,117,"Action, Comedy, Crime",6.7,10,12733
Roxanne Roxanne,TV-MA,100,"Biography, Drama, Music",6.2,10,3294
The Asterisk War,TV-14,23,"Animation, Action, Comedy",6.8,7,2106
High Score,TV-14,252,"Documentary, History",7.4,7,8048
Christmas with a View,TV-PG,91,"Drama, Romance",5.1,10,4607
American Son,TV-MA,90,Drama,5.8,10,7112
The Beast,TV-MA,97,"Action, Crime, Drama",5.2,10,4377
Pagglait,TV-14,114,"Comedy, Drama",6.9,10,9446
Chatroom,R,97,"Drama, Horror, Thriller",5.4,10,9248
Amina,TV-14,105,"Action, Adventure, Biography",3.9,10,333
Reality Z,TV-MA,30,"Comedy, Horror",5.6,7,2547
Next in Fashion,TV-14,50,Reality-TV,7.3,7,3728
The Millionaire Detective: Balance - Unlimited,TV-14,23,"Animation, Crime, Drama",7.3,7,1809
"Go, Dog, Go",TV-Y,24,"Animation, Family",7.0,7,204
Ricos de Amor,TV-14,104,"Comedy, Music, Romance",6.0,12,2751
Dirty Teacher,TV-14,85,"Drama, Mystery, Thriller",4.7,10,2019
Chip and Potato,TV-Y,23,"Animation, Adventure, Comedy",6.4,7,167
The Characters,TV-MA,30,Comedy,5.3,7,885
Accidentally in Love,TV-14,30,"Drama, Music, Musical",7.4,5,1177
Why Did You Kill Me?,TV-MA,83,"Documentary, Crime",5.6,10,4289
Tiny House Nation,TV-PG,43,Reality-TV,7.1,7,1176
Stand by Me Doraemon,TV-PG,95,"Animation, Comedy, Drama",7.3,14,8136
Theo Von: Regular People,TV-MA,61,Comedy,5.1,6,895
Super Giant Robot Brothers,TV-Y7,26,"Animation, Action, Adventure",6.5,7,150
Diablero,TV-MA,40,"Adventure, Drama, Fantasy",6.7,7,2615
Medal of Honor,TV-MA,60,"Documentary, War",8.2,7,1742
Karma's World,TV-PG,11,"Animation, Short, Comedy",6.3,7,175
Smosh: The Movie,PG-13,84,"Adventure, Comedy, Fantasy",3.2,10,6569
Big Bear,TV-MA,88,Comedy,5.1,10,1382
Racket Boys,TV-14,80,"Comedy, Drama, Sport",4.1,7,27616
Fate/stay night [Heaven's Feel] I. presage flower,TV-MA,120,"Animation, Action, Adventure",7.4,10,2931
Burn Out,TV-MA,107,"Action, Crime, Thriller",6.2,10,3860
Navarasa,TV-MA,30,Drama,5.8,7,3580
Monsoon,Not Rated,85,"Drama, History, Romance",6.0,10,2102
Kid Cosmic,TV-Y7,25,"Animation, Short, Action",7.9,7,1462
Last Chance U: Basketball,TV-MA,60,"Documentary, Sport",8.3,7,2606
Battle Kitty,TV-Y7,30,"Animation, Action, Adventure",6.4,7,167
Forgive Us Our Trespasses,TV-14,13,"Short, Drama",6.4,10,1561
Stranded in Paradise,TV-G,86,"Comedy, Romance",5.4,10,1722
On My Skin: The Last Seven Days of Stefano Cucchi,TV-MA,100,"Biography, Drama",7.3,10,9389
My Husband Won't Fit,TV-MA,40,"Drama, Romance",6.7,7,835
Romeo Akbar Walter,Not Rated,141,"Action, Drama, Thriller",6.6,10,5862
What We Wanted,TV-MA,93,Drama,5.9,10,1837
Trailer Park Boys: Out of the Park,TV-MA,30,"Adventure, Comedy, Crime",7.0,7,2379
More Tales of the City,TV-MA,330,"Drama, Romance",7.9,7,1862
Love Per Square Foot,TV-14,133,"Comedy, Romance",7.2,10,8432
Born to Raise Hell,R,98,"Action, Crime, Thriller",4.3,10,4388
Confessions of a Brazilian Call Girl,TV-MA,131,"Biography, Drama",6.1,10,7416
If I Hadn't Met You,TV-MA,60,"Drama, Fantasy, Romance",7.5,7,2491
"Vengeance Is Mine, All Others Pay Cash",TV-MA,114,"Action, Comedy, Drama",7.0,10,629
Cocaine Cowboys: The Kings of Miami,TV-MA,273,"Documentary, Crime, History",7.1,7,2793
Ava's Possessions,R,89,"Comedy, Horror, Mystery",5.6,10,3202
Good Morning Call,TV-14,48,"Comedy, Romance",7.5,7,3199
All Hail,TV-MA,118,"Comedy, Drama",5.6,10,3296
Back Street Girls,TV-MA,24,"Animation, Comedy",6.7,7,872
Midnight at the Magnolia,TV-G,87,"Comedy, Romance",5.8,10,5430
A Christmas Prince: The Royal Baby,TV-PG,84,"Family, Romance",5.4,10,6844
Adult Beginners,R,92,"Action, Comedy, Drama",5.6,10,8540
I Am A Killer: Released,TV-MA,104,"Documentary, Crime",5.2,7,932
ReBoot: The Guardian Code,TV-Y7-FV,30,"Action, Comedy, Drama",3.8,7,1213
Howl,R,84,"Biography, Drama, Romance",6.6,12,13067
Lured,Approved,102,"Crime, Film-Noir, Mystery",7.0,10,3811
Dick Johnson Is Dead,PG-13,89,"Documentary, Biography, Drama",7.4,10,6636
Voir,TV-MA,20,Documentary,6.8,7,1377
World of Winx,TV-Y7,30,"Animation, Action, Comedy",6.7,7,737
Class of '83,TV-14,98,"Action, Crime, Drama",5.8,10,5674
Five Came Back,TV-14,60,"Documentary, Biography, History",8.3,7,4756
Thus Spoke Kishibe Rohan,TV-MA,97,"Animation, Action, Adventure",7.5,7,1314
Modest Heroes,PG,53,"Animation, Adventure, Family",6.6,14,2745
Trolls: The Beat Goes On!,TV-G,25,"Animation, Short, Adventure",5.8,7,817
Bad Seeds,TV-MA,100,Comedy,7.3,10,5593
Operation Avalanche,R,94,"Comedy, Drama, Mystery",6.0,10,7357
Hip-Hop Evolution,TV-MA,90,"Documentary, Music",8.4,7,6027
AK vs AK,TV-MA,108,"Action, Comedy, Crime",6.9,10,14362
Carole & Tuesday,TV-MA,22,"Animation, Drama, Music",7.8,7,2088
XOXO,TV-MA,92,"Drama, Music",5.3,10,7049
Puffin Rock,TV-Y,7,"Animation, Family",8.6,7,932
Muscle Shoals,PG,111,"Documentary, Biography, History",7.8,10,3971
Feed the Beast,TV-14,60,"Crime, Drama",6.7,7,3410
Untold: Caitlyn Jenner,TV-PG,69,"Documentary, Sport",6.4,10,2676
The Perfect Dictatorship,TV-MA,143,"Comedy, Drama",7.2,10,5542
Looop Lapeta,TV-MA,131,"Action, Comedy, Crime",5.2,10,4650
Go! Live Your Way,TV-Y7,40,"Comedy, Family, Musical",6.8,7,663
Christmas on the Square,TV-PG,98,"Comedy, Family, Musical",5.2,10,2705
Robin Robin,G,32,"Animation, Short, Adventure",7.0,12,5794
Avicii: True Stories,Not Rated,97,"Documentary, Biography, Music",7.6,10,6734
Preservation,Not Rated,88,"Horror, Thriller",4.8,10,5834
Bulbbul,TV-MA,94,"Drama, Horror, Mystery",6.5,10,12049
Budapest,TV-MA,102,Comedy,5.4,10,3037
Jay and Silent Bob's Super Groovy Cartoon Movie,TV-14,64,"Animation, Comedy",4.9,10,2114
Mark of the Devil,TV-14,82,Horror,3.2,10,2325
Nobody Knows I'm Here,TV-MA,91,"Drama, Music",6.5,10,4271
Choked,TV-14,114,Drama,5.7,10,5503
Christmas Made to Order,TV-G,80,Romance,5.7,10,4142
MaveriX,TV-G,25,"Drama, Family, Sport",5.9,7,156
You Cannot Hide,TV-MA,44,"Action, Crime",6.4,7,1136
The Minions of Midas,TV-MA,316,"Crime, Drama, Thriller",6.6,7,4226
Dragons: Rescue Riders,TV-Y,24,"Animation, Short, Action",6.0,7,330
The Confession Killer,TV-14,240,"Documentary, Crime",7.4,7,9222
"Léon Morin, Priest",Not Rated,117,"Drama, Romance, War",7.5,10,5140
Dear Mother,TV-MA,98,Comedy,5.8,10,1529
Despite Everything,TV-MA,78,Comedy,5.4,10,5074
Yeom-lyeok,Not Rated,101,"Action, Comedy, Fantasy",5.9,10,5703
Shimoneta: A Boring World Where the Concept of Dirty Jokes Doesn't Exist,TV-MA,22,"Animation, Comedy",7.0,7,2428
Cougar Hunting,R,102,"Comedy, Romance",3.6,10,1182
Blood Sisters,TV-MA,224,"Crime, Drama, Thriller",5.3,7,947
A Very Murray Christmas,TV-MA,56,"Comedy, Music, Musical",5.5,10,15499
Les Bonnes Femmes,Not Rated,100,"Drama, Mystery, Romance",7.2,10,2910
Sun Dogs,TV-MA,94,"Comedy, Drama",6.2,10,2354
He Walked by Night,Approved,79,"Crime, Film-Noir, Thriller",7.1,12,6083
Thomas & Friends: All Engines Go,TV-Y,30,"Animation, Short, Adventure",2.1,7,604
David A. Arnold: It Ain't for the Weak,TV-MA,78,"Documentary, Comedy",6.5,4,181
Love,TV-PG,70,"Drama, Romance",6.7,7,483
The Motive,TV-MA,112,"Comedy, Crime, Drama",6.5,10,6007
A Cop Movie,R,107,"Documentary, Action, Crime",7.0,10,1816
Thermae Romae Novae,TV-MA,30,"Animation, Comedy, Fantasy",7.0,7,842
Madaari,Not Rated,133,"Drama, Thriller",7.6,10,14377
Oggy and the Cockroaches,TV-Y,8,"Animation, Adventure, Comedy",7.4,7,4363
Shéhérazade,TV-MA,109,"Drama, Romance, Thriller",7.1,10,2289
SOMM,Not Rated,94,Documentary,7.0,10,4772
Get Organized with the Home Edit,TV-PG,30,Reality-TV,5.4,7,1561
Gridlocked,R,110,Action,5.8,10,4650
MeatEater,TV-14,21,Documentary,7.5,7,1516
Lu Over the Wall,PG,112,"Animation, Adventure, Comedy",6.8,10,2323
High Risk,R,101,"Action, Comedy, Crime",6.0,12,4326
The Jurassic Games,Not Rated,86,"Action, Horror, Sci-Fi",3.8,10,2776
Athlete A,PG-13,103,"Documentary, Crime, Sport",7.6,12,11138
Candy Jar,TV-14,92,Comedy,5.8,10,5180
Fearless,TV-Y7,89,"Animation, Comedy, Family",4.9,10,1776
Seis Manos,TV-MA,27,"Animation, Action, Adventure",7.1,7,1644
Neo Yokio,TV-MA,23,"Animation, Action, Adventure",5.9,7,3416
"Bob Ross: Happy Accidents, Betrayal & Greed",TV-14,92,Documentary,6.9,10,5981
Nicky Jam: El Ganador,Not Rated,45,"Biography, Music",7.7,7,1170
Tsuredure Children,TV-14,13,"Animation, Short, Comedy",7.3,7,1763
Heart Shot,TV-14,19,"Short, Action, Romance",4.8,10,689
Dope,TV-MA,45,"Documentary, Crime",7.3,1,1687
Lead Me Home,PG-13,39,"Short, Documentary",6.3,3,3640
Tomorrow with You,TV-14,60,"Drama, Fantasy, Romance",7.4,7,1117
Love Jacked,PG-13,100,"Comedy, Romance",5.8,10,2259
Soni,TV-MA,97,"Crime, Drama",7.1,10,2828
Bombay Begums,TV-MA,50,Drama,5.2,7,4915
Operation Varsity Blues,R,100,"Documentary, Crime, Drama",6.9,10,8311
Virunga,Not Rated,100,"Documentary, War",8.2,10,11569
Ultimate Beastmaster,TV-Y7,55,"Game-Show, Reality-TV",7.2,7,2459
Collision,R,101,"Action, Romance, Thriller",5.9,10,3233
Sirius the Jaeger,TV-MA,25,"Animation, Action, History",6.8,7,1984
Hinamatsuri,TV-14,24,"Animation, Comedy, Fantasy",7.9,7,2027
Barbie: Dolphin Magic,TV-G,61,"Animation, Adventure, Family",5.6,10,807
Blackpink: Light Up the Sky,TV-14,79,"Documentary, Music",7.3,10,6617
Bill Nye Saves the World,TV-14,30,"Comedy, Talk-Show",3.8,7,7365
23:59,R,78,Horror,4.5,10,988
Damsels in Distress,PG-13,99,"Comedy, Drama, Romance",5.8,10,9633
Pac-Man and the Ghostly Adventures,TV-Y7,30,"Animation, Action, Adventure",4.5,7,710
Real,Not Rated,137,"Action, Thriller",4.7,10,1469
Lovestruck: The Musical,Not Rated,83,"Comedy, Fantasy, Musical",6.2,10,2451
The Fury of a Patient Man,TV-MA,92,"Crime, Drama, Thriller",6.7,10,12125
40 Years Young,TV-MA,81,Comedy,4.4,10,510
Interior. Leather Bar.,Not Rated,60,Drama,5.0,12,2579
Yu-Gi-Oh!: The Movie - Pyramid of Light,PG,90,"Animation, Action, Adventure",4.9,14,8621
Hangman,TV-MA,85,"Horror, Thriller",4.6,10,2424
Squared Love,TV-14,102,"Comedy, Romance",5.1,10,3227
Johnny Test,TV-Y7,11,"Animation, Action, Adventure",6.3,7,379
Gundala,TV-14,123,"Action, Adventure, Drama",6.1,10,5049
Maximum Conviction,R,98,"Action, Thriller",4.7,10,6953
Ashby,R,100,"Comedy, Crime, Drama",6.4,10,15729
Taylor Tomlinson: Look at You,TV-MA,60,"Documentary, Comedy",7.3,4,2250
Forever Rich,TV-MA,89,"Comedy, Crime, Drama",5.5,10,1052
Freelancers,R,96,"Action, Crime, Drama",4.6,10,10318
The Barkley Marathons: The Race That Eats Its Young,Not Rated,89,"Documentary, Adventure, History",7.7,6,5281
Les de l'hoquei,TV-MA,50,"Drama, Sport",6.9,7,457
Hotel Transylvania: The Series,TV-Y7,21,"Animation, Comedy, Family",5.4,7,743
Angry Birds: Summer Madness,TV-Y7,11,"Animation, Short, Action",5.7,7,673
Airplane Mode,TV-PG,96,"Comedy, Drama, Romance",5.1,10,2649
The Admiral,TV-PG,151,"Action, Biography, Drama",7.0,10,9848
The School Nurse Files,TV-MA,51,"Comedy, Drama, Fantasy",6.4,7,1241
Child of Kamiari Month,TV-PG,99,"Animation, Adventure, Drama",5.9,10,867
Force 2,Not Rated,127,"Action, Adventure, Thriller",6.2,10,5637
Come Sunday,TV-14,106,"Biography, Drama",6.0,10,2328
Zombieland Saga,TV-MA,24,"Animation, Comedy, Fantasy",7.1,7,1204
Christmas Wedding Planner,PG,86,Romance,4.3,10,6019
Jinn,TV-14,30,"Drama, Fantasy, Horror",3.4,7,10184
The Kingdom,TV-MA,52,"Crime, Drama",6.5,7,1414
Arlo the Alligator Boy,TV-Y7,90,"Animation, Adventure, Comedy",6.4,10,1134
My Neighbors the Yamadas,PG,104,"Animation, Comedy, Family",7.1,10,14293
Long Shot,TV-14,40,"Documentary, Crime, Sport",7.4,10,7990
In Family I Trust,TV-MA,97,"Comedy, Romance",6.2,10,3267
The Crimes That Bind,TV-14,99,"Crime, Drama, Thriller",6.7,10,4066
Farewell Amor,Unrated,95,"Drama, Music, Romance",6.9,10,1293
Life in Colour,TV-PG,143,Documentary,8.2,3,3347
Perfect Friday,R,94,"Comedy, Crime",6.4,10,889
Smart People,R,95,"Comedy, Drama, Romance",6.1,10,23145
Procession,R,118,Documentary,7.2,10,1201
Tiger & Bunny,TV-14,25,"Animation, Action, Adventure",7.3,7,1054
Get In,TV-MA,97,"Drama, Horror, Thriller",5.6,10,2822
Elephant White,R,91,"Action, Crime, Thriller",5.0,10,10831
Godzilla Singular Point,TV-14,24,"Animation, Action, Mystery",6.5,7,1721
Drive,Not Rated,147,"Action, Crime, Thriller",3.1,10,7763
The Terror Live,Not Rated,97,"Action, Crime, Thriller",7.1,10,7207
The Family,TV-14,249,Documentary,6.4,7,3678
And Tomorrow the Entire World,TV-MA,111,"Crime, Drama, Romance",6.0,10,3298
Britney vs Spears,TV-MA,93,"Documentary, Biography, Music",6.4,10,7157
Paradise Beach,TV-MA,93,"Action, Crime, Drama",4.6,10,2291
Ali Wong: Don Wong,TV-MA,59,Comedy,6.6,4,2517
Forks Over Knives,PG,90,Documentary,7.7,10,12354
Double Dad,TV-G,103,"Comedy, Drama, Family",5.6,10,1312
Rocky Handsome,Not Rated,119,"Action, Crime, Drama",6.8,10,8468
Let's Dance,TV-MA,109,"Comedy, Drama, Family",5.9,10,1456
Love Me Instead,TV-MA,124,Drama,7.0,10,2676
Long Nights Short Mornings,Not Rated,100,"Drama, Romance",5.4,10,973
Advantageous,Not Rated,90,"Drama, Family, Sci-Fi",6.1,10,5561
Chicago Overcoat,R,94,"Action, Adventure, Crime",5.9,10,1159
Beyond,Not Rated,99,Drama,7.0,10,4059
Eden,TV-Y7,25,"Animation, Action, Adventure",6.6,7,1205
"Money, Explained",TV-14,23,Documentary,6.9,7,2313
Confessions of an Invisible Girl,TV-PG,91,"Comedy, Drama",5.2,10,1111
Wheels of Fortune,R,106,Comedy,5.4,10,831
Undefeated,PG-13,113,"Documentary, Sport",7.7,12,7098
7Seeds,TV-MA,25,"Animation, Action, Adventure",6.3,7,1459
The Fix,TV-MA,30,"Comedy, Talk-Show",7.0,7,1986
Under the Riccione Sun,TV-MA,101,"Comedy, Drama, Romance",5.6,10,2664
Hollywood Darlings,TV-PG,21,Comedy,6.6,7,537
The Devil and Father Amorth,Not Rated,68,Horror,4.6,10,2358
Mercy,TV-MA,90,"Drama, Mystery, Thriller",4.1,10,3519
Imperfect,TV-PG,113,"Comedy, Drama, Family",7.8,10,1141
Gunjan Saxena: The Kargil Girl,TV-14,112,"Action, Biography, Drama",5.6,14,34797
So Not Worth It,TV-14,35,"Comedy, Drama",7.0,7,1135
Any Day Now,R,98,Drama,7.4,10,6354
Caught by a Wave,TV-14,99,"Drama, Romance, Sport",5.8,10,1329
Shiny_Flakes: The Teenage Drug Lord,TV-MA,96,"Documentary, Biography, Crime",7.3,6,4909
Adam Sandler: 100% Fresh,TV-MA,73,"Comedy, Music",7.5,10,5309
Jinn,PG-13,97,"Fantasy, Horror, Thriller",4.1,10,4745
Heartbeats,PG,107,"Comedy, Drama, Music",5.3,10,839
Grudge,TV-MA,105,"Crime, Drama, Mystery",5.5,10,4348
Fullmetal Alchemist: The Sacred Star of Milos,TV-PG,110,"Animation, Action, Adventure",6.9,10,5044
Je Suis Karl,TV-MA,126,"Drama, Romance, Thriller",5.5,10,1177
Hate Story,Not Rated,140,"Drama, Thriller",5.3,10,3782
Grizzy and the Lemmings,TV-Y7,7,"Animation, Comedy, Family",7.1,5,627
The Bloodstained Butterfly,Not Rated,99,"Mystery, Thriller",6.3,10,1755
Ultraviolet,TV-MA,60,Crime,6.9,7,1636
Toolsidas Junior,TV-14,132,"Drama, Family, Sport",7.4,10,2162
A Secret Love,TV-MA,81,"Documentary, Drama",7.8,10,4469
Keep Your Hands Off Eizouken!,TV-PG,24,"Animation, Comedy, Drama",8.2,7,1596
Pelé,TV-14,108,"Documentary, Biography, Sport",7.0,12,4356
By the Grace of the Gods,TV-14,23,"Animation, Adventure, Fantasy",7.1,7,861
A Christmas Prince: The Royal Wedding,TV-PG,92,"Drama, Romance",5.3,10,10805
"Sleep, My Love",Passed,97,"Drama, Film-Noir, Mystery",6.8,10,1827
May the Devil Take You Too,Not Rated,110,"Fantasy, Horror, Mystery",6.0,10,1055
Jin Xiu Wei Yang,TV-14,45,"Drama, History, Romance",7.8,7,843
Rabbids Invasion,TV-Y7,21,"Animation, Comedy, Family",5.3,7,1975
Middle of Nowhere,R,97,Drama,6.5,10,1859
Delete,TV-14,180,"Action, Drama, Sci-Fi",5.4,7,1321
The Forty-Year-Old Version,R,123,"Comedy, Drama",7.2,10,5073
The Toys That Made Us,TV-14,46,"Documentary, Comedy, History",8.0,7,5709
Imperial Dreams,TV-MA,87,Drama,6.7,10,4549
Silver Spoon,TV-14,52,"Crime, Drama",7.6,7,1635
Generation 56K,TV-14,30,"Comedy, Drama, Romance",7.4,7,2496
Kono Oto Tomare!,TV-14,23,"Animation, Drama, Music",7.9,7,918
I'll Be Home for Christmas,TV-G,84,"Drama, Family, Romance",6.1,10,2519
One-Way to Tomorrow,TV-MA,90,"Comedy, Drama, Romance",5.6,10,5035
History of Swear Words,TV-MA,124,"Documentary, Comedy",6.4,7,4966
John Mulaney & the Sack Lunch Bunch,TV-PG,70,"Comedy, Family, Musical",7.4,10,3561
"My Brother, My Sister",TV-14,110,Drama,6.0,10,979
Misha and the Wolves,PG-13,90,"Documentary, Drama",6.7,10,2613
Ricky Gervais: Humanity,TV-MA,79,Comedy,7.9,4,20850
The Turning Point,TV-MA,97,"Crime, Drama",6.2,10,722
Astra Lost in Space,TV-14,23,"Animation, Action, Adventure",8.0,7,1417
InuYasha: The Final Act,TV-14,24,"Animation, Action, Adventure",8.5,7,3102
Eating Out: The Open Weekend,Not Rated,82,Comedy,5.4,10,2389
The Challenger,PG-13,95,"Drama, Sport",5.5,10,1394
Love Like the Falling Petals,TV-14,128,"Drama, Romance",6.4,10,475
Sundown,R,103,"Action, Adventure, Comedy",5.3,10,2387
The Warning,TV-MA,92,"Adventure, Crime, Drama",5.9,10,6425
Was It Love,TV-MA,70,"Comedy, Drama, Romance",7.1,7,920
Take Your Pills,TV-14,87,Documentary,6.3,10,5207
Life Itself,R,121,"Documentary, Biography",7.8,10,15763
The Final Table,TV-PG,60,Reality-TV,7.6,7,4255
Ethan Frome,PG,99,"Drama, Romance",6.2,10,2166
Kevin Hart: What Now?,R,96,"Documentary, Comedy",5.9,12,9557
Bright: Samurai Soul,TV-14,80,"Animation, Action, Adventure",5.5,10,864
The Hype House,TV-MA,36,Reality-TV,2.1,7,2955
Awake,Not Rated,92,"Action, Thriller",5.0,12,3567
The Confession Tapes,TV-MA,46,"Documentary, Crime",7.5,7,5428
Adventures in Zambezia,G,83,"Animation, Adventure, Comedy",5.7,10,7297
God Eater,TV-14,24,"Animation, Action, Sci-Fi",6.9,7,2034
Challenger: The Final Flight,TV-14,179,"Documentary, History",7.8,7,7056
Out of Reach,R,86,"Action, Crime, Drama",4.0,10,4952
It's Bruno!,TV-MA,15,Comedy,7.4,7,2958
Pyaar Ka Punchnama 2,Not Rated,137,"Comedy, Drama, Romance",7.3,10,15310
Alien Warfare,Not Rated,88,"Action, Mystery, Sci-Fi",2.6,10,3556
The Orbital Children,TV-14,38,"Animation, Adventure, Drama",6.4,7,623
Wilbur Wants to Kill Himself,R,109,"Comedy, Drama, Romance",6.8,10,7890
Breaking Boundaries: The Science of Our Planet,TV-PG,73,Documentary,7.8,10,2786
Sardar Ka Grandson,TV-14,139,"Comedy, Drama, Romance",4.2,10,4598
Ginny Weds Sunny,TV-MA,125,"Comedy, Drama, Romance",5.7,10,4838
One Day We'll Talk About Today,TV-14,121,"Drama, Family",7.4,10,1187
Sarah Cooper: Everything's Fine,TV-MA,49,Comedy,5.5,10,1740
Christmas Wonderland,TV-G,120,"Comedy, Drama, Romance",5.9,10,3115
Dead in Tombstone,R,100,"Action, Fantasy, Horror",4.8,10,5623
No Way Out,R,90,"Action, Crime, Drama",6.7,10,1935
The Crew,TV-MA,81,"Action, Crime, Drama",6.3,10,5174
Feels Like Ishq,TV-MA,32,"Comedy, Drama, Romance",6.4,7,1569
Stand Out: An LGBTQ+ Celebration,TV-MA,96,"Documentary, Comedy",6.0,12,694
Underdogs,PG,85,"Animation, Adventure, Family",6.4,10,9713
I Am Vengeance: Retaliation,R,90,Action,3.5,10,2915
Numberblocks,TV-Y,5,Animation,8.6,7,227
Super Wings!,TV-Y,15,"Animation, Adventure, Family",5.9,7,333
Hurts Like Hell,TV-MA,200,"Biography, Drama, Sport",7.4,7,247
"Strip Down, Rise Up",R,112,Documentary,5.3,10,678
Bongwater,R,97,"Comedy, Drama, Romance",5.3,10,4434
Dinotrux,TV-Y7-FV,23,"Animation, Short, Action",6.7,7,468
Ali's Wedding,TV-MA,110,"Comedy, Drama, Romance",6.9,10,5063
Beauty and the Dogs,TV-MA,100,"Crime, Drama, Thriller",7.0,10,2262
Beyond Stranger Things,TV-PG,21,"Documentary, Talk-Show",7.4,7,2067
Good Sam,TV-PG,89,"Comedy, Drama, Romance",5.7,10,3023
The Innocence Files,TV-MA,573,"Documentary, Crime",7.9,7,2811
King Jack,Not Rated,81,"Adventure, Drama",6.9,10,3274
Earth and Blood,TV-MA,80,"Action, Crime, Drama",5.2,10,2637
Almost Love,Not Rated,94,"Comedy, Drama, Romance",5.7,10,1158
"Frankenstein's Monster's Monster, Frankenstein",TV-14,32,"Short, Comedy",5.8,10,2222
Bundy and the Green River Killer,Not Rated,85,"Crime, Drama, Thriller",3.4,10,1112
True and the Rainbow Kingdom,TV-Y,22,"Animation, Short, Adventure",7.0,7,462
Destry,Approved,95,Western,6.6,10,1465
Stalked by My Doctor: The Return,TV-14,97,Thriller,5.7,10,865
My Only Love Song,TV-14,30,"Comedy, Fantasy, Romance",7.0,7,689
Historical Roasts,TV-MA,30,Comedy,5.4,7,1731
Shirkers,TV-14,97,Documentary,7.4,10,5215
Winter in Wartime,R,103,"Drama, History, War",7.0,10,12952
Ankahi Kahaniya,TV-14,110,"Drama, Romance",5.5,14,896
Barbie Dreamhouse Adventures,TV-Y,22,"Animation, Comedy, Family",6.7,7,555
Citrus,TV-14,24,"Animation, Drama, Romance",6.5,7,2212
Go! Go! Cory Carson,TV-Y,11,"Animation, Short, Adventure",7.8,7,250
Fortune Seller: A TV Scam,TV-14,45,"Documentary, Biography, Crime",6.4,5,69
Jo Pil-ho: The Dawning Rage,Not Rated,127,"Action, Crime, Drama",6.3,12,2246
That Girl in Yellow Boots,Not Rated,103,"Crime, Drama, Mystery",6.6,10,3831
Jagame Thandhiram,TV-MA,158,"Action, Crime, Drama",5.8,10,11860
Chloe and Theo,PG-13,81,"Comedy, Drama",5.7,10,1717
Flint Town,TV-MA,45,"Documentary, Crime",7.8,7,3745
"Live Twice, Love Once",TV-MA,101,"Comedy, Drama",7.2,10,6667
Lego City Adventures,TV-Y7,22,"Animation, Short, Action",6.7,7,199
Plan de fuga,Not Rated,105,"Action, Adventure, Crime",5.6,10,1909
A Wish For Christmas,TV-G,84,"Drama, Family, Fantasy",5.9,10,4787
Sharkdog,TV-Y,7,"Animation, Short, Adventure",5.9,7,174
Zero,TV-MA,27,"Action, Comedy, Drama",5.7,7,1326
Hannah Gadsby: Nanette,TV-MA,69,"Documentary, Comedy",8.1,6,12529
The Last of Robin Hood,R,94,"Biography, Drama, Romance",5.7,12,2278
Toro,PG-13,105,"Action, Adventure, Crime",5.9,10,3288
Crime of Passion,Approved,86,"Crime, Drama, Film-Noir",6.4,10,2442
Tigertail,PG,91,Drama,6.6,10,3635
Casting JonBenet,TV-14,80,"Documentary, Crime, Drama",6.1,10,5471
Coin Heist,TV-14,97,"Crime, Drama, Romance",4.8,10,2758
The Mansion,PG-13,100,"Comedy, Horror",4.6,10,2712
Inspector Gadget,TV-Y7,22,"Animation, Action, Adventure",4.5,7,638
The Legend of Cocaine Island,TV-MA,83,Documentary,6.3,10,3365
Expelled,PG-13,85,Comedy,4.7,10,6765
Monthly Girls' Nozaki-kun,TV-PG,23,"Animation, Comedy, Romance",7.6,7,3549
The Doll 3,TV-MA,115,"Horror, Thriller",4.7,10,146
Sakho & Mangane,TV-MA,52,"Action, Mystery",6.4,7,139
In Her Hands,PG-13,92,Documentary,5.2,6,13
Dawn of the Croods,TV-Y7,23,"Animation, Short, Adventure",5.8,7,735
"Michael Bolton's Big, Sexy Valentine's Day Special",TV-MA,54,"Comedy, Music, Musical",6.8,12,2149
Strange Weather,R,92,Drama,6.0,10,1597
Rocko's Modern Life: Static Cling,TV-Y7,45,"Animation, Action, Adventure",6.9,12,3917
The Adventures of Super Mario Bros. 3,TV-Y7,11,"Animation, Adventure, Comedy",7.1,7,1686
The Keeper,R,94,"Action, Crime, Thriller",5.0,10,4650
The Titan Games,TV-G,60,"Game-Show, Reality-TV",7.1,7,3531
Manny & Lo,R,88,"Comedy, Drama",6.6,10,2096
Street Food: Asia,TV-G,30,Documentary,7.9,7,2882
The Guide to the Perfect Family,TV-MA,102,"Comedy, Drama",6.4,10,1726
The Prey,R,105,"Action, Crime, Drama",6.6,10,5578
Inside Bill's Brain: Decoding Bill Gates,TV-14,52,Documentary,7.8,5,11017
Fastest Car,TV-MA,45,"Documentary, Reality-TV",7.1,7,1351
Savage Dog,TV-14,94,"Action, Drama",4.9,10,3324
Merry Kissmas,Unrated,89,"Comedy, Drama, Romance",5.3,10,3216
El Hijo,TV-MA,92,"Drama, Mystery, Thriller",5.4,10,3652
DNA,TV-MA,90,Drama,6.0,10,1080
Hate Story 3,Not Rated,126,"Drama, Thriller",4.5,10,3267
Brother,TV-MA,96,Drama,6.7,10,1127
The Disappearance of Madeleine McCann,TV-14,60,"Documentary, Crime, Mystery",6.6,7,10833
This Is a Robbery: The World's Greatest Art Heist,TV-MA,210,"Documentary, Crime, History",6.5,7,4429
Nanking,R,88,"Biography, History, War",7.7,12,3504
"Bikram: Yogi, Guru, Predator",TV-MA,86,"Documentary, Crime",6.7,10,7651
Bodyguard,Not Rated,130,"Action, Comedy, Drama",4.7,10,26121
Designing Miami,TV-MA,40,Reality-TV,6.3,1,33
World's Most Wanted,TV-14,45,"Documentary, Crime",7.1,7,2591
We Couldn't Become Adults,TV-MA,124,"Drama, Romance",6.5,10,758
Huge in France,TV-MA,30,Comedy,6.8,7,2877
Time Share,TV-MA,96,"Drama, Mystery, Thriller",5.9,10,2829
Spivak,TV-MA,91,Comedy,5.6,12,762
The Waiter,TV-MA,104,"Comedy, Crime, Mystery",6.0,10,1187
In Their Skin,Not Rated,97,"Horror, Thriller",5.3,10,5487
The Real Miyagi,TV-14,80,"Documentary, Action, Biography",7.1,10,1001
Stay on Board: The Leo Baker Story,TV-MA,72,"Documentary, Sport",6.4,10,291
Asakusa Kid,TV-MA,122,"Biography, Drama",7.1,10,1311
Too Hot to Handle: Latino,TV-MA,36,"Game-Show, Reality-TV, Romance",5.3,7,298
Just Say Yes,TV-MA,97,"Comedy, Romance",4.5,12,1990
Act of Vengeance,Not Rated,119,"Action, Drama",5.7,10,15163
The Hunting Ground,PG-13,103,Documentary,7.4,10,6329
At the Devil's Door,Not Rated,91,Horror,4.7,10,7184
Can You Hear Me,TV-MA,30,"Comedy, Drama",7.7,7,726
Brotherly Love,R,89,Drama,6.5,10,1926
Audrie & Daisy,TV-14,95,"Documentary, Crime",7.2,12,6669
Prince of Peoria,TV-Y7,25,"Comedy, Family",5.9,7,492
Navy Seals vs. Zombies,Not Rated,97,"Action, Horror",3.3,10,2218
I'm Reed Fish,PG,93,"Comedy, Drama, Romance",5.7,10,4384
Shaitan,Not Rated,121,"Action, Crime, Drama",7.2,10,8532
The Square,Not Rated,95,"Documentary, Drama, History",8.0,10,9074
Secrets of the Saqqara Tomb,TV-PG,113,"Documentary, History",7.2,12,6434
Booba,TV-Y7,96,"Animation, Comedy, Family",7.0,7,428
Adventure Beast,TV-MA,20,"Animation, Adventure, Comedy",5.2,7,589
Terrace House,TV-14,30,"Drama, Reality-TV",8.1,7,1692
Lost Tapes,TV-14,30,"Horror, Mystery, Sci-Fi",6.1,7,907
LoliRock,TV-Y,26,"Animation, Action, Adventure",7.2,7,472
1898: Our Last Men in the Philippines,R,105,"Drama, History, War",6.5,10,3403
Secrets of Summer,TV-Y,35,"Drama, Family",6.1,7,142
Grandmaster,Not Rated,100,"Action, Thriller",6.9,10,2241
"Fat, Sick & Nearly Dead",Not Rated,97,Documentary,7.5,12,8765
UnHung Hero,Unrated,84,Documentary,5.6,10,2671
Hyperdrive,TV-PG,29,Reality-TV,8.0,7,2659
Ugly Delicious,TV-MA,50,Documentary,7.8,7,3567
Escorts,Not Rated,47,Documentary,5.1,6,445
Trial by Media,TV-MA,61,"Documentary, Crime",7.1,7,3228
Archibald's Next Big Thing,TV-Y7,24,"Animation, Short, Adventure",7.5,7,293
Re: Mind,TV-MA,30,"Mystery, Thriller",4.9,7,1635
Night on Earth,TV-PG,290,Documentary,8.1,5,4435
Murder by the Coast,TV-MA,88,"Documentary, Crime, History",6.5,3,2204
Hulk: Where Monsters Dwell,PG,75,"Animation, Action, Fantasy",5.3,12,1216
Bo Burnham: Make Happy,TV-MA,60,"Comedy, Music",8.3,6,15207
Kevin Hart: Irresponsible,TV-MA,60,Comedy,6.5,4,4611
Ghost Lab,TV-MA,117,"Drama, Horror, Thriller",5.2,10,1459
Patriot Act with Hasan Minhaj,TV-MA,25,"Comedy, News, Talk-Show",8.3,7,7378
Root Cause,TV-14,73,"Documentary, Adventure, Biography",4.8,10,1337
Sempre più bello,TV-14,105,"Comedy, Drama, Romance",5.4,10,517
Tiger Orange,Unrated,75,Drama,6.5,10,1417
Love Is Blind: Japan,TV-PG,50,"Reality-TV, Romance",7.1,5,578
Oggy and the Cockroaches: Next Generation,TV-Y7,7,"Animation, Short, Adventure",6.1,1,42
RuPaul's Drag Race: Untucked!,TV-14,21,Reality-TV,7.7,7,3485
Rock My Heart,TV-PG,105,Drama,6.5,10,1032
Test,TV-MA,89,"Drama, History, Romance",6.4,10,1641
House of the Rising Sun,R,90,Thriller,4.3,10,3567
Tony Robbins: I Am Not Your Guru,Not Rated,115,Documentary,6.6,10,4431
Today We Fix the World,TV-14,113,"Comedy, Drama",6.2,10,1020
Miss India,TV-PG,136,Drama,3.6,10,2130
What's Up with Cinta?,TV-14,112,"Drama, Romance",7.7,10,2869
Kore wa Zombie desu ka?,TV-MA,25,"Animation, Action, Comedy",6.9,7,1764
Bo Burnham: what.,TV-MA,60,"Comedy, Music",8.3,6,12046
Where on Earth Is Carmen Sandiego?,TV-Y7,21,"Animation, Action, Adventure",7.2,7,1993
City of Tiny Lights,Not Rated,110,"Crime, Drama, Mystery",5.5,10,2407
El Final del Paraíso,TV-MA,44,"Action, Drama",5.1,7,227
Secret People,Approved,96,"Crime, Drama",6.2,10,673
Mutants,R,95,"Drama, Horror, Sci-Fi",5.5,10,4139
Money Heist: The Phenomenon,TV-14,57,Documentary,7.5,12,3515
Children of the Whales,TV-MA,24,"Animation, Drama, Fantasy",7.0,7,1597
Welcome to Wedding Hell,TV-14,35,"Drama, Romance",6.1,7,152
Take the 10,Not Rated,80,Comedy,4.7,10,3191
Cloudy with a Chance of Meatballs,TV-Y7,30,"Animation, Adventure, Comedy",3.3,7,774
Battle: Freestyle,TV-MA,88,"Drama, Music, Romance",4.4,10,420
Queen Sono,TV-MA,43,"Action, Crime, Drama",6.0,7,1262
Chef's Table: France,TV-14,46,Documentary,8.2,3,1751
Tribhanga,TV-MA,95,"Drama, Family",6.2,10,2975
The Puffy Chair,R,85,"Comedy, Drama, Romance",6.5,12,5135
More than Blue: The Series,TV-14,50,"Drama, Romance",7.8,7,325
Ore no imouto ga konna ni kawaii wake ga nai,TV-14,25,"Animation, Comedy, Drama",6.4,7,1535
The Axe Murders of Villisca,Not Rated,78,Horror,4.1,10,1926
The Submarine Kid,Unrated,109,"Drama, Romance",5.6,10,879
"What Happened, Miss Simone?",Not Rated,101,"Documentary, Biography, Music",7.6,10,13970
Snoop Dogg's F*Cn Around Comedy Special,TV-MA,67,"Documentary, Comedy",5.2,10,473
The Players,TV-MA,88,Comedy,4.7,10,1675
Deca-Dence,TV-14,23,"Animation, Action, Adventure",7.0,7,1237
Word Party,TV-Y,11,"Animation, Family",5.5,7,355
Sugar Rush,TV-PG,55,"Game-Show, Reality-TV",7.0,7,1560
Bartkowiak,TV-MA,91,"Action, Crime, Sport",5.1,10,1237
Kuromukuro,TV-14,24,"Animation, Action, Sci-Fi",7.2,7,1303
Super Why!,TV-Y,30,"Animation, Family",6.0,7,911
Dear Ex,TV-MA,100,"Comedy, Drama, Romance",7.3,12,6421
Further Tales of the City,TV-MA,180,"Drama, Mystery, Romance",7.6,7,1568
Us and Them,Not Rated,120,"Drama, Romance",7.3,10,4311
The Oscars,TV-14,187,Music,5.7,10,1575
Temporada de Verão,TV-14,45,"Drama, Romance",5.7,7,303
Polycarp,Not Rated,85,"Crime, Horror, Romance",3.0,10,1067
Mo Amer: The Vagabond,TV-MA,56,"Documentary, Comedy",7.3,4,929
Cleo & Cuquin,TV-Y,7,"Animation, Family",8.0,7,100
Big Fish & Begonia,PG-13,100,"Animation, Adventure, Drama",7.0,12,6305
The Amityville Haunting,Not Rated,86,Horror,2.6,10,2384
Newly Rich,TV-PG,96,"Comedy, Drama, Family",6.6,10,689
Tarung Sarung,TV-14,115,"Action, Adventure, Drama",6.0,10,203
Smile PreCure!,TV-PG,24,"Animation, Action, Adventure",6.2,7,406
Sins of Our Mother,TV-14,141,"Documentary, Crime, Mystery",7.0,7,1918
Me Him Her,Not Rated,98,"Comedy, Romance",5.2,10,1530
The Makeover,TV-PG,93,Comedy,5.7,10,3199
You've Got This,TV-MA,111,"Comedy, Romance",5.8,10,1319
Team Foxcatcher,TV-14,90,"Documentary, Biography, Crime",7.3,10,6688
Hisss,Not Rated,98,"Comedy, Drama, Horror",2.9,10,1804
Hurricane Bianca,TV-MA,84,"Comedy, Drama",5.8,10,6462
Dogs,TV-PG,50,"Documentary, History, Reality-TV",7.9,5,1295
Beat Bugs,TV-Y,24,"Animation, Short, Adventure",7.6,7,526
Fanático,TV-MA,10,"Comedy, Drama, Music",5.1,7,147
The 3rd Eye,TV-MA,107,"Drama, Fantasy, Horror",5.1,10,1458
Revenger,Not Rated,101,"Action, Crime, Thriller",5.7,10,4382
UFO,TV-MA,109,Drama,4.7,10,827
Destruction Los Angeles,Not Rated,93,"Action, Adventure, Thriller",4.0,10,3676
Requiem for the American Dream,Not Rated,73,"Documentary, Biography, News",8.1,14,9838
Headspace Guide to Meditation,TV-G,173,"Documentary, Animation",8.4,1,1602
This Earth of Mankind,TV-MA,181,"Drama, History",6.9,10,767
Zero to Hero,TV-14,102,"Biography, Drama, Sport",6.7,10,922
Namaste Wahala,TV-14,106,"Drama, Romance",5.1,10,1567
212 Warrior,TV-14,123,"Action, Adventure, Comedy",6.9,10,1527
Check Point,TV-MA,97,"Action, Thriller, War",3.2,10,1086
We Are the Champions,TV-MA,30,"Documentary, Game-Show",7.1,7,1447
Juanita,TV-MA,90,Drama,6.0,10,2401
The 11th Hour,Not Rated,97,"Drama, Thriller",4.9,10,1801
All the Queen's Men,PG-13,99,"Action, Comedy, Drama",4.7,10,2669
Lady-Like,R,82,"Comedy, Romance",5.2,10,7014
Circus of Books,Not Rated,92,"Documentary, Biography, History",7.1,10,4669
Battle Ground,R,95,"Action, Drama, War",4.9,12,2061
Countdown: Inspiration4 Mission to Space,TV-14,244,Documentary,7.8,7,1915
The Last Runway,TV-MA,107,"Action, Crime, Drama",5.9,12,739
All Is Well,TV-MA,90,Drama,6.5,10,1453
Drug Lords,TV-MA,42,Documentary,6.8,7,1360
Whitney,R,120,"Documentary, Biography, Drama",7.3,10,7413
Seventeen,TV-MA,99,Drama,7.2,10,4111
Borderline,TV-14,30,Comedy,7.1,7,1547
Nightworld: Door of Hell,TV-MA,92,"Horror, Thriller",4.4,10,2301
Dolly Kitty and Those Twinkling Stars,TV-MA,126,"Comedy, Drama",5.5,10,7626
We the People,TV-PG,3,"Animation, Short, Comedy",3.7,7,760
Lionheart,TV-PG,95,Comedy,5.7,10,1488
Sunday's Illness,PG-13,113,Drama,6.9,10,3619
Zeitgeist: Moving Forward,Not Rated,161,Documentary,8.1,10,18472
Splatter,TV-14,29,"Comedy, Horror",3.2,7,634
Black Beach,TV-MA,110,Drama,5.6,10,1615
Becoming,PG,89,"Documentary, Biography",6.9,10,6391
Sarah and Duck,TV-G,7,"Animation, Short, Family",8.3,7,756
Secrets of Great British Castles,TV-PG,45,"Documentary, History",7.7,7,1092
Maktub,TV-MA,100,"Comedy, Drama",7.3,10,2764
Bettie Page Reveals All,R,101,"Documentary, Biography",7.1,10,1550
Maria,TV-MA,90,"Action, Crime, Drama",5.0,10,2196
Bill Burr: Paper Tiger,TV-MA,67,Comedy,8.1,4,11373
Wildflower,PG-13,92,"Drama, Thriller",5.2,10,968
James Acaster: Repertoire,TV-MA,205,Comedy,8.4,7,3826
Blood Brother,R,90,"Action, Crime, Drama",4.4,10,1052
Nazi Concentration Camps,Not Rated,59,"Documentary, History",8.3,10,1481
Christmas Crossfire,TV-MA,105,"Comedy, Crime, Thriller",4.8,10,1404
Jerry Seinfeld: 23 Hours to Kill,TV-PG,60,Comedy,6.7,6,5180
Jim Gaffigan: Comedy Monster,TV-14,70,Comedy,6.9,4,1736
How to Ruin Christmas,TV-MA,50,"Comedy, Drama",6.2,7,506
Welcome to Dongmakgol,Not Rated,133,"Comedy, Drama, War",7.6,10,7195
Stand by Me Doraemon 2,Not Rated,96,"Animation, Comedy, Drama",7.5,12,3929
Super Monsters,TV-Y,23,"Animation, Adventure, Comedy",6.2,7,419
The Gabby Douglas Story,Not Rated,86,"Biography, Drama, Sport",6.9,10,1771
My Christmas Inn,TV-G,100,"Comedy, Drama, Romance",5.6,10,2247
Riding Faith,TV-G,81,Family,4.4,10,238
The Great Robbery of Brazil's Central Bank,TV-MA,60,"Documentary, Crime",6.4,1,572
Dragon Age: Dawn of the Seeker,Not Rated,90,"Animation, Action, Adventure",5.7,10,2957
11M: Terror in Madrid,TV-14,92,Documentary,6.9,1,1923
Cells at Work! Code Black,TV-14,24,"Animation, Action, Comedy",7.5,7,502
Found,PG,97,"Documentary, Drama",7.5,10,1234
Latte & the Magic Waterstone,TV-PG,81,"Animation, Adventure, Comedy",5.6,16,993
Stuck Apart,TV-MA,96,"Comedy, Drama",6.0,12,10611
Mighty Little Bheem,TV-Y,6,"Animation, Short, Adventure",6.4,1,260
Mr. Good: Cop or Crook?,TV-14,200,"Documentary, Crime",6.9,1,496
Strong Island,TV-MA,107,"Documentary, Crime",6.4,10,3936
Carnaval,TV-MA,94,Comedy,4.0,10,930
Shot in the Dark,TV-MA,37,"Documentary, Reality-TV",8.0,7,1828
Only for Love,TV-MA,60,"Drama, Musical",7.5,7,23
Godzilla: The Planet Eater,TV-14,91,"Animation, Action, Adventure",5.0,12,4259
Habibie & Ainun,TV-14,120,"Biography, Drama, Romance",7.6,10,2144
Dirty Daddy: The Bob Saget Tribute,TV-MA,83,Comedy,6.6,10,503
Team Zenko Go,TV-Y,24,"Animation, Family",7.4,7,47
"Te quiero, imbécil",TV-MA,87,Comedy,5.8,10,3511
Bottom of the World,Not Rated,85,"Drama, Mystery, Thriller",5.1,10,5262
The Secret Diary of an Exchange Student,TV-14,96,"Comedy, Romance",5.3,10,922
Torbaaz,TV-MA,133,"Action, Drama, Sport",6.8,10,17926
The Haunted House: The Secret of the 'Ghost Ball',TV-Y7,26,"Animation, Adventure, Comedy",8.3,7,89
Sahara,TV-Y7,86,"Animation, Adventure, Comedy",5.5,10,2841
Tricked: The Documentary,Not Rated,73,"Documentary, Crime",6.0,12,1514
Maoyu ~ Archenemy & Hero,TV-14,23,"Animation, Fantasy, Romance",6.9,7,656
Bad Boy Billionaires: India,TV-14,59,"Documentary, Biography, Crime",7.9,1,3113
4L,TV-MA,105,"Comedy, Drama",5.9,10,3305
Zig & Sharko,TV-Y,7,"Animation, Comedy, Family",6.8,1,695
Fed Up,PG,92,Documentary,7.7,10,12028
The 69th Primetime Emmy Awards,TV-14,133,News,5.1,12,318
The Cuba Libre Story,TV-14,52,"Documentary, History",7.6,7,1717
Beneath the Leaves,TV-MA,90,Thriller,4.5,10,1538
Gosick,TV-MA,24,"Animation, Comedy, Drama",7.3,7,1291
Burning Sands,TV-MA,96,Drama,6.0,10,2886
Deep,TV-MA,101,"Drama, Mystery, Sci-Fi",4.8,18,1483
Gun,R,82,"Action, Crime, Thriller",3.8,10,3791
Gamers!,TV-14,24,"Animation, Comedy, Romance",6.7,7,1455
The Speed Cubers,TV-PG,39,"Documentary, Short, Sport",7.4,10,3575
Silencer,Not Rated,88,"Drama, Thriller",3.8,10,1142
Backlash,Passed,84,"Action, Adventure, Mystery",6.6,10,1665
The Dreamlife of Georgie Stone,PG,27,"Documentary, Short, Biography",4.7,10,70
Hijacked,R,86,"Action, Crime, Thriller",3.8,10,3695
Alphablocks,TV-Y,5,Animation,8.0,5,75
Cek Toko Sebelah: The Series,TV-14,22,Comedy,7.7,7,145
Pete Davidson Presents: The Best Friends,TV-MA,58,"Documentary, Comedy",4.8,10,695
Death by Magic,TV-14,35,Reality-TV,6.1,7,656
American Dreamer,R,92,"Crime, Drama, Thriller",6.2,10,976
The Oscars,TV-14,170,Music,6.5,10,1194
The Disappearance of Haruhi Suzumiya,Not Rated,162,"Animation, Drama, Family",8.0,12,7320
Mea Maxima Culpa: Silence in the House of God,TV-14,106,Documentary,8.0,10,3910
Dragons: Rescue Riders: Secrets of the Songwing,TV-Y,46,"Animation, Action, Adventure",5.1,12,187
Generation Iron,PG-13,106,"Documentary, Drama, Sport",7.0,10,7886
And Breathe Normally,TV-14,95,Drama,6.9,10,3122
Homecoming: A Film by Beyoncé,TV-MA,137,"Documentary, Music",7.5,12,7168
Demoted,R,94,Comedy,5.3,10,2021
Biggie: I Got a Story to Tell,R,97,"Documentary, Biography, Music",6.8,10,5115
Home Game,TV-14,36,"Documentary, Sport",7.0,7,872
17 Girls,Not Rated,86,Drama,6.0,12,3307
Elize Matsunaga: Once Upon a Crime,TV-MA,197,"Documentary, Biography, Crime",5.9,7,2216
Angry Birds Stella,TV-Y7,6,Animation,7.2,7,109
You vs. Wild,TV-PG,20,"Adventure, Reality-TV",6.6,1,2641
Fugitiva,TV-MA,60,Drama,5.6,7,677
Meitantei Conan: Zero no Tea Time,TV-PG,13,"Animation, Comedy, Crime",6.5,1,156
Away,Not Rated,105,"Crime, Drama",6.6,10,3092
Jimmy Carr: His Dark Material,TV-MA,59,Comedy,7.1,6,5023
Futuro Beach,Unrated,106,"Drama, Romance",6.3,10,3133
Turbo FAST,TV-Y7,23,"Animation, Action, Adventure",6.3,7,622
Zumbo's Just Desserts,TV-14,52,Reality-TV,6.9,5,2199
Running Wild,PG,99,"Drama, Western",5.8,10,1406
Home: Adventures with Tip & Oh,TV-Y7,23,"Animation, Short, Adventure",6.0,7,617
Never Stop Dreaming: The Life and Legacy of Shimon Peres,TV-14,129,Documentary,6.7,10,252
The House Next Door,Not Rated,137,Horror,6.7,10,2463
Watashi ga Motete Dousunda,TV-PG,23,"Animation, Comedy, Drama",6.6,7,1276
Hold Your Breath,R,87,"Horror, Thriller",3.3,10,2004
Her Infidelity,TV-14,83,"Drama, Thriller",3.5,10,565
My Little Pony: Make Your Mark,TV-Y,44,"Animation, Short, Adventure",6.5,10,135
This Is Pop,TV-MA,44,Music,6.9,7,1180
The Plagues of Breslau,TV-MA,110,"Action, Crime, Mystery",5.9,10,5084
Bad Day for the Cut,Not Rated,99,"Action, Crime, Drama",6.5,10,8260
Rurouni Kenshin: Reflection,Not Rated,83,"Animation, Adventure, Drama",8.0,7,4202
Morris from America,R,91,"Comedy, Drama, Romance",6.3,10,5379
Pinky Malinky,TV-Y7,12,"Animation, Comedy, Family",5.5,7,1061
SSSS.Gridman,TV-14,23,"Animation, Action, Adventure",7.0,7,697
Orgasm Inc.,Not Rated,73,Documentary,5.9,10,557
Luck,Not Rated,141,"Action, Adventure, Drama",4.8,10,2778
Notes for My Son,TV-MA,84,Drama,6.4,10,943
Dead Kids,TV-MA,98,Thriller,5.4,10,585
Chandni Bar,Not Rated,150,"Crime, Drama",7.6,10,2650
Struggle: The Life and Lost Art of Szukalski,TV-MA,115,"Documentary, Biography",7.9,10,4272
Tiger King: The Doc Antle Story,TV-MA,127,"Documentary, Biography, Crime",6.2,7,1671
Llama Llama,TV-Y,24,"Animation, Adventure, Family",6.1,7,274
Big Tree City,TV-Y,24,"Animation, Action, Adventure",8.2,7,49
44 Cats,TV-Y7,13,"Animation, Adventure, Comedy",6.0,7,290
Como Caído Del Cielo,TV-14,112,"Comedy, Drama, Musical",6.5,10,1471
Dave Chappelle: Equanimity,TV-MA,60,Comedy,8.1,6,12553
Iron Chef: Mexico,TV-MA,50,"Game-Show, Reality-TV",8.7,1,8
The Women and the Murderer,TV-14,92,"Documentary, Crime",6.4,12,1324
Kipper,TV-Y,47,"Animation, Short, Comedy",7.0,7,967
Monster Hunter: Legends of the Guild,TV-14,58,"Animation, Action, Adventure",5.1,10,1312
Beyblade Burst,TV-Y7,24,"Animation, Action, Adventure",6.6,7,602
Dealin' with Idiots,Not Rated,88,Comedy,5.4,10,1433
A Little Help with Carol Burnett,TV-G,23,Talk-Show,6.3,7,240
Taylor Tomlinson: Quarter-Life Crisis,TV-14,61,Comedy,7.4,4,3960
Bon Cop Bad Cop 2,Not Rated,126,"Action, Comedy, Crime",6.6,10,4194
Yucatán,TV-MA,129,"Adventure, Comedy, Romance",5.5,10,2175
Shadow,TV-MA,45,"Action, Crime, Drama",6.5,7,979
Goedam,TV-MA,10,"Short, Horror, Mystery",5.7,7,995
Rage of Bahamut: Genesis,TV-14,24,"Animation, Action, Fantasy",7.3,7,1515
Rainbow Ruby,TV-Y,11,"Animation, Adventure, Comedy",6.5,7,81
Fierce,TV-MA,118,"Comedy, Music",5.5,10,1266
"Ariana Grande: Excuse Me, I Love You",TV-MA,97,"Documentary, Music",6.3,12,2642
The Land Before Time XIV: Journey of the Brave,G,82,"Animation, Adventure, Comedy",5.6,18,766
Tactical Force,R,91,Action,4.7,10,5916
The Gospel of John,Unrated,160,Drama,7.7,10,928
The Man Without Gravity,TV-14,107,"Comedy, Drama, Fantasy",5.8,10,2572
Tragic Jungle,TV-MA,96,"Adventure, Drama, Mystery",5.6,10,971
Ben Platt Live from Radio City Music Hall,TV-PG,85,Music,8.3,12,507
Murder to Mercy: The Cyntoia Brown Story,TV-MA,96,Documentary,6.3,1,2818
Ang probinsyano,TV-14,99,"Action, Adventure, Crime",3.6,7,296
The Snitch Cartel: Origins,TV-MA,60,"Crime, Drama",5.6,7,195
Shinchan,TV-PG,25,"Animation, Comedy, Family",8.4,7,969
The Mr. Peabody & Sherman Show,TV-Y7,23,"Animation, Adventure, Comedy",5.5,7,457
They'll Love Me When I'm Dead,TV-MA,98,Documentary,7.4,10,5097
Astro Boy,TV-Y7,30,"Animation, Action, Adventure",6.9,7,485
Papa Hemingway in Cuba,R,110,"Biography, Drama",6.3,10,1548
Hi Score Girl,TV-PG,25,"Animation, Comedy, Romance",8.0,7,2045
One of Our Dinosaurs Is Missing,G,94,"Adventure, Comedy, Family",5.9,10,1817
Seven in Heaven,PG-13,94,"Drama, Horror, Mystery",5.3,10,2748
Light in the Dark,TV-14,105,Thriller,5.6,10,38
Zeitgeist: Addendum,Not Rated,123,"Documentary, History, War",8.2,10,18368
Shaun the Sheep: The Flight Before Christmas,TV-Y,30,"Animation, Comedy, Family",7.3,10,1515
Derren Brown: Pushed to the Edge,TV-MA,68,Reality-TV,7.5,10,3781
The Age of Spin: Dave Chappelle Live at the Hollywood Palladium,TV-MA,67,Comedy,8.1,6,12653
Cities of Last Things,TV-MA,106,"Crime, Drama, Sci-Fi",6.2,10,1700
Mini Force: The Beginning,TV-Y7,20,"Animation, Action, Adventure",4.7,7,62
Zach Galifianakis: Live at the Purple Onion,Unrated,90,"Documentary, Comedy",7.2,10,4009
Godzilla: City on the Edge of Battle,TV-14,101,"Animation, Action, Adventure",5.8,12,4961
Rhythm + Flow,TV-MA,52,"Music, Reality-TV",7.6,7,1622
Girls Incarcerated: Young and Locked Up,TV-MA,45,"Documentary, Reality-TV, Talk-Show",7.2,1,1116
Temple,TV-MA,78,"Adventure, Drama, Horror",3.6,10,5085
Game On! A Comedy Crossover Event,TV-G,30,"Comedy, Family",5.5,7,224
Tell Me When,TV-MA,95,Comedy,5.7,10,1033
Laddaland,Not Rated,125,"Drama, Horror, Mystery",6.2,10,2338
Sword Art Online Alternative: Gun Gale Online,TV-14,24,"Animation, Action, Adventure",6.8,7,2395
The Fisherman's Diary,TV-MA,143,Drama,6.4,10,644
The Joel McHale Show with Joel McHale,TV-MA,30,Comedy,7.1,7,2409
Magia Record: Puella Magi Madoka Magica Side Story,TV-14,24,"Animation, Action, Drama",6.1,7,373
Diabolically Yours,G,93,"Crime, Drama, Thriller",6.0,10,1467
Just Short of Perfect,TV-14,94,"Comedy, Romance",5.3,10,1047
Dragnet,Approved,88,"Crime, Drama, Film-Noir",6.6,10,1041
Danur,TV-14,74,Horror,5.3,10,891
Manson Family Vacation,Not Rated,84,"Comedy, Drama, Thriller",5.8,10,3027
Angry Birds Toons,TV-Y,3,"Animation, Action, Adventure",6.1,7,848
The House of Flowers: The Movie,TV-MA,86,"Comedy, Drama",5.5,10,875
Surviving Paradise: A Family Tale,TV-G,78,Documentary,7.5,6,653
King of Boys: The Return of the King,TV-MA,439,"Crime, Drama",6.2,7,263
Patton Oswalt: We All Scream,TV-MA,58,"Documentary, Comedy",5.4,4,239
High on the Hog: How African American Cuisine Transformed America,TV-14,210,"Documentary, History",7.7,7,711
"Barbie: Big City, Big Dreams",TV-Y,60,"Animation, Family, Musical",5.7,10,331
Death Clique,TV-PG,83,"Crime, Drama, Mystery",5.4,10,1352
Full Count,TV-PG,110,"Drama, Fantasy, Sport",5.6,10,664
Travis Scott: Look Mom I Can Fly,TV-MA,84,"Documentary, Music",6.3,10,4728
Awake: The Million Dollar Game,TV-PG,41,Game-Show,5.9,7,803
Habibie & Ainun 3,TV-14,121,"Biography, Drama, Romance",7.2,10,320
Staged Killer,TV-14,88,Thriller,3.6,10,319
Amy Schumer: The Leather Special,TV-MA,57,Comedy,3.1,6,9988
All the Freckles in the World,TV-14,91,"Comedy, Romance, Sport",5.2,10,1313
Naked Among Wolves,Not Rated,105,"Drama, History, War",7.2,10,4007
Rea(l)ove,TV-MA,40,Reality-TV,6.6,3,224
Sword Gai: The Animation,TV-MA,22,"Animation, Action, Fantasy",5.8,7,950
"Mom, Don't Do That!",TV-MA,50,"Comedy, Drama, Romance",6.1,7,193
Jenni Rivera: Mariposa de Barrio,TV-MA,45,"Drama, Musical",7.2,7,247
1920,Unrated,138,"Horror, Mystery, Romance",6.4,10,3555
One Second,TV-14,88,"Comedy, Romance",4.7,10,433
House of Bodies,Not Rated,79,"Crime, Drama, Thriller",3.8,12,6847
Connected: The Hidden Science of Everything,TV-14,45,"Documentary, Comedy",7.5,7,1746
Trial 4,TV-MA,437,"Documentary, Crime",7.4,7,2124
The Bleeding Edge,TV-14,99,Documentary,7.6,10,2765
The Rachel Divide,TV-MA,100,Documentary,6.3,10,2600
Choose,R,83,"Crime, Drama, Horror",4.7,10,4409
Aliens on the Moon: The Truth Exposed,Not Rated,86,Sci-Fi,3.4,10,1025
Street Food: Latin America,TV-PG,30,Documentary,7.8,7,1386
The Lighthouse of the Whales,TV-MA,110,"Biography, Drama, Romance",6.7,10,3942
The Waiting Room,Not Rated,81,Documentary,7.1,4,858
Xiaolin Chronicles,TV-Y7-FV,22,"Animation, Short, Action",6.7,7,1064
Switched,TV-MA,35,"Drama, Sci-Fi",7.1,7,1460
Touchy Feely,R,89,"Comedy, Drama",5.3,10,3744
Torrente 4,Unrated,93,"Action, Comedy, Crime",5.4,10,5125
Prime Time,TV-MA,93,"Drama, Thriller",5.2,10,1822
Baggio: The Divine Ponytail,TV-MA,91,"Biography, Drama, Sport",6.1,10,4529
Darc,TV-MA,97,"Action, Crime, Thriller",5.8,10,4541
Little Boxes,Not Rated,84,"Comedy, Drama",5.9,10,2046
The Oscars,TV-14,175,Music,6.4,10,2159
My Amanda,TV-14,89,"Drama, Romance",5.7,10,320
My Perfect Romance,PG,91,Romance,4.6,10,3096
Detention,TV-MA,50,"Drama, Horror, Mystery",6.3,7,534
Nicole Byer: BBW (Big Beautiful Weirdo),TV-MA,65,Comedy,5.7,4,561
Hasan Minhaj: Homecoming King,TV-MA,73,Comedy,8.2,4,7306
Everything Will Be Fine,TV-MA,35,"Comedy, Drama",6.3,7,344
The Killer Is Loose,Passed,73,"Crime, Drama, Film-Noir",6.6,10,2137
Jonah: A VeggieTales Movie,G,82,"Animation, Adventure, Comedy",6.4,14,4260
Forest of Piano,TV-PG,25,"Animation, Adventure, Drama",7.2,7,937
The Idhun Chronicles,TV-14,25,"Animation, Action, Adventure",5.4,7,585
The Journey Is the Destination,R,123,Drama,6.3,10,646
Skew,Not Rated,83,"Horror, Thriller",4.4,10,2017
The Naked Civil Servant,TV-14,77,"Biography, Comedy, Drama",7.9,10,1741
Bert Kreischer: The Machine,TV-MA,70,Comedy,7.6,4,1606
The Comedy Lineup,TV-MA,15,Comedy,6.0,7,487
Shepherds and Butchers,R,102,"Crime, Drama, Mystery",6.8,10,3388
H2O: Mermaid Adventures,TV-Y7,25,"Animation, Adventure, Comedy",5.5,7,205
The Last Word,TV-MA,40,"Comedy, Drama",7.0,7,979
Suzzana: Buried Alive,TV-MA,125,"Drama, Horror, Thriller",5.5,12,948
Monty Python: The Meaning of Live,Not Rated,90,Documentary,7.6,12,618
Audible,PG-13,39,"Documentary, Short, Sport",6.7,4,2395
The Martha Mitchell Effect,PG,40,"Documentary, Short, History",6.8,12,413
Byron Baes,TV-MA,40,Reality-TV,2.7,1,507
Citation,TV-MA,151,"Drama, Thriller",6.1,10,981
LUV,R,94,"Crime, Drama",5.9,10,2192
Followers,TV-MA,40,"Drama, Romance",6.4,7,576
All About the Washingtons,TV-PG,25,"Comedy, Music",4.6,7,731
Cupcake & Dino: General Services,TV-Y7,23,"Animation, Action, Comedy",7.6,7,749
Fairy gone,M,23,"Animation, Action, Fantasy",5.8,7,364
Deepa & Anoop,TV-Y,25,"Animation, Adventure, Comedy",8.6,7,42
Deuces,TV-MA,87,"Action, Crime, Drama",5.8,10,1020
How Sarah Got Her Wings,Unrated,88,"Drama, Fantasy",5.5,12,1791
Naruto SD: Rock Lee & His Ninja Pals,TV-14,24,"Animation, Action, Comedy",7.2,7,914
Mostly Sunny,TV-MA,83,Documentary,5.4,10,759
The Task,R,94,Horror,4.2,10,3527
3 Geezers!,Not Rated,81,Comedy,3.3,10,769
Puff: Wonders of the Reef,TV-G,62,"Documentary, Family",7.2,4,837
Thriller,TV-MA,87,"Crime, Drama, Horror",3.6,10,1223
Milestone,TV-14,98,Drama,6.6,10,654
Zoolander: Super Model,Not Rated,84,"Animation, Comedy, Sci-Fi",4.9,10,168
Queer Eye: Germany,TV-14,45,Reality-TV,7.2,7,1143
K,TV-14,24,"Animation, Action, Drama",7.0,7,2388
Ungli,Not Rated,114,"Crime, Drama, Thriller",5.8,10,3951
Have You Ever Seen Fireflies?,TV-14,113,"Comedy, Drama",6.1,10,5072
How to Fix a Drug Scandal,TV-MA,211,"Documentary, Crime",7.0,7,3371
Òlòtūré,TV-MA,106,"Crime, Drama",5.5,10,810
Bill Burr: I'm Sorry You Feel That Way,TV-MA,80,Comedy,8.2,4,8296
I Do,Not Rated,91,"Drama, Romance",6.4,10,1178
"Young, Famous & African",TV-MA,45,Reality-TV,4.7,7,435
Country Queen,TV-MA,60,Drama,5.2,7,220
Keith Richards: Under the Influence,TV-PG,81,"Documentary, Music",7.1,10,3418
Spark: A Burning Man Story,Not Rated,90,"Documentary, Action, Biography",6.2,12,576
The Great Father,PG,151,"Action, Crime, Drama",6.9,10,7717
The Chanting Revisited,TV-14,105,"Comedy, Horror",4.6,10,693
League of Legends Origins,Not Rated,77,Documentary,6.5,10,1020
Carmel: Who Killed Maria Marta?,TV-14,229,"Documentary, Crime, Mystery",7.0,7,2515
Lady Tamara,TV-14,225,"Biography, Reality-TV",4.2,7,85
Boi,TV-MA,110,"Mystery, Thriller",5.0,10,692
The Big Day,TV-MA,40,"Reality-TV, Romance",4.7,7,347
BreadCrumbs,R,88,"Horror, Thriller",3.2,10,874
The Way Home,PG,89,"Drama, Family",6.0,10,746
Rape Zombie: Lust of the Dead 2,Not Rated,67,Horror,3.4,10,437
Godzilla: Planet of the Monsters,TV-14,89,"Animation, Action, Adventure",6.0,12,8649
Taylor Swift: Reputation Stadium Tour,TV-PG,125,"Documentary, Music",8.4,10,5544
You Animal!,TV-MA,73,"Animation, Comedy, Romance",6.4,10,278
Cult of the Cobra,Approved,82,"Fantasy, Horror",5.7,10,1372
Pickpockets,TV-MA,108,"Crime, Drama",5.4,10,1211
Pool Party,Not Rated,92,Comedy,5.2,10,1113
Crazy Awesome Teachers,TV-14,101,"Comedy, Drama",6.1,10,460
The Sensuous Assassin,R,78,"Mystery, Thriller",5.6,10,456
Rising Phoenix,PG-13,105,"Documentary, Sport",8.1,12,1704
Jiva!,TV-MA,50,Drama,5.6,7,272
Grass is Greener,TV-MA,97,Documentary,7.1,10,1377
Saving Capitalism,TV-PG,73,Documentary,6.8,12,3252
Trivia Quest,TV-G,9,"Animation, Short, Adventure",5.7,1,213
Along Came Jones,Approved,90,"Comedy, Romance, Western",6.4,10,2163
Hold Your Breath: The Ice Dive,TV-PG,40,"Documentary, Short, Sport",6.5,10,597
The Inheritor,PG,112,"Action, Drama, Thriller",6.3,10,1203
Winnetou: The Last Shot,Approved,93,"Action, Adventure, Western",6.6,10,2612
Dad Wanted,TV-14,102,"Comedy, Drama, Family",5.7,12,1095
Cat Burglar,TV-14,12,"Animation, Short, Comedy",6.6,8,477
A New York Christmas Wedding,TV-MA,88,"Drama, Romance",5.3,10,1135
All Hail King Julien: Exiled,TV-Y7,23,"Animation, Short, Adventure",7.4,7,586
Transformers: Cyberverse,TV-Y7-FV,11,"Animation, Short, Action",6.6,7,377
Stash House,R,99,Thriller,4.7,10,2776
Happiness Ever After,TV-MA,99,"Drama, Romance",4.4,10,168
Mo,Not Rated,105,"Comedy, Drama, Family",6.6,10,218
Kevin Hart: Let Me Explain,R,75,"Documentary, Comedy",6.6,12,9080
Frank and Cindy,R,102,Comedy,6.1,10,873
Dave Chappelle: 8:46,TV-MA,27,"Short, Comedy",8.1,6,3358
Leyla Everlasting,TV-MA,112,Comedy,3.7,10,7551
Pinkfong and Baby Shark's Space Adventure,TV-Y,66,"Animation, Adventure, Family",5.0,14,89
Trailer Park Boys: Don't Legalize It,TV-14,95,"Comedy, Crime, Drama",7.3,10,4763
How to Be a Man,Not Rated,85,Comedy,6.7,10,3304
Holiday Rush,TV-PG,92,"Comedy, Drama, Family",4.9,10,2740
"Oh, Hello on Broadway",TV-MA,104,Comedy,7.7,12,3161
Supermensch,R,85,"Documentary, Biography, Music",7.4,12,3307
The Last Heist,TV-MA,84,"Action, Horror, Thriller",3.6,10,2632
Larva Pendant,TV-Y7,33,"Animation, Short, Family",5.4,6,69
The Death and Life of Marsha P. Johnson,TV-MA,105,"Documentary, Biography",7.2,10,2992
Revisions,TV-MA,36,"Animation, Action, Sci-Fi",5.9,7,623
Dovlatov,PG-13,126,"Biography, Drama",6.4,10,2027
The Chosen,R,88,"Horror, Thriller",3.5,10,2149
Transformers: BotBots,TV-Y7,25,"Animation, Action, Adventure",6.9,7,84
Hollywood & Wine,R,95,Comedy,3.5,12,429
Battle,TV-MA,95,"Drama, Romance",5.9,10,4300
Dave Chappelle: The Bird Revelation,TV-MA,49,Comedy,7.8,4,10143
Iron Man and Captain America: Heroes United,PG,71,"Animation, Action, Adventure",5.5,12,1788
Sea of Love,TV-Y,10,"Animation, Adventure, Comedy",8.8,7,40
Transformers: Rescue Bots Academy,TV-Y7,11,"Animation, Action, Adventure",6.2,7,108
Dark Summer,Not Rated,81,"Horror, Thriller",4.2,10,3354
Aliens: Zone of Silence,TV-MA,79,"Horror, Mystery, Sci-Fi",3.4,10,577
Louis C.K. 2017,TV-MA,74,Comedy,7.6,6,10306
Paranoid,Not Rated,93,"Crime, Horror, Thriller",3.9,10,2334
Monty Python's Fliegender Zirkus,TV-MA,87,Comedy,8.1,7,2165
Hero Mask,TV-14,25,"Animation, Action, Crime",6.2,7,692
Nerdland,Not Rated,85,"Animation, Comedy",5.3,10,1086
Daniel Sloss: Live Shows,TV-MA,118,Comedy,8.5,1,3569
Christina P.: Mom Genes,TV-MA,62,"Documentary, Comedy",5.9,4,675
Miss Representation,Not Rated,85,Documentary,7.5,12,3769
Ali Wong: Baby Cobra,TV-MA,60,Comedy,7.5,4,7129
DMT: The Spirit Molecule,Not Rated,75,Documentary,7.1,10,4730
The Surrogate,TV-14,90,"Drama, Mystery, Thriller",4.5,10,617
Rudy Habibie,TV-14,124,"Biography, Drama, Romance",7.5,10,852
Ready to Mingle,TV-MA,95,Comedy,5.9,10,2399
The Boss Baby: Get That Baby!,TV-Y7,24,"Animation, Short, Adventure",4.9,14,368
WorldEnd: What Do You Do at the End of the World? Are You Busy? Will You Save Us?,TV-14,24,"Animation, Drama, Fantasy",7.1,7,789
Aleksandr's Price,Not Rated,108,Drama,4.8,12,836
Rodeo & Juliet,Unrated,88,"Drama, Family, Romance",4.7,10,1063
Bangkok Breaking,TV-MA,60,"Action, Crime, Drama",5.8,7,307
The Revenge of Robert the Doll,Not Rated,80,Horror,2.6,10,775
June and Kopi,TV-G,90,"Comedy, Family",6.3,10,567
Deep in the Heart of Texas: Dave Chappelle Live at Austin City Limits,TV-MA,66,Comedy,7.9,6,11654
Rumble in Hong Kong,Not Rated,80,"Action, Crime",3.5,10,1512
I Heart Arlo,TV-Y7,11,"Animation, Short, Adventure",6.5,7,229
The Pill,Not Rated,83,"Comedy, Drama, Romance",5.4,10,3961
Glamour Girls,TV-MA,125,Drama,3.7,10,157
Iceberg Slim: Portrait of a Pimp,R,89,"Documentary, Biography",6.8,10,726
Mucho Mucho Amor: The Legend of Walter Mercado,TV-14,96,Documentary,7.2,12,3334
Sinister Squad,Not Rated,90,"Action, Comedy, Fantasy",2.2,10,1117
Eromanga Sensei,Not Rated,24,"Animation, Comedy, Drama",5.5,7,1406
"Abby Hatcher, Fuzzly Catcher",TV-Y,23,"Animation, Adventure, Comedy",5.4,7,187
We Steal Secrets,R,130,Documentary,6.9,10,7967
Eagles Over London,PG,100,"Action, Drama, War",5.6,10,660
Rita Moreno: Just a Girl Who Decided to Go for It,PG-13,90,"Documentary, Biography",7.7,10,781
Dreamland,Not Rated,84,"Comedy, Drama, Music",5.7,10,580
Unnatural Selection,TV-MA,66,Documentary,7.9,7,2013
Catching Feelings,TV-MA,124,"Comedy, Drama, Romance",5.6,10,562
Kaali Khuhi,TV-14,90,"Drama, Horror, Mystery",3.5,10,1258
Life's a Glitch with Julien Bam,TV-MA,35,"Comedy, Sci-Fi",4.3,7,373
7 Days Out,TV-PG,48,Documentary,6.8,7,561
The Pact II,Not Rated,96,"Horror, Mystery, Thriller",4.4,12,3562
Doctor X,Not Rated,54,"Comedy, Drama, Mystery",7.5,7,683
Autumn,R,110,"Horror, Sci-Fi, Thriller",3.1,10,1621
Piggy Tales,TV-Y,1,"Animation, Adventure, Comedy",6.8,5,147
Juhong geulshi,Not Rated,115,"Drama, Mystery, Thriller",6.4,10,1119
The Trader,TV-PG,23,"Documentary, Short",6.7,1,2930
Kyûketsuki Sugu Shinu,TV-14,24,"Animation, Comedy, Fantasy",6.8,7,222
Seoul Searching,TV-MA,105,"Comedy, Drama, Music",7.0,10,1759
Hellions,Not Rated,80,"Drama, Horror, Thriller",4.2,10,3329
My Beautiful Broken Brain,TV-14,86,"Documentary, Biography",7.0,12,2309
Particle Fever,Not Rated,99,Documentary,7.4,10,7440
Kartini: Princess of Java,TV-G,122,"Biography, Drama, Family",7.6,10,549
So Much Love to Give,TV-14,108,Comedy,5.3,10,1420
All Because of You,TV-14,101,"Action, Comedy, Romance",4.0,10,222
The Tribe,TV-MA,90,"Comedy, Family",5.8,10,2805
Percentage,Not Rated,86,"Action, Crime, Drama",4.1,10,6483
Ponysitters Club,TV-Y,22,Family,5.8,7,117
Sara's Notebook,TV-MA,115,"Adventure, Drama, Mystery",5.9,10,2741
"To Each, Her Own",TV-MA,95,"Comedy, Drama",5.4,10,1805
2:22,R,104,"Crime, Drama, Thriller",5.1,10,1431
Yosemite,R,80,Drama,4.7,10,889
Commandos,PG,98,"Action, Drama, War",5.3,10,928
Amongst Vultures,Approved,98,"Adventure, Western",5.9,10,1625
The Claus Family,TV-PG,96,"Comedy, Family, Fantasy",5.5,10,2046
Akhirat: A Love Story,TV-14,112,"Drama, Fantasy, Romance",6.3,10,108
Barbie & Chelsea the Lost Birthday,TV-Y,60,"Animation, Adventure, Family",5.2,10,223
Attack of the Hollywood Cliches!,TV-MA,58,"Documentary, Comedy",6.1,14,3827
Tidying Up with Marie Kondo,TV-PG,40,Reality-TV,6.6,7,3638
The Sleeping City,Approved,86,"Crime, Drama, Film-Noir",6.7,10,638
Quincy,TV-MA,124,"Documentary, Biography",7.6,12,4595
End Game,TV-PG,40,"Documentary, Short",7.1,3,1868
Dark Net,TV-MA,30,Documentary,7.0,7,1500
Iceman,R,104,"Action, Comedy, History",4.7,10,3626
Ánimas,TV-MA,83,"Horror, Thriller",4.8,12,1390
Knock Down the House,PG,87,Documentary,7.2,10,12582
Bridegroom,R,80,Documentary,8.0,10,4535
Buddy Thunderstruck,TV-PG,24,"Animation, Action, Comedy",7.7,7,510
Milly & Mamet,TV-14,101,"Comedy, Drama",7.4,10,815
Schulz Saves America,TV-MA,68,Comedy,7.3,1,1130
Reversing Roe,TV-14,99,Documentary,7.5,12,1649
Iliza Shlesinger: War Paint,Not Rated,75,Comedy,6.6,4,2041
Black Ink Crew New York,TV-14,42,Reality-TV,4.8,7,478
The Black Godfather,TV-MA,118,"Documentary, Biography",7.5,10,1383
Blood Brothers: Malcolm X & Muhammad Ali,PG-13,95,"Documentary, Biography, History",6.9,10,986
Kakushigoto,TV-14,23,"Animation, Comedy, Drama",7.4,7,820
Tom Segura: Disgraceful,TV-MA,71,"Documentary, Comedy",7.5,4,3916
Charlie's Colorforms City,TV-G,23,"Animation, Adventure, Comedy",6.6,7,155
Aruna & Her Palate,TV-MA,106,"Drama, Romance",7.1,10,785
Generation Iron 2,PG-13,106,Documentary,6.1,10,2497
The Lookout,Not Rated,89,"Action, Crime, Thriller",5.7,10,2807
The Redhead from Wyoming,Approved,81,Western,6.1,10,566
Bert Kreischer: Secret Time,TV-MA,57,Comedy,7.3,4,2377
Crime Diaries: The Candidate,TV-MA,45,"Crime, Drama, Thriller",7.5,7,824
October 1,PG-13,148,"Crime, Drama, Mystery",6.4,10,459
Swallow,TV-14,128,"Drama, History, Thriller",3.7,10,197
Kulipari: An Army of Frogs,TV-Y7,20,"Animation, Action, Fantasy",6.8,7,262
Love Is Blind: Brazil,TV-MA,60,"Reality-TV, Romance",6.2,7,459
Christmas Flow,TV-MA,50,"Comedy, Music, Romance",5.9,7,745
Chelsea,TV-MA,30,"Comedy, Talk-Show",6.1,7,2081
Man Without a Star,Approved,89,Western,6.8,10,3498
The Future Diary,TV-PG,35,"Reality-TV, Romance",7.0,1,137
Brazilian Western,Not Rated,108,"Crime, Drama, Romance",6.6,10,3054
A.I.C.O. Incarnation,TV-14,25,"Animation, Action, Sci-Fi",6.3,7,1221
Xico's Journey,TV-Y7,85,"Animation, Family, Fantasy",5.1,10,557
The Three Deaths of Marisela Escobedo,TV-MA,109,"Documentary, Crime",8.1,10,1731
Bill Burr: You People Are All the Same.,TV-MA,69,Comedy,8.2,6,7600
Nate Bargatze: The Greatest Average American,TV-G,60,Comedy,7.3,4,1412
Super Drags,TV-MA,30,"Animation, Comedy, Fantasy",5.4,7,1799
Mono,Not Rated,88,Comedy,6.2,10,1666
Gie,Not Rated,147,"Biography, Drama",7.6,10,997
Barbie Princess Adventure,TV-Y,72,"Animation, Family, Musical",5.4,10,494
Ali & the Queens,TV-14,100,"Comedy, Drama",7.0,10,1270
Last Will,Not Rated,101,"Drama, Thriller",4.5,10,449
La grande classe,TV-MA,83,Comedy,5.3,12,1279
Tom Segura: Ball Hog,TV-MA,70,Comedy,7.3,4,3052
Russell Madness,PG,92,"Family, Sport",4.2,10,675
Dolly Parton: Here I Am,TV-14,90,"Documentary, Biography, Music",7.3,10,1526
Money,R,86,"Crime, Mystery, Thriller",5.5,10,3137
Alive Inside: A Story of Music and Memory,Not Rated,78,"Documentary, Music, News",8.2,10,3146
Kitty Love: An Homage to Cats,TV-PG,60,Documentary,5.1,10,506
Joel Kim Booster: Psychosexual,TV-MA,67,Comedy,5.7,4,390
Robert Reborn,Not Rated,85,Horror,2.7,10,573
Tamborine,TV-MA,98,Comedy,6.6,6,7036
Worn Stories,TV-MA,30,Documentary,6.7,7,319
Civil: Ben Crump,PG-13,101,"Documentary, Biography",5.8,4,193
Bankrolled,TV-MA,97,Comedy,4.0,10,320
Let's Be Evil,Not Rated,82,"Horror, Reality-TV, Sci-Fi",4.3,10,7998
21 Thunder,TV-MA,44,Drama,6.0,7,1028
The Philly Kid,R,90,"Action, Drama, Sport",5.6,10,2226
Pray for Rain,PG-13,92,"Drama, Mystery, Thriller",5.3,10,1035
Street,PG-13,85,Action,4.6,10,1156
The Exorcism of Anna Ecklund,Not Rated,79,Horror,2.5,10,1124
The Laws of Thermodynamics,TV-MA,100,Comedy,6.0,10,2791
Trevor Noah: Son of Patricia,TV-MA,63,Comedy,7.3,4,4152
Bake Squad,TV-PG,35,"Game-Show, Reality-TV",6.8,7,723
Pajanimals,TV-G,2,"Family, Musical",6.7,7,103
CAT. 8,TV-14,180,"Action, Adventure, Drama",4.4,7,1280
Meerkat Manor,TV-14,26,Documentary,8.3,7,1256
"Thi Mai, rumbo a Vietnam",TV-14,99,"Comedy, Family",6.0,10,2616
A Perfect Fit,TV-PG,112,"Comedy, Drama, Romance",5.3,10,610
Cadet 1947,TV-14,111,"Drama, History, War",6.5,12,178
The White Helmets,TV-14,41,"Documentary, Short, War",7.5,10,7777
Darr @ the Mall,Not Rated,124,"Horror, Thriller",4.8,10,991
Queer Eye: We're in Japan!,TV-14,50,Reality-TV,8.2,7,2636
Way of the Vampire,R,82,"Action, Horror, Thriller",2.0,12,1649
Winx Club: The Mystery of the Abyss,TV-Y7,83,"Animation, Action, Adventure",5.7,10,774
Street Flow,TV-MA,96,Crime,6.4,12,1551
Lego Friends: Girls on A Mission,TV-Y,11,Animation,6.0,7,120
Kevin Hart's Guide to Black History,TV-PG,62,Comedy,5.5,10,1362
War Flowers,PG-13,99,"Drama, History, War",4.2,10,462
Jane Fonda & Lily Tomlin: Ladies Night Live,TV-MA,60,"Documentary, Comedy",5.6,7,343
Magi: Sinbad no Bouken,TV-14,24,"Animation, Action, Adventure",7.5,7,2254
The Russian Revolution,TV-14,47,"Documentary, History",6.5,10,702
Monty Python Live (Mostly),Not Rated,162,"Documentary, Comedy, Musical",7.6,12,2634
Glorious Days,TV-14,119,"Comedy, Drama, Musical",7.4,10,612
Tucked,Not Rated,80,Drama,6.7,10,795
Girl Rising,PG-13,101,"Documentary, Drama",7.2,10,1234
"Crazy Horse, Paris with Dita Von Teese",Not Rated,56,Musical,6.3,7,161
The River Thief,Not Rated,87,"Action, Adventure, Crime",5.2,10,497
Rats,Not Rated,88,"Documentary, Horror",6.5,10,1522
Motown Magic,TV-Y,15,"Animation, Comedy, Family",7.9,7,295
Dogwashers,TV-MA,107,"Comedy, Crime, Drama",5.8,10,612
John Mulaney: Kid Gorgeous at Radio City,TV-MA,65,Comedy,7.9,8,8027
Anthony Jeselnik: Fire in the Maternity Ward,TV-MA,64,Comedy,7.2,4,3688
Polly Pocket,TV-Y7,22,"Animation, Adventure, Comedy",5.9,7,130
Aurora,TV-14,110,"Horror, Thriller",4.3,10,617
Erax,TV-14,13,"Short, Family, Mystery",4.3,10,316
Santana,TV-MA,106,"Action, Crime, Drama",3.8,12,997
Aziz Ansari: Nightclub Comedian,TV-MA,30,Comedy,7.0,6,2304
'76,Not Rated,118,"Drama, Romance",5.6,10,234
Deidra & Laney Rob a Train,TV-14,92,"Comedy, Crime, Drama",6.0,10,1934
Bethany Hamilton: Unstoppable,PG,100,"Documentary, Sport",7.4,10,760
A Certain Scientific Accelerator,TV-14,24,"Animation, Action, Comedy",6.9,7,451
Elite Short Stories: Omar Ander Alexis,TV-MA,35,"Short, Drama",7.2,7,1979
A Christmas Tree Miracle,TV-G,102,Family,6.5,10,854
Kevin Hart: Don't F**k This Up,TV-MA,30,Documentary,6.4,7,2045
Alien Xmas,TV-Y,40,"Animation, Short, Adventure",6.2,10,1300
Beast of Morocco,Not Rated,90,Horror,4.6,10,239
Pants on Fire,Unrated,85,"Comedy, Family",5.1,10,1109
Bill Burr: Walk Your Way Out,TV-MA,77,Comedy,7.2,4,7500
Kevin Hart: Zero F**ks Given,TV-MA,69,Comedy,6.0,10,3481
American Violence,Not Rated,107,"Crime, Drama, Thriller",4.4,10,1819
"Sonora, the Devil's Highway",TV-14,94,"Drama, Thriller, Western",6.3,10,638
The Alcàsser Murders,TV-MA,303,"Documentary, Crime",7.0,7,2295
Joy,TV-MA,99,Drama,6.6,10,1328
Ari Eldjárn: Pardon My Icelandic,TV-MA,54,Comedy,7.8,4,1581
Pete Davidson: Alive from New York,TV-MA,49,Comedy,6.1,6,4281
Thackeray,Not Rated,120,"Biography, Drama",5.3,10,3461
Tarzan and Jane,TV-Y7,22,"Animation, Action, Adventure",4.6,7,287
Gumrah,Not Rated,149,"Action, Crime, Drama",6.1,10,809
Taboo,R,80,"Drama, Horror, Mystery",3.5,10,1906
King's Faith,PG-13,108,Drama,6.2,10,796
Get Me Roger Stone,TV-14,92,"Documentary, Biography",7.3,14,7466
DC Super Hero Girls: Hero of the Year,Not Rated,76,"Animation, Action, Adventure",5.4,10,740
1000 Miles from Christmas,TV-PG,102,"Comedy, Romance",5.8,10,1529
Sebastian Maniscalco: What's Wrong with People?,TV-14,75,Comedy,8.0,4,1244
Quiet Victory: The Charlie Wedemeyer Story,Not Rated,100,Drama,7.2,10,145
Octonauts & the Great Barrier Reef,TV-Y,47,"Animation, Action, Adventure",6.6,10,151
The American Meme,TV-MA,98,Documentary,6.7,10,16669
War of the Worlds: Goliath,PG-13,85,"Animation, Action, Adventure",5.4,10,1200
"Gabriel ""Fluffy"" Iglesias: One Show Fits All",TV-14,90,Comedy,7.2,4,1856
Maggie & Bianca: Fashion Friends,TV-Y7,24,"Comedy, Drama, Family",5.9,7,168
Little Big Mouth,TV-14,94,"Comedy, Music, Romance",4.1,12,185
Last Hope,TV-14,24,"Animation, Action, Adventure",5.8,7,441
Lost Song,TV-14,25,"Animation, Adventure, Drama",7.0,7,381
Artifact,Not Rated,103,"Documentary, Music",7.9,10,4637
Dig Two Graves,Not Rated,85,"Drama, Horror, Mystery",5.6,10,3276
Backstabbed,TV-PG,88,"Drama, Thriller",4.8,10,561
Ranveer vs. Wild with Bear Grylls,TV-14,70,Documentary,6.6,8,4162
Chris Tucker Live,TV-MA,92,"Documentary, Comedy",6.3,4,1981
The 74th Annual Golden Globe Awards 2017,TV-14,180,News,5.5,10,666
800 Meters,TV-MA,156,"Documentary, Crime",7.0,7,631
Mother,Not Rated,95,"Drama, Horror, Thriller",5.6,10,1517
Manhattan Romance,TV-14,94,"Comedy, Drama, Romance",5.6,10,1360
Nailed It! Holiday!,TV-PG,31,Reality-TV,7.7,7,1115
Angela's Christmas Wish,TV-Y7-FV,47,"Animation, Adventure, Comedy",7.0,10,1467
My Heroes Were Cowboys,PG,22,"Documentary, Short",6.7,8,282
Stretch Armstrong & the Flex Fighters,TV-Y7-FV,22,"Animation, Short, Action",6.2,7,320
The Short Game,PG,99,"Documentary, Sport",7.3,10,1587
Extremis,TV-PG,24,"Documentary, Short",7.3,6,2429
Jeff Dunham: Beside Himself,TV-MA,58,Comedy,6.9,4,1113
David and the Elves,TV-G,105,"Comedy, Family, Fantasy",5.2,10,702
Trevor Noah: Afraid of the Dark,TV-MA,67,Comedy,7.2,4,5305
Too Handsome to Handle,TV-PG,106,"Comedy, Drama",6.7,10,588
Uppena,TV-14,147,"Action, Drama, Romance",6.5,10,3948
Rape Zombie: Lust of the Dead 3,Not Rated,68,Horror,3.5,10,410
My Little Pony: Equestria Girls - Rainbow Rocks,TV-Y,75,"Animation, Adventure, Comedy",6.9,12,3119
City of Ghosts,TV-PG,20,"Animation, Adventure, Family",7.5,7,407
Jim Jefferies: Intolerant,TV-MA,66,Comedy,7.2,6,2938
Naomi Osaka,TV-14,113,"Documentary, Biography, Sport",6.3,7,1323
Sin hijos,TV-PG,95,"Comedy, Romance",5.2,10,544
Dragon Pilot: Hisone and Masotan,TV-14,30,"Animation, Fantasy, Sci-Fi",6.9,7,508
What's Up with Cinta 2,TV-14,123,"Drama, Romance",7.3,10,1960
Bakugan: Battle Planet,TV-Y7-FV,24,"Animation, Action, Adventure",4.7,7,234
2020 Golden Globe Awards,TV-14,134,Comedy,7.2,10,874
Sebastian Maniscalco: Stay Hungry,TV-MA,65,Comedy,7.1,4,1357
Magmel of the Sea Blue,TV-14,24,"Animation, Action, Adventure",6.1,7,656
Exhibit A,TV-14,144,"Documentary, Crime",6.3,7,1087
Anthony Jeselnik: Thoughts and Prayers,TV-MA,59,Comedy,7.7,6,5372
Cabras da Peste,TV-14,97,"Action, Comedy, Crime",6.0,10,1815
Hope Frozen,TV-PG,75,"Documentary, Drama",6.6,10,538
The Unlikely Girl,Not Rated,95,"Drama, Mystery, Thriller",5.4,10,226
Camp Confidential: America's Secret Nazis,PG-13,36,"Documentary, Animation, Short",6.6,12,869
Bad Blood,Not Rated,87,"Action, Drama, Thriller",4.7,10,439
Seriously Single,TV-MA,107,"Comedy, Romance",4.5,12,1279
Pachamama,PG,72,"Animation, Adventure, Family",6.8,10,892
David Spade: Nothing Personal,TV-MA,66,"Documentary, Comedy",5.8,4,760
Lens,Not Rated,109,"Drama, Mystery, Thriller",6.6,10,1242
Swing State,R,95,"Comedy, Music, Romance",3.7,10,365
Nail Bomber: Manhunt,TV-MA,72,"Documentary, Crime, History",6.3,10,2192
Best. Worst. Weekend. Ever.,TV-PG,191,"Comedy, Family",6.3,7,315
Sometimes,TV-14,110,Drama,7.2,10,866
The Cimarron Kid,Passed,84,Western,6.3,10,1027
White Rabbit Project,TV-PG,48,Reality-TV,6.9,7,1680
Woman They Almost Lynched,Approved,90,Western,6.5,10,367
Unfreedom,Not Rated,102,"Crime, Drama, Romance",5.0,10,1962
So My Grandma's a Lesbian!,TV-MA,94,Comedy,4.3,10,1224
Jerry Before Seinfeld,TV-14,62,Comedy,7.0,10,5764
River of Darkness,R,105,"Action, Horror, Thriller",2.2,10,928
Bobby Kennedy for President,TV-MA,245,"Documentary, Biography, Drama",8.1,7,1842
Tersanjung: The Movie,TV-14,114,"Drama, Romance",5.9,14,219
The Oscars,TV-14,229,Music,6.8,10,1986
Jeff Dunham: Arguing with Myself,Not Rated,76,Comedy,8.0,4,4004
Pandemic: How to Prevent an Outbreak,TV-14,50,Documentary,6.4,7,2780
Adam by Eve: A Live in Animation,TV-14,58,"Animation, Music",6.1,5,420
Jefe,TV-MA,89,Comedy,5.4,10,1113
Chasing Trane: The John Coltrane Documentary,Not Rated,99,"Documentary, Biography, History",7.3,10,2340
Canvas,G,9,"Animation, Short, Drama",6.4,1,2746
Shadow of Truth,TV-MA,40,"Documentary, Crime",8.0,7,1475
A World Without,TV-MA,107,"Drama, Mystery, Sci-Fi",3.9,10,368
Kevin James: Never Don't Give Up,TV-PG,62,Comedy,6.2,4,1482
Chelsea Does,TV-MA,70,Documentary,7.3,7,2501
Bumping Mics with Jeff Ross & Dave Attell,TV-MA,36,Comedy,7.7,7,1220
The Director: An Evolution in Three Acts,Not Rated,85,Documentary,6.2,8,218
Jeff Dunham: Controlled Chaos,Unrated,97,Comedy,7.4,6,2309
K-9 Adventures: Legend of the Lost Gold,Not Rated,90,"Adventure, Family",5.2,10,210
Morphle,TV-Y,43,"Animation, Adventure, Family",5.2,7,90
Sparking Joy with Marie Kondo,TV-PG,45,"Short, Drama, History",6.3,1,383
Slam,TV-MA,100,"Comedy, Drama, Romance",6.1,10,1337
A Naija Christmas,TV-14,121,"Comedy, Drama, Romance",4.8,10,351
Get the Grift,TV-14,94,"Comedy, Crime",5.3,10,779
Million Pound Menu,Not Rated,60,"Game-Show, Reality-TV",6.6,7,578
Iliza: Elder Millennial,TV-MA,72,Comedy,7.2,6,4129
Pentagram,Not Rated,80,Horror,2.7,10,547
King of Boys,TV-MA,169,"Crime, Drama",5.9,10,432
Action Pack,TV-Y,29,"Animation, Action, Adventure",6.5,7,90
Tom Segura: Mostly Stories,TV-MA,73,Comedy,7.5,12,3703
Chasing Cameron,TV-PG,31,Reality-TV,3.6,7,503
Oprah + Viola: A Netflix Special Event,TV-14,48,Talk-Show,7.3,3,358
You vs. Wild: Out Cold,TV-G,25,"Short, Adventure",5.4,4,336
Cocaine Cowboys: Reloaded,R,152,"Documentary, Crime, History",7.6,10,1528
Home Is Where the Killer Is,TV-14,87,Thriller,4.4,10,540
Champs,Not Rated,85,"Documentary, Biography, Sport",7.2,10,1931
You Carry Me,Unrated,155,"Action, Drama",7.0,10,2261
Harvey Girls Forever!,TV-Y7,23,"Animation, Short, Adventure",6.7,7,258
Grumpy Christmas,TV-MA,87,Comedy,4.4,10,363
The Fluffy Movie: Unity Through Laughter,PG-13,101,"Documentary, Comedy",7.2,12,3835
Bed & Breakfast: Love is a Happy Accident,PG-13,89,"Comedy, Romance",5.0,10,1057
Expo,TV-14,80,"Action, Crime, Drama",2.7,10,3005
People You May Know,TV-MA,101,"Comedy, Drama",5.6,10,957
Underwear,TV-14,50,"Comedy, Drama",7.3,7,953
Robot Trains,TV-Y7,14,"Animation, Action, Adventure",6.3,7,93
Ejen Ali,PG,21,"Animation, Action, Adventure",8.5,7,291
Only for One Night,TV-14,86,"Crime, Drama, Romance",4.3,10,721
Ronny Chieng: Asian Comedian Destroys America,TV-MA,63,Comedy,7.4,4,3290
7 Chinese Brothers,Not Rated,76,Comedy,5.6,10,1565
Elite Short Stories: Nadia Guzmán,TV-MA,33,"Short, Drama, Romance",6.2,7,1930
Shawn Mendes: In Wonder,TV-MA,83,"Documentary, Music",6.5,8,2078
Lego Friends: The Power of Friendship,TV-G,23,Animation,6.8,7,55
Cristela Alonzo: Middle Classy,TV-MA,60,"Documentary, Comedy",6.7,4,323
Ghosts of Sugar Land,TV-MA,21,"Documentary, Short",5.5,6,1391
The Avenging Eagle,R,90,"Action, Adventure, Drama",7.4,10,946
Nadiya Bakes,TV-G,29,"Documentary, Reality-TV",7.2,7,265
Highway Racer,Not Rated,101,"Action, Crime, Drama",6.4,10,549
Final Fantasy XIV: Dad of Light,TV-PG,24,Drama,7.2,7,610
Rhythm + Flow France,TV-MA,52,"Music, Reality-TV",6.2,3,146
Trippin' with the Kandasamys,TV-14,93,"Comedy, Romance",5.0,10,386
Jonas Brothers Family Roast,TV-MA,68,"Comedy, Musical",5.2,12,1679
The Girl from Monday,R,84,"Action, Comedy, Sci-Fi",5.3,10,1073
Deadly Runway,TV-14,90,"Drama, Horror",4.5,10,199
Smother-in-Law,TV-MA,25,Comedy,4.3,7,141
The Unguarded Moment,Approved,95,"Crime, Drama, Film-Noir",6.3,10,404
Death and Cremation,Not Rated,86,"Drama, Horror, Thriller",5.6,10,776
Video Games: The Movie,Not Rated,101,"Documentary, Animation, History",6.1,10,5510
Little Witch Academia: The Enchanted Parade,TV-Y7,54,"Animation, Comedy, Family",7.3,10,1736
Atari: Game Over,TV-14,66,Documentary,6.7,10,5924
Giving Voice,PG-13,87,Documentary,6.9,12,294
Anelka: Misunderstood,TV-14,94,"Documentary, Sport",6.4,10,3223
Race: Bubba Wallace,TV-MA,50,"Documentary, Sport",6.2,1,474
First Impression,Not Rated,96,Comedy,5.1,10,155
My Little Pony: Equestria Girls Specials,TV-Y,22,"Animation, Comedy, Family",6.6,7,667
The Most Assassinated Woman in the World,TV-MA,102,"Biography, Drama, Mystery",5.3,10,1104
Stories of a Generation - with Pope Francis,TV-14,184,Documentary,7.5,7,228
Hannah Gadsby: Douglas,TV-MA,72,Comedy,7.6,4,4089
Salam - The First ****** Nobel Laureate,Approved,75,Documentary,7.8,1,425
John Mulaney: The Comeback Kid,TV-MA,62,Comedy,7.9,8,8663
Crowsnest,R,84,"Horror, Mystery, Thriller",3.8,10,1649
Good Ol' Freda,PG,86,"Documentary, Biography, History",7.4,10,2028
Isolated,Not Rated,85,"Adventure, Drama, Sport",6.1,10,207
Twivortiare,Unrated,103,"Drama, Romance",6.7,10,273
Layla Majnun,TV-14,119,"Drama, Romance",6.0,10,280
Katt Williams: Great America,TV-MA,60,Comedy,6.2,4,1002
Is My Daughter Really Dead?,TV-14,84,Thriller,4.3,10,338
Jago: A Life Underwater,G,48,Documentary,7.4,3,1317
The Man in the Iron Mask,Not Rated,85,Adventure,4.7,10,241
Greg Davies: You Magnificent Beast,TV-MA,66,Comedy,7.1,6,2427
Growing Up Wild,G,78,Documentary,7.1,6,387
Lalbaug Parel: Zali Mumbai Sonyachi,Not Rated,146,Action,7.2,10,335
Bayonet,TV-MA,101,"Drama, Sport",5.6,10,570
Aziz Ansari: Right Now,TV-MA,65,Comedy,7.5,4,5200
Yu-Gi-Oh! Bonds Beyond Time,TV-Y7,49,"Animation, Action, Adventure",6.4,12,1874
My Little Pony: Equestria Girls - Legend of Everfree,TV-Y7,73,"Animation, Comedy, Family",6.3,10,1449
Puppy,Not Rated,95,"Comedy, Drama, Horror",5.9,10,299
La Frecuencia Kirlian,TV-14,9,"Animation, Horror",7.5,7,1113
Cracked Up,TV-MA,95,Documentary,7.3,10,795
Battlefish,TV-MA,42,Reality-TV,7.1,7,451
Counselor at Crime,R,99,"Action, Crime, Drama",6.2,10,315
The King of the Streets,TV-MA,88,Action,5.0,12,461
Cash Only,Not Rated,91,"Crime, Drama, Thriller",6.0,10,1246
ILY from 38.000 Ft,TV-14,102,"Drama, Romance",5.5,10,175
Ever After High: Way Too Wonderland,TV-G,90,"Animation, Adventure, Drama",7.4,14,356
Power Players,TV-Y7,11,"Animation, Action, Adventure",5.9,7,91
Lego Elves: Secrets of Elvendale,TV-Y7,24,"Animation, Fantasy",6.7,7,174
Mercury 13,TV-PG,78,Documentary,6.9,12,1196
Storage Wars Canada,TV-PG,30,Reality-TV,3.9,7,534
The Culture High,TV-14,120,"Documentary, News",8.2,10,3688
Convergence: Courage in a Crisis,R,113,Documentary,5.6,30,266
Angry Birds Blues,TV-Y,2,"Animation, Short, Comedy",6.3,1,187
Tom Segura: Completely Normal,Not Rated,74,"Documentary, Comedy",7.7,4,2697
#FriendButMarried 2,TV-14,100,"Biography, Comedy, Drama",6.9,10,317
Ninja Hattori Returns,TV-Y7,30,"Animation, Comedy, Family",7.4,5,139
DokiDoki! PreCure,TV-Y7,24,"Animation, Action, Adventure",6.2,7,198
Elite Short Stories: Guzmán Caye Rebe,TV-MA,36,"Short, Crime, Drama",7.4,7,2343
The Overnighters,PG-13,102,"Documentary, Drama",7.4,10,2471
Nise: The Heart of Madness,Not Rated,106,"Biography, Drama, History",7.6,10,2422
The Iliza Shlesinger Sketch Show,TV-MA,115,Comedy,5.0,7,934
Pulang,TV-14,120,Drama,6.7,10,600
How to Get Over a Breakup,TV-MA,104,Comedy,6.1,12,2028
Sarah Silverman: A Speck of Dust,TV-MA,71,Comedy,6.9,6,3766
Headspace: Unwind Your Mind,TV-G,15,"Documentary, Animation, Short",7.1,7,155
Pitta Kathalu,TV-MA,150,"Drama, Romance",5.1,7,751
Narcoworld: Dope Stories,TV-MA,39,"Documentary, Crime",6.6,5,329
"Whose Vote Counts, Explained",TV-PG,74,Documentary,7.3,7,1179
A Haunting at Silver Falls: The Return,TV-14,79,Horror,3.2,10,302
Blood Will Tell,TV-MA,113,"Drama, Mystery, Thriller",6.1,10,848
Ingress: The Animation,TV-MA,24,"Animation, Action, Sci-Fi",6.5,7,542
Bombay Rose,PG-13,97,"Animation, Drama, Romance",6.3,10,664
1 Chance 2 Dance,G,89,"Drama, Family",4.6,10,579
Arpo: The Robot for All Kids,TV-Y7,11,Animation,5.5,1,27
13 Reasons Why: Season 2 Date Announcement Commercial,Not Rated,1,"Short, Drama",7.2,10,260
A Weekend with the Family,TV-14,82,"Comedy, Romance",4.8,10,382
Angela's Christmas,G,30,"Animation, Short, Adventure",7.0,10,3008
The (Silent) War,TV-MA,121,"Action, Drama",5.5,10,698
The Magic School Bus Rides Again in the Zone,TV-Y,46,"Animation, Adventure, Comedy",5.8,10,61
The Awakening,Not Rated,83,"Horror, Thriller",2.5,10,155
Braxton Family Values,TV-PG,60,"Biography, Comedy, Drama",5.7,7,639
Whipped,TV-14,97,"Comedy, Drama, Romance",4.0,10,643
Sinatra Club,Not Rated,88,"Action, Biography, Crime",4.6,10,616
Ella Fitzgerald: Just One of Those Things,TV-14,89,"Documentary, Biography, Music",6.9,10,457
Midnight Chronicles,Not Rated,100,"Action, Adventure, Fantasy",3.6,10,1026
A StoryBots Space Adventure,TV-Y,12,"Animation, Short, Adventure",7.2,12,10
Astronomy Club,TV-MA,20,Comedy,6.9,7,606
Catherine Cohen: The Twist...? She's Gorgeous,TV-MA,61,"Documentary, Comedy",5.1,6,261
Mike Epps: Indiana Mike,TV-MA,58,"Documentary, Comedy",4.2,4,238
The Sinking of Van Der Wijck,TV-14,164,"Drama, Romance",7.6,10,1316
My Love: Six Stories of True Love,TV-PG,418,"Documentary, Romance",7.4,7,296
ReMastered: The Two Killings of Sam Cooke,TV-MA,74,"Documentary, Music",7.2,10,2308
American Bully,R,85,"Crime, Drama, Thriller",4.8,10,388
"Coronavirus, Explained",TV-PG,69,Documentary,7.6,7,2286
Silenced,Not Rated,102,"Documentary, Drama",7.6,10,351
Ali Wong: Hard Knock Wife,TV-MA,64,Comedy,7.3,4,5030
Fire in Paradise,TV-MA,39,"Documentary, Short",7.4,12,974
Doonby,PG-13,104,"Drama, Mystery",5.2,10,522
Puerta 7,TV-MA,45,"Crime, Drama, Thriller",5.6,7,566
Hello Ninja,TV-Y,11,"Animation, Action, Adventure",5.5,7,127
Bhaag Beanie Bhaag,TV-MA,29,Comedy,4.2,7,6685
A Faster Horse,Not Rated,85,Documentary,6.7,1,675
Natale a 5 stelle,TV-14,92,Comedy,4.5,10,778
Tig,TV-14,95,"Documentary, Biography",7.4,12,2706
The Hall: Honoring the Greats of Stand-Up,TV-MA,70,Comedy,6.3,7,476
Bangistan,Not Rated,135,"Comedy, Drama",4.5,10,1305
Peter and the Farm,Unrated,91,Documentary,7.1,4,801
Neal Brennan: 3 Mics,TV-MA,65,Comedy,7.9,4,3362
Possesive,Not Rated,102,"Comedy, Drama, Romance",7.3,10,945
Nobody Speak: Trials of the Free Press,TV-14,95,Documentary,6.5,10,4167
We Are the Freaks,Unrated,80,"Comedy, Drama",4.6,10,356
Barbra: The Music... The Mem'ries... The Magic!,TV-14,110,Music,7.5,12,471
Sweet Twenty,TV-14,110,"Comedy, Fantasy, Music",7.2,10,411
Forgive Us Our Debts,TV-MA,104,Drama,6.2,10,1621
The New Adventures of Oggy,TV-Y,22,"Animation, Adventure, Comedy",6.9,1,47
Coach Snoop,TV-MA,30,Documentary,6.7,1,601
Twinsters,PG-13,89,"Documentary, Biography",7.5,12,4805
Captain Underpants: Mega Blissmas,TV-PG,45,"Animation, Comedy, Family",5.2,10,167
Dukhtar,Not Rated,93,"Drama, Thriller",6.9,10,2429
The Heartbreak Club,TV-14,101,"Comedy, Drama, Romance",6.3,12,200
Larva Island,TV-Y7,8,"Animation, Adventure, Comedy",6.5,5,431
FirstBorn,Not Rated,86,Horror,4.8,10,1928
The Misadventures of Hedi and Cokeman,TV-MA,99,"Action, Comedy, Crime",4.4,10,651
Roscoe's House of Chicken n Waffles,Not Rated,90,Comedy,4.1,10,71
The Music of Strangers: Yo-Yo Ma and the Silk Road Ensemble,PG-13,96,"Documentary, Music",7.7,10,731
The Claus Family 2,TV-PG,97,"Comedy, Family, Fantasy",5.6,10,261
The Deported,PG-13,90,Comedy,4.4,10,138
Satria Heroes: Revenge of the Darkness,TV-PG,92,"Action, Adventure, Drama",4.6,12,71
Seth Meyers: Lobby Baby,TV-MA,61,Comedy,7.4,6,2639
The Brave Ones,TV-14,45,"Drama, Fantasy, Sci-Fi",3.6,7,229
Johnny Hallyday: Beyond Rock,TV-14,40,"Documentary, Music",7.1,1,131
Lift Me Up,Not Rated,108,Family,5.6,10,676
Alice Júnior,Not Rated,87,"Animation, Comedy, Drama",6.9,10,556
Natalie Palamides: Nate - A One Man Show,TV-MA,59,Comedy,6.5,4,375
Frauensee,Not Rated,85,Drama,5.6,10,248
Gimme the Loot,Not Rated,81,"Comedy, Crime, Drama",6.6,10,2556
Lego: City,Not Rated,26,Animation,5.0,7,42
Recall,TV-MA,73,"Crime, Drama, Thriller",3.0,10,265
A Year in Burgundy,Not Rated,91,"Documentary, Drama, Family",6.9,4,563
Life's a Breeze,R,83,"Comedy, Drama",6.3,10,1171
"Rob Schneider: Asian Momma, Mexican Kids",TV-MA,44,Comedy,5.5,6,798
Under Suspicion: Uncovering the Wesphael Case,TV-14,180,"Documentary, Crime",6.3,7,761
Dinotrux Supercharged,TV-Y7,24,"Animation, Short, Action",7.5,7,98
Mariposa,TV-14,117,"Comedy, Drama, Romance",6.9,10,743
Merry Men 2,TV-MA,115,"Action, Comedy",6.4,10,71
Lara and the Beat,TV-MA,137,"Drama, Music, Romance",5.8,10,150
Amy Schumer: Growing,TV-MA,60,Comedy,5.4,4,3941
"Hello, Privilege. It's Me, Chelsea",TV-MA,64,Documentary,4.6,10,2002
Tony Parker: The Final Shot,TV-14,98,"Documentary, Biography, Sport",6.8,4,1436
Jim Jefferies: Freedumb,TV-MA,86,Comedy,7.7,4,5501
Guillermo Villas: Settling the Score,TV-14,94,"Documentary, Biography, Sport",7.1,10,667
Train of the Dead,TV-14,88,"Crime, Horror, Mystery",3.5,10,383
"Sing, Dance, Act: Kabuki featuring Toma Ikuta",TV-PG,87,Documentary,7.0,6,69
Father Soldier Son,R,99,"Documentary, War",7.3,12,967
Isle of Dogs,R,90,"Action, Crime, Thriller",3.5,10,566
The Karma Killings,Not Rated,83,"Documentary, Crime, Mystery",6.9,3,191
Springsteen on Broadway,TV-MA,153,"Documentary, Music",8.5,6,2230
Devil's Bride,R,110,"Drama, History",6.0,10,1322
Jeff Foxworthy: The Good Old Days,TV-14,60,"Documentary, Biography, Comedy",6.2,4,444
The Unbelievers,Not Rated,77,Documentary,6.9,10,6645
Pandora's Promise,Not Rated,87,Documentary,7.3,10,1911
Living Will...,R,101,Comedy,4.2,10,621
The World Before Her,TV-PG,90,Documentary,7.6,10,846
Eye in the Sky,Not Rated,90,"Action, Crime, Thriller",6.7,10,1898
Dave Chappelle: The Kennedy Center Mark Twain Prize for American Humor,TV-MA,90,Comedy,7.4,10,2239
Animals on the Loose: A You vs. Wild Movie,TV-PG,90,"Adventure, Reality-TV",5.8,4,967
Michael McIntyre: Showman,TV-MA,62,Comedy,7.1,4,1278
Carmen Sandiego: To Steal or Not to Steal,TV-Y7-FV,31,"Animation, Short, Action",6.9,16,803
Ms. Pat: Y'all Wanna Hear Something Crazy?,TV-MA,54,Comedy,6.0,6,191
Craigslist Joe,Not Rated,90,"Documentary, Adventure",6.7,10,3816
Dance Dreams: Hot Chocolate Nutcracker,TV-G,80,"Documentary, Family",7.0,10,344
The Oil Prince,Approved,89,"Western, Adventure",5.8,12,1408
Eddie - Strongman,TV-14,98,Documentary,7.4,10,1179
Jeff Dunham: Relative Disaster,TV-MA,70,Comedy,6.4,6,1295
Curtiz,TV-MA,98,"Biography, Drama, History",6.0,10,1083
The Spooky Tale of Captain Underpants Hack-a-Ween,TV-PG,45,"Animation, Short, Action",5.9,7,217
The Search for General Tso,Not Rated,71,"Documentary, Comedy, History",6.9,10,1765
Sunrise,Not Rated,85,"Crime, Drama, Mystery",6.3,10,300
Chip and Potato: Chip's Holiday,TV-Y,24,"Animation, Family",6.4,12,8
We Are Pregnant,TV-MA,100,"Comedy, Romance",5.5,10,1544
Sherina's Adventure,TV-G,112,"Adventure, Comedy, Drama",7.8,10,830
Senzo: Murder of a Soccer Star,TV-MA,40,"Documentary, Crime, Mystery",5.4,7,214
Evicted,R,99,Comedy,3.8,10,83
Puss in Book: Trapped in an Epic Tale,TV-Y7,23,"Animation, Short, Action",5.2,12,592
Jack Whitehall: I'm Only Joking,TV-MA,58,Comedy,6.6,8,1566
"¡Ay, mi madre!",TV-MA,84,Comedy,3.9,12,412
The Wedding Party,PG-13,112,"Comedy, Romance",4.8,10,218
Room 2806: The Accusation,TV-MA,197,"Documentary, Crime",7.0,7,2348
Life Overtakes Me,TV-PG,39,"Documentary, Short",6.5,12,1951
Being Elmo: A Puppeteer's Journey,PG,80,Documentary,7.6,12,7086
Jim Jefferies: BARE,TV-MA,77,Comedy,8.0,4,5504
What Would Sophia Loren Do?,TV-14,32,"Documentary, Short, Biography",6.6,8,738
Jeff Dunham's Very Special Christmas Special,Not Rated,85,Comedy,7.4,6,3049
21 Days Under the Sky,Unrated,70,Documentary,6.6,10,261
The Epic Tales of Captain Underpants in Space,TV-Y7,24,"Animation, Action, Comedy",7.1,7,114
Like Cotton Twines,Not Rated,96,Drama,7.7,10,70
Historia de un clan,TV-MA,50,"Biography, Crime, Drama",7.7,7,948
Revolver Rani,Not Rated,132,"Action, Comedy, Crime",4.7,10,1932
Eric Andre: Legalize Everything,TV-MA,51,Comedy,6.2,4,2561
Night Fare,TV-MA,80,Thriller,5.5,10,1479
Bad Samaritans,TV-MA,30,Comedy,6.5,7,439
Dry,Not Rated,107,Drama,7.3,10,86
Jal,Unrated,126,Drama,6.6,10,486
George Lopez: We'll Do It for Half,TV-MA,51,Comedy,5.7,4,457
Placebo,Not Rated,96,"Documentary, Drama, Fantasy",7.6,1,352
Seth Rogen's Hilarity for Charity,TV-MA,70,Comedy,5.0,10,2395
"Cinta Pertama, Kedua, & Ketiga",TV-14,105,"Drama, Romance",6.8,10,157
Iliza Shlesinger: Unveiled,TV-MA,78,Comedy,6.5,8,1717
Identical,Not Rated,80,Thriller,3.1,12,333
Jimmy Carr: Funny Business,Not Rated,62,Comedy,7.2,4,4433
6-5=2,Unrated,104,Horror,4.4,10,205
Misfire,Not Rated,90,Action,3.1,10,796
Prague,Not Rated,109,"Horror, Mystery, Romance",5.5,10,373
Green is Gold,R,81,"Crime, Drama",5.9,10,989
The Poltergeist of Borley Forest,Not Rated,102,"Horror, Mystery, Thriller",2.5,10,706
A Love Song for Latasha,TV-PG,19,"Documentary, Short, Biography",6.8,10,2439
Jimmy Carr: The Best of Ultimate Gold Greatest Hits,TV-MA,58,Comedy,7.3,4,2373
Muqaddar Ka Faisla,Not Rated,171,"Action, Comedy, Drama",4.9,10,69
Sebastian Maniscalco: Why Would You Do That?,TV-14,63,Comedy,7.4,4,1127
Derren Brown: Sacrifice,TV-14,49,Reality-TV,7.1,7,1836
Donald Glover: Weirdo,Not Rated,65,Comedy,7.4,4,3629
Reasonable Doubt: A Tale of Two Kidnappings,TV-MA,186,"Documentary, Crime",7.6,1,204
Orphen,TV-PG,25,"Animation, Action, Adventure",7.1,7,266
Invoked,R,85,"Horror, Mystery, Thriller",3.4,12,709
Horrid Henry's Gross Day Out,TV-Y,61,"Animation, Action, Adventure",5.8,10,45
"Fat, Sick & Nearly Dead 2",Not Rated,88,Documentary,6.4,10,1658
Mutiny of the Worker Bees,TV-MA,93,Comedy,4.1,10,484
Through My Father's Eyes,R,104,"Documentary, Biography, Sport",6.2,10,756
Miranda Sings Live... Your Welcome,TV-14,61,Comedy,5.5,6,424
Devilish Charm,Not Rated,78,Thriller,3.3,10,153
Spirit Riding Free: Spirit of Christmas,TV-Y7,45,"Animation, Short, Action",5.3,16,127
Katsugeki/Touken Ranbu,TV-14,23,"Animation, Action, Adventure",6.6,7,88
Spirit Riding Free: Ride Along Adventure,TV-Y7,22,"Animation, Short, Action",6.0,18,64
The Darkest Dawn,Not Rated,76,"Action, Adventure, Sci-Fi",4.0,10,2126
Jeff Dunham: Minding the Monsters,TV-MA,80,Comedy,7.0,6,1425
Tony Hinchcliffe: One Shot,TV-MA,57,Comedy,6.0,4,209
Cellmates,TV-14,85,"Comedy, Drama",5.5,10,612
Hajwala: The Missing Engine,PG-13,96,"Action, Adventure, Crime",2.0,14,261
Examination of Conscience,TV-MA,154,"Documentary, Crime, History",7.8,1,439
The Redeemed and the Dominant: Fittest on Earth,Unrated,104,"Documentary, Sport",7.1,14,1599
Illegal Woman,TV-MA,119,Drama,6.2,10,206
Last One Standing,TV-MA,35,"Comedy, Crime, Mystery",7.3,7,86
The Unremarkable Juanquini,TV-MA,30,Comedy,4.3,7,191
The Millennium Bug,Not Rated,88,"Fantasy, Horror, Sci-Fi",4.4,10,686
Mysteria,Not Rated,98,"Mystery, Thriller",3.9,10,603
Loudon Wainwright III: Surviving Twin,TV-14,91,"Documentary, Music",7.1,4,96
Garbage,Not Rated,88,"Comedy, Drama",5.2,10,619
Eureka Seven: Hi-Evolution 1,TV-14,93,"Animation, Action, Sci-Fi",6.1,12,96
The Lazarus Papers,R,90,"Action, Crime, Drama",4.1,10,3243
Still,TV-MA,100,"Horror, Thriller",4.3,16,368
Jim Jefferies: This Is Me Now,TV-MA,70,Comedy,7.4,4,4095
The CEO,PG-13,105,"Drama, Mystery, Thriller",5.7,10,122
Roving Mars,G,40,"Documentary, Short",7.2,10,1068
Gonchi la película,G,88,Documentary,7.7,12,250
Phil Wang: Philly Philly Wang Wang,TV-MA,63,Comedy,6.1,4,662
Youth v Gov,TV-14,110,Documentary,7.0,6,77
Rise of the Zombie,Not Rated,86,"Drama, Horror, Thriller",3.3,12,444
Patria,TV-MA,89,"Documentary, History",7.2,4,115
Tuna Girl,TV-PG,89,"Comedy, Drama",6.2,8,154
Bill Hicks: Relentless,Not Rated,61,"Documentary, Comedy",8.5,4,2555
Our Planet: Behind the Scenes,TV-G,63,Documentary,8.3,14,1757
Hanebado: The Badminton Play of Ayano Hanesaki!,TV-14,24,"Animation, Drama, Sport",6.3,7,362
John Lennon: Love Is All You Need,Not Rated,82,"Documentary, Biography",6.1,12,164
Ayahuasca: Vine of the Soul,Not Rated,52,"Documentary, Adventure",6.4,10,397
Mighty Express: Train Trouble,TV-Y,25,"Animation, Short, Family",5.3,5,9
After Tiller,PG-13,85,"Documentary, Biography, Drama",7.4,12,1083
When Jews Were Funny,Not Rated,89,Documentary,5.9,10,496
Accomplice,Not Rated,52,Documentary,7.2,10,393
Standup and Away! with Brian Regan,TV-PG,24,Comedy,5.7,7,402
"Sí, Mi Amor",TV-MA,107,Comedy,3.8,10,180
Patton Oswalt: I Love Everything,TV-MA,66,Comedy,6.4,6,1315
Wanda Sykes: Not Normal,TV-MA,60,Comedy,7.2,4,1865
Grandma's Wedding,TV-14,97,Comedy,5.5,10,568
Whitney Cummings: Can I Touch It?,TV-MA,59,Comedy,6.5,4,1817
Two Catalonias,TV-MA,116,"Documentary, History, News",6.4,12,716
Ever After High: Epic Winter,TV-G,90,"Animation, Adventure, Drama",7.3,12,326
7:19,TV-14,94,"Drama, History",5.8,10,656
Joshua: Teenager vs. Superpower,TV-14,79,Documentary,7.3,6,1573
Legally High,PG-13,47,Documentary,3.9,1,67
Ladies First,TV-G,39,"Documentary, Short, Sport",7.1,1,499
Ellen DeGeneres: Relatable,TV-MA,68,Comedy,6.5,12,4726
Spelling the Dream,TV-G,82,Documentary,6.8,10,742
The Figurine,PG-13,120,"Horror, Thriller",4.3,10,255
Emicida: AmarElo - It's All for Yesterday,TV-MA,89,"Documentary, Music",8.5,8,1521
#FriendsButMarried,TV-14,102,"Biography, Comedy, Drama",6.8,10,727
Dying God,R,85,"Horror, Sci-Fi, Thriller",2.8,10,1074
Care Bears and Cousins,TV-Y,132,Animation,6.8,7,83
ReMastered: Massacre at the Stadium,TV-MA,64,"Documentary, Drama",7.2,12,802
The Reconstruction of William Zero,Not Rated,98,"Drama, Mystery, Sci-Fi",5.4,10,1188
Geez & Ann,TV-14,105,"Drama, Romance",5.1,10,292
Katherine Ryan: Glitter Room,TV-MA,65,Comedy,6.8,4,1999
Shelldon,TV-Y,22,"Animation, Family",6.0,7,41
Still Laugh-In: The Stars Celebrate,TV-MA,60,"Comedy, Music",5.2,7,601
Dear Mr. Watterson,TV-PG,89,Documentary,6.3,10,1917
Nothing to Lose 2,PG-13,96,"Biography, Drama",3.1,10,662
Trigger Warning with Killer Mike,TV-MA,30,"Documentary, Comedy",6.9,7,1255
Dilan 1991,TV-14,121,"Drama, Romance",6.5,12,1114
A Faraway Land,TV-PG,101,Drama,5.1,10,140
Zephyr Springs,TV-14,88,Thriller,4.0,10,448
The Case Against 8,TV-14,109,"Documentary, Biography, News",7.4,12,1108
Seeing Allred,TV-14,96,"Documentary, Biography",7.2,12,1389
Dolly Parton: A MusiCares Tribute,TV-PG,55,"Documentary, Music",6.6,4,244
Let It Fall: Los Angeles 1982-1992,TV-MA,144,"Documentary, History",7.8,10,797
Golden Cane Warrior,Not Rated,111,"Action, Adventure, Drama",6.2,10,808
Feedback,R,88,"Sci-Fi, Thriller",4.8,10,275
Tim Allen: Men Are Pigs,Not Rated,30,"Documentary, Comedy",6.1,8,364
Iliza Shlesinger: Confirmed Kills,TV-MA,77,Comedy,6.6,4,2912
Bombairiya,Not Rated,104,"Comedy, Crime, Drama",4.5,10,428
Trapped by Fear,Not Rated,101,"Crime, Drama",5.9,10,180
The Garden,Unrated,80,Documentary,7.3,8,734
Sawah,TV-MA,86,"Comedy, Drama, Thriller",6.0,10,2246
Maxed Out,Unrated,90,Documentary,7.2,10,2202
Vir Das: For India,TV-MA,75,Comedy,7.7,6,1283
Ken Jeong: First Date,TV-MA,62,Comedy,5.7,4,2420
De held,TV-14,96,"Crime, History, Thriller",5.1,10,437
Oushitsu Kyoushi Heine,TV-PG,25,"Animation, Adventure, Comedy",7.0,7,222
LEGO Ninjago: Masters of Spinjitzu: Happy Birthday to You!,TV-Y7,1,"Animation, Short, Action",6.6,1,15
Jenny Slate: Stage Fright,TV-MA,66,"Comedy, Reality-TV",5.8,4,1310
Alessandro Cattelan: One Simple Question,TV-MA,30,Reality-TV,6.5,1,218
Hell and Back Again,Not Rated,88,"Documentary, Action, History",6.4,10,2301
Vidal Sassoon: The Movie,PG,90,Documentary,6.4,10,258
Pitaah,Not Rated,126,"Action, Drama",6.4,10,722
Jim Gaffigan: Mr. Universe,Unrated,78,Comedy,7.7,4,3550
Two Graves,TV-MA,80,Thriller,4.3,10,388
The Ryuo's Work Is Never Done!,Not Rated,23,"Animation, Action, Comedy",6.2,7,144
An Act of War,Not Rated,99,"Crime, Drama, Thriller",5.2,10,1667
Dust Up,Unrated,94,"Action, Adventure, Comedy",4.8,10,329
Tig Notaro: Happy To Be Here,TV-14,58,Comedy,6.6,10,1379
Grandma's Last Wishes,TV-14,97,Comedy,5.1,10,313
Shotgun Wedding,Unrated,92,"Comedy, Horror, Romance",4.9,10,277
Dragons: Rescue Riders: Hunt for the Golden Dragon,TV-Y,46,"Animation, Action, Adventure",5.1,12,158
What Happened to Mr. Cha?,TV-14,102,"Comedy, Drama",4.3,6,362
Know Your Enemy - Japan,Not Rated,63,"Documentary, History, War",6.0,12,800
Black Privilege,TV-MA,79,"Drama, Family",3.3,10,213
Vessel,Not Rated,90,"Documentary, Adventure, Biography",7.6,10,239
"Yo, Potro",TV-MA,50,"Comedy, Sport",6.2,10,508
ID-0,TV-14,24,"Animation, Action, Adventure",6.2,7,328
Goyo: Ang Batang Heneral,TV-14,155,"Action, Biography, History",6.5,10,855
Cyborg 009 vs Devilman,TV-14,28,"Animation, Action, Sci-Fi",6.1,7,285
Patton Oswalt: Talking for Clapping,TV-MA,65,"Documentary, Comedy",6.8,3,2025
Brave Miss World,Not Rated,88,"Documentary, Biography, Drama",7.1,10,564
Luna Petunia,TV-Y,22,"Animation, Family, Fantasy",6.3,7,55
Running Wild,Not Rated,124,"Action, Crime, Drama",6.3,10,825
Tiffany Haddish: Black Mitzvah,TV-MA,55,Comedy,6.3,4,983
Captain Underpants: Epic Choice-o-Rama,TV-Y7-FV,37,"Animation, Short, Action",5.9,10,124
Meet the Mormons,PG,78,Documentary,6.4,10,2011
Nevenka: Breaking the Silence,TV-14,114,"Documentary, Crime",6.9,1,687
Rodney King,TV-MA,52,"Comedy, Drama",5.9,4,610
Chris D'Elia: Man on Fire,TV-MA,65,Comedy,6.5,4,1738
Bill Hicks: Revelations,Not Rated,57,"Documentary, Comedy",8.5,4,3109
Netflix Acquires Seth Rogen,TV-MA,6,"Short, Comedy",4.9,5,173
Room,Not Rated,75,"Drama, Mystery",4.4,10,452
Sun Belt Express,Unrated,91,"Comedy, Drama, Family",6.2,10,380
Heebie Jeebies,TV-14,85,Horror,3.4,10,506
My Little Pony: Equestria Girls - Friendship Games,TV-Y,72,"Animation, Family, Fantasy",6.4,12,1910
Sop Dek 2002,TV-14,96,"Horror, Thriller",4.4,10,285
Def Comedy Jam 25,TV-MA,80,"Documentary, Comedy",6.6,10,1122
Ever After High: Dragon Games,TV-G,90,"Animation, Adventure, Drama",7.1,16,304
Chasing Beauty,Not Rated,90,"Documentary, Biography",6.1,10,284
The Underclass,TV-MA,55,Drama,6.7,7,66
Kevin James: Sweat the Small Stuff,TV-PG,60,"Documentary, Comedy",7.4,4,1096
Michael Che: Shame the Devil,TV-MA,58,Comedy,6.4,4,1119
Jeremy Scott: The People's Designer,PG-13,110,"Documentary, Biography",6.4,10,404
Rory Scovel Tries Stand-Up for the First Time,TV-MA,66,"Documentary, Comedy",6.7,10,840
No Estoy Loca,TV-MA,116,"Comedy, Drama",5.8,10,935
Maz Jobrani: Immigrant,TV-14,112,Comedy,6.7,4,875
The Hurt Business,PG-13,107,"Documentary, Sport",6.4,10,947
Killswitch,Not Rated,72,"Documentary, Drama",7.7,8,638
Space Racers,TV-Y,22,"Animation, Family, Sci-Fi",7.4,7,82
Patton Oswalt: Annihilation,TV-MA,66,Comedy,7.2,4,2410
Russell Howard: Recalibrate,TV-MA,69,Comedy,7.4,4,1646
Flowering Heart,TV-Y7,12,"Animation, Action, Adventure",7.2,7,49
Bill Hicks: Sane Man,Not Rated,81,"Documentary, Comedy",8.3,6,2382
Shaolin Martial Arts,R,106,"Action, Drama",6.8,10,407
Clash of the Dinosaurs,TV-PG,44,"Documentary, History",6.3,7,215
Revenge of the Electric Car,PG-13,90,Documentary,7.1,10,1867
The Silence,TV-MA,91,Drama,7.2,10,310
Whitney Cummings: Money Shot,TV-MA,48,"Documentary, Comedy",6.2,4,940
Kulari ke Pantai,TV-G,112,"Adventure, Comedy, Family",7.7,10,253
Sisters on Track,PG,96,"Documentary, Sport",5.9,10,208
"The Rolling Stones Olé, Olé, Olé!: A Trip Across Latin America",TV-14,105,"Documentary, Music",7.4,10,1326
Upin & Ipin,TV-Y,7,"Animation, Comedy, Family",5.8,7,366
Angèle,TV-MA,84,"Documentary, Biography, Music",7.0,8,543
Shuddhi,Not Rated,114,"Crime, Drama, Thriller",7.9,10,393
The Remix: Hip Hop X Fashion,TV-MA,67,"Documentary, Music",7.2,12,91
Anjelah Johnson: Not Fancy,Not Rated,90,"Documentary, Comedy",5.7,4,710
Blue,Not Rated,98,Drama,7.6,10,91
Franco Escamilla: Por la anécdota,TV-MA,66,Comedy,6.9,4,326
Marlon Wayans: Woke-ish,TV-MA,68,"Documentary, Comedy",6.5,6,1426
Jim Gaffigan: Cinco,TV-14,73,Comedy,7.1,10,2438
A StoryBots Christmas,TV-Y,24,"Short, Adventure, Comedy",5.8,12,162
Western,Not Rated,92,"Documentary, Western",6.1,10,253
Buddi,TV-Y,12,"Animation, Short, Adventure",7.1,7,60
Maroon,Not Rated,94,Thriller,5.1,10,309
Sex: My British Job,Not Rated,63,Documentary,6.1,6,417
Michelle Wolf: Joke Show,TV-MA,59,Comedy,7.2,4,1654
M Cream,Not Rated,112,"Adventure, Comedy, Drama",5.4,12,600
The Apostate,Unrated,80,Comedy,5.8,10,706
Sam Kinison: Breaking the Rules,R,50,"Documentary, Comedy",7.2,10,672
Kung Fu Elliot,Not Rated,81,"Documentary, Biography, Comedy",6.5,6,343
Marc Maron: Thinky Pain,Not Rated,95,Comedy,7.3,8,1906
Pacific Heat,TV-14,22,"Animation, Action, Comedy",5.7,7,1147
Lavell Crawford: Can a Brother Get Some Love,Not Rated,81,"Documentary, Comedy",6.9,6,235
"Devil's Backbone, Texas",Unrated,80,Horror,4.0,10,591
Yuri Marçal: Honest Mistake,TV-MA,59,"Documentary, Comedy",6.3,6,44
Iliza Shlesinger: Freezing Hot,TV-MA,71,"Documentary, Comedy",6.8,4,2645
The Magic School Bus Rides Again: Kids in Space,TV-Y,45,"Animation, Adventure, Comedy",6.1,10,87
Demetri Martin: Live (At the Time),TV-MA,61,"Documentary, Comedy",7.4,4,2231
A Million Colours,TV-MA,115,Drama,6.7,10,296
A Yellow Bird,Not Rated,112,Drama,5.4,10,240
Kicking It,Not Rated,98,"Documentary, Sport",7.2,8,380
The True Story of Alexander the Great,Not Rated,150,"Documentary, Biography, Drama",7.6,10,110
Home: For the Holidays,TV-Y7,45,"Animation, Short, Adventure",4.9,10,152
Franco Escamilla: Bienvenido al Mundo,TV-MA,54,Comedy,7.0,4,242
Gore Vidal: The United States of Amnesia,Not Rated,83,"Documentary, Biography, History",7.7,10,1279
Sam Jay: 3 in the Morning,TV-MA,64,Comedy,6.4,4,534
Chris D'Elia: Incorrigible,TV-MA,83,Comedy,6.4,4,1554
After Trek,TV-PG,48,Talk-Show,4.9,7,260
Katherine Ryan: In Trouble,TV-MA,63,Comedy,7.0,4,2233
Cops and Robbers,PG-13,6,"Animation, Short, Drama",6.7,6,727
Filthy Gorgeous: The Bob Guccione Story,TV-MA,96,"Documentary, Biography",6.5,10,362
Making the Boys,Not Rated,90,"Documentary, Biography, Romance",7.2,10,698
Hakyu Hoshin Engi,TV-PG,23,"Animation, Action, Adventure",6.0,7,34
Jeff Dunham: Unhinged in Hollywood,Unrated,71,Comedy,6.7,12,735
The Comedians of Comedy,R,103,"Comedy, Documentary",7.2,10,2614
The Art Star and the Sudanese Twins,Not Rated,109,"Documentary, Drama",7.1,10,87
Defcon 2012,Not Rated,92,Sci-Fi,1.7,10,407
Burt's Buzz,Not Rated,88,Documentary,6.5,4,787
"Yours Sincerely, Kanan Gill",TV-MA,72,Comedy,7.1,4,985
Fallen,TV-PG,75,Documentary,6.7,4,107
Hank: 5 Years from the Brink,Not Rated,85,"Documentary, Biography, News",6.6,6,499
The Love Section,Not Rated,100,"Comedy, Drama, Romance",6.1,10,387
Abla Fahita: Drama Queen,TV-14,25,"Comedy, Crime, Drama",6.5,7,448
Judd Apatow: The Return,TV-14,69,Comedy,6.2,4,1354
Resistance,Not Rated,72,"Documentary, History",7.1,1,324
Flip a Coin -ONE OK ROCK Documentary-,TV-PG,105,"Documentary, Music",6.6,10,111
Time Sweep,Not Rated,103,Drama,6.0,8,191
Colin Quinn: The New York Story,TV-MA,62,Comedy,6.9,4,1013
Web Junkie,Not Rated,74,"Documentary, Biography, Drama",6.3,6,635
The Good Road,Not Rated,92,Drama,6.0,10,560
Delirium,R,85,Comedy,4.5,10,370
Live at the Foxes Den,Not Rated,103,Drama,4.8,10,159
Jim Norton: Mouthful of Shame,TV-MA,61,Comedy,7.0,10,1348
Michael Che Matters,TV-MA,61,Comedy,7.2,10,2679
Talak 3,TV-PG,90,"Comedy, Drama",7.1,12,116
Monster Math Squad,TV-Y,30,Animation,6.1,7,41
Michelle Buteau: Welcome to Buteaupia,TV-MA,58,Comedy,7.0,4,608
Blue Gold: American Jeans,TV-PG,99,"Documentary, History",6.9,10,134
Prehistoric,TV-PG,44,"Documentary, Animation, History",7.1,7,46
Colin Quinn: Red State Blue State,TV-14,65,Comedy,7.6,4,736
Kayko and Kokosh,TV-PG,15,"Animation, Action, Adventure",6.3,7,330
Thiago Ventura: Pokas,TV-MA,82,Comedy,6.5,8,207
The Break with Michelle Wolf,TV-MA,25,"Comedy, Talk-Show",5.2,7,1886
The Irishman: In Conversation,TV-MA,23,"Documentary, Short",7.4,7,1842
Blood Brother,Not Rated,92,Documentary,8.2,10,1641
A Field Full of Secrets,Not Rated,122,Documentary,5.7,10,212
Walking on Water,Not Rated,90,Drama,6.5,10,477
Suzumiya Haruhi chan no yûutsu,TV-14,3,"Animation, Comedy",6.6,7,428
Bottled Life: Nestle's Business with Water,Not Rated,90,"Documentary, Adventure, Drama",6.7,8,850
Otto the Rhino,PG,76,"Animation, Comedy, Family",5.1,10,327
Chadwick Boseman: Portrait of an Artist,TV-MA,21,"Documentary, Short",6.5,10,136
Jack Whitehall: At Large,TV-MA,67,Comedy,6.8,6,2203
Wind Blast,Not Rated,114,Action,5.1,10,400
The Final Year,Not Rated,89,Documentary,6.5,10,3319
Afonso Padilha: Classless,TV-MA,63,Comedy,6.9,6,208
Yowis Ben 3,TV-G,113,"Comedy, Drama",7.0,12,171
Oriented,Not Rated,86,Documentary,6.7,10,525
Professor Mack,TV-MA,83,"Comedy, Romance",3.6,10,146
Feo pero Sabroso,TV-MA,90,Comedy,4.3,12,177
Mike Epps: Only One Mike,TV-14,63,Comedy,4.7,4,309
Todd Barry: Spicy Honey,TV-14,60,Comedy,6.8,4,861
Beautiful Sunday,G,117,Thriller,5.7,10,123
My Own Man,TV-14,82,"Documentary, Comedy, Drama",6.4,1,447
Swearnet Live,TV-MA,75,Comedy,5.4,18,551
Emergency,TV-14,22,Reality-TV,7.7,1,31
Kenny Sebastian: The Most Interesting Person in the Room,TV-MA,67,Comedy,6.0,6,1016
Danny Says,Unrated,104,"Documentary, Biography, History",6.7,10,817
Craig Ferguson: Tickle Fight,TV-MA,66,Comedy,6.6,4,1008
Hannibal Buress: Comedy Camisado,TV-MA,83,Comedy,6.6,10,1540
Shaka Inkosi YamaKhosi,TV-14,15,"Animation, Short",6.5,10,8
The Testimony,Not Rated,28,"Documentary, Short, Crime",7.3,1,159
Tiffany Haddish: She Ready! From the Hood to Hollywood,TV-MA,65,Comedy,6.7,4,544
Sugar High,TV-G,44,Reality-TV,7.2,10,194
Louder Than a Bomb,Not Rated,99,Documentary,7.3,12,382
Shine Your Eyes,TV-MA,102,"Drama, Thriller",6.5,10,332
Aluna,Not Rated,89,"Documentary, Adventure",7.5,10,158
Hurricane of Fun: The Making of Wet Hot,Not Rated,64,Documentary,7.0,10,1496
Tim Minchin and the Heritage Orchestra,Not Rated,153,Comedy,8.4,10,387
Milea,TV-14,102,"Drama, Romance",6.1,12,577
Wanderlust,Not Rated,84,"Documentary, History",6.7,12,130
Diário de um Exorcista - Zero,TV-MA,98,"Horror, Thriller",3.7,10,625
Baggage,PG,110,Drama,4.9,10,385
The Boys in the Band: Something Personal,TV-MA,28,Documentary,7.2,10,371
Men at Lunch,Not Rated,75,"Documentary, Mystery",6.3,10,339
Urzila Carlson: Overqualified Loser,TV-MA,62,Comedy,6.2,4,394
Oprah Winfrey Presents: When They See Us Now,TV-14,61,Talk-Show,7.8,10,2364
The Doll Master,Not Rated,77,Horror,2.3,10,242
Vir Das: Losing It,TV-MA,67,Comedy,7.0,4,1275
Hard Tide,Not Rated,90,"Drama, Thriller",4.8,12,212
Indie Game: Life After,Unrated,125,Documentary,5.7,12,499
Red Trees,Not Rated,87,Documentary,6.3,10,144
Joe Mande's Award-Winning Comedy Special,TV-MA,66,"Documentary, Comedy",6.1,10,521
Pierre Jackson,TV-MA,81,Romance,6.7,10,82
Sounding the Alarm: Battling the Autism Epidemic,Not Rated,58,Documentary,6.1,10,50
Vir Das: Abroad Understanding,TV-MA,65,Comedy,6.9,4,1723
Alien Secrets,Not Rated,86,"Comedy, Drama, Sci-Fi",5.3,10,39
God Loves Uganda,TV-14,83,Documentary,7.4,1,1210
Red Sea 4K,TV-G,50,Documentary,6.4,6,57
Cristela Alonzo: Lower Classy,TV-MA,66,Comedy,6.6,4,920
An Unremarkable Christmas,TV-14,82,"Comedy, Drama",3.2,10,142
Pink: Staying True,TV-14,60,"Documentary, Music",6.1,10,134
Capital C,Not Rated,87,"Documentary, News",6.7,10,274
Aziz Ansari: Buried Alive,TV-MA,80,Comedy,7.2,6,4016
GIMS: On the Record,TV-MA,96,"Documentary, Music",6.9,10,213
The Sam Kinison Family Entertainment Hour,Not Rated,50,"Documentary, Comedy, Music",6.6,10,284
Doug Stanhope: Beer Hall Putsch,Not Rated,61,"Documentary, Comedy",7.6,8,1135
Anthony Joshua: The Road to Klitschko,TV-14,59,"Documentary, Biography, Sport",7.2,6,440
Maria Bamford: Old Baby,TV-MA,64,"Documentary, Comedy",6.2,10,953
Tom Papa: Live in New York City,Not Rated,41,Comedy,7.2,10,505
Parrot Sketch Not Included: Twenty Years of Monty Python,Not Rated,72,Comedy,8.1,10,1535
Aziz Ansari Live in Madison Square Garden,TV-MA,58,Comedy,6.6,3,3283
Little Hope Was Arson,Not Rated,71,"Documentary, Crime, Drama",6.6,10,324
Queen of Carthage,R,92,"Drama, Thriller",5.6,10,231
Turn It Up!,TV-14,86,Documentary,7.5,10,69
Fight Church,Not Rated,84,"Documentary, Sport",6.1,12,125
Nexus,R,81,Thriller,6.8,10,85
"Michela Giraud: The Truth, I Swear!",TV-MA,60,"Documentary, Comedy",5.5,4,75
Moving Art: Deserts,Not Rated,25,"Documentary, Short",8.4,1,158
A Night for Dying Tigers,Not Rated,90,Drama,5.1,10,430
ETXR,Not Rated,80,"Adventure, Music, Sci-Fi",4.0,10,211
Kiko,TV-Y,30,"Animation, Adventure, Comedy",7.8,7,48
Tim Minchin So F**king Rock,Not Rated,127,"Comedy, Music",8.1,4,297
Littlest Pet Shop: A World of Our Own,TV-Y,11,"Animation, Comedy, Fantasy",6.8,7,102
Blood Cells,Not Rated,86,Drama,7.0,12,87
Emma' (Mother),TV-14,77,"Biography, Drama",6.9,10,148
Nick Thune: Folk Hero,Not Rated,43,"Short, Comedy",6.7,1,110
Westbrick Murders,R,90,"Action, Crime, Thriller",2.5,10,394
Private Network: Who Killed Manuel Buendía?,TV-MA,100,"Documentary, Crime, Mystery",6.9,4,242
Bill Cosby: Far from Finished,TV-14,95,"Documentary, Comedy",6.7,10,484
The School of Mischief,TV-14,252,"Comedy, Drama, Musical",6.2,10,362
The Search for Life in Space,Not Rated,32,"Documentary, Short",6.4,8,718
Dragons: Rescue Riders: Huttsgalor Holiday,TV-Y,46,"Animation, Family",5.2,12,126
Soy Rada: Serendipity,TV-MA,68,Comedy,6.1,4,79
Burning Daylight,TV-MA,102,Crime,5.2,10,248
Colin Quinn: Unconstitutional,Not Rated,55,Comedy,7.1,4,481
Imprisoned,TV-MA,97,Drama,6.4,10,200
The Meaning of Monty Python,Not Rated,60,Documentary,7.5,10,347
Big in Bollywood,Not Rated,69,Documentary,7.8,12,105
Jen Kirkman: I'm Gonna Die Alone (And I Feel Fine),TV-MA,78,Comedy,6.8,10,1573
Alien Contact: Outer Space,Not Rated,63,Documentary,3.9,10,437
Nfinity Champions League Cheerleading Event,PG-13,120,"Documentary, Sport",5.6,10,67
Mike Epps: Don't Take It Personal,TV-MA,59,Comedy,4.4,4,290
Finding Home,Unrated,118,"Documentary, Drama",7.8,4,219
Dave Attell: Road Work,TV-MA,60,Comedy,7.5,4,482
The Improv: 50 Years Behind the Brick Wall,PG-13,60,"Documentary, Comedy",7.0,7,289
Patton Oswalt: My Weakness Is Strong,Unrated,64,"Documentary, Comedy",7.5,4,1130
Moving Art: Flowers,Not Rated,25,"Documentary, Short",8.3,1,211
Huntin' Buddies,Not Rated,51,Comedy,7.4,10,21
TED: The Future We Will Create,Not Rated,74,Documentary,6.9,12,161
Hate by Dani Rovira,PG-13,82,Comedy,6.7,4,432
Flip a Coin,Not Rated,95,Comedy,6.1,10,52
Valhalla,Not Rated,64,"Action, Adventure, Sport",7.0,12,224
Agustín Aristarán: Soy Rada,TV-MA,60,Comedy,6.3,4,127
Moving Art: Forests,Not Rated,25,"Documentary, Short",8.3,1,203
Decoding Deepak,Not Rated,83,Documentary,5.5,6,127
Simply Actors,Not Rated,120,Comedy,5.3,12,266
Love like the Falling Rain,TV-14,86,"Adventure, Drama, Fantasy",4.7,10,207
Craig Ferguson: I'm Here to Help,Not Rated,81,"Documentary, Comedy",7.1,4,823
Maria Bamford: The Special Special Special!,TV-MA,49,Comedy,6.8,10,577
Sofía Niño de Rivera: Selección natural,TV-MA,62,Comedy,6.9,6,251
Gad Elmaleh: American Dream,TV-14,57,Comedy,7.2,4,1064
Arsenio Hall: Smart and Classy,TV-MA,63,Comedy,6.0,4,466
The Atomic States of America,Not Rated,95,"Documentary, History, News",6.3,8,281
It's Not Over,Not Rated,72,"Documentary, Adventure, Drama",6.3,10,48
Brasslands,Not Rated,84,"Documentary, Music",7.4,26,91
The Missing Ingredient: What is the Recipe for Success?,Unrated,87,Documentary,7.5,10,23
Slow Country,TV-MA,115,"Action, Drama",5.2,10,36
Chevolution,Not Rated,86,Documentary,6.5,12,573
The Ex-Lover Shop,TV-14,98,"Comedy, Drama, Romance",5.9,10,163
Monty Python's Flying Circus: Live at Aspen,Not Rated,58,"Documentary, Comedy",7.8,10,1103
Art of the Game: Ukiyo-e Heroes,TV-14,97,Documentary,7.7,1,254
Chronicles of a Champion Golfer,TV-PG,30,"Documentary, Sport",8.0,7,38
Echelon 8,Not Rated,118,"Action, Crime, Drama",3.3,10,130
Kaptn Oskar,PG-13,78,"Drama, Romance",5.2,10,265
Baires,TV-MA,82,"Action, Crime, Thriller",4.2,10,207
Nerdcore Rising,Not Rated,85,"Documentary, Music",6.7,12,503
#cats_the_mewvie,TV-14,90,Documentary,5.3,10,469
Honor Diaries,Not Rated,61,"Documentary, Crime, News",7.8,8,239
Samaritan's Purse presents Facing Darkness,Unrated,93,"Documentary, Drama",7.4,10,90
We Are One,TV-MA,86,Documentary,4.9,8,93
Morgan Murphy: Irish Goodbye,Not Rated,51,Comedy,6.8,6,336
Croaker,Not Rated,71,Horror,7.3,10,74
Lynne Koplitz: Hormonal Beast,TV-MA,51,Comedy,6.3,4,446
John Hodgman: Ragnarok,TV-14,68,"Comedy, Music",6.1,10,310
Malena Pichot: Estupidez compleja,TV-MA,50,Comedy,5.7,6,363
Tim Allen Rewires America,Not Rated,30,"Documentary, Comedy",6.0,4,200
Craptastic,Not Rated,89,Comedy,3.6,12,88
RebellComedy: Straight Outta the Zoo,TV-MA,74,Comedy,4.6,10,44
Thus Spoke Kishibe Rohan,TV-MA,25,"Animation, Action, Adventure",7.8,10,263
Carlos Ballarta: Furia ñera,TV-MA,62,Comedy,7.1,6,218
Alejandro Riaño: Especial de stand-up,TV-MA,60,Comedy,4.9,6,71
Delivery,Not Rated,92,"Documentary, Comedy",5.9,10,46
Parrot Heads,TV-14,88,"Documentary, Music",6.7,10,73
Rob Schneider: Soy Sauce and the Holocaust,Not Rated,60,Comedy,5.6,4,279
Sam Kinison: The Scream Continues,Not Rated,29,"Documentary, Short",6.4,3,81
War Don Don,Not Rated,83,Documentary,7.3,1,154
Fary Is the New Black,TV-MA,74,Comedy,5.8,4,137
Ricardo Quevedo: Hay gente así,TV-MA,59,Comedy,6.3,6,114
Nietzsche and the Nazis,PG,165,Documentary,7.7,4,57
Moonbeams,Not Rated,81,Drama,8.1,10,10
Forks Over Knives Presents: The Engine 2 Kitchen Rescue,Not Rated,53,Documentary,6.4,4,165
Dwayne Perkins: Take Note,TV-MA,68,"Documentary, Comedy",7.1,10,355
Grego Rossello: Disculpe Las Molestias,TV-MA,65,Comedy,4.7,4,26
Dany Boon: Des Hauts-De-France,TV-MA,113,Comedy,6.2,4,97
Todd Glass: Talks About Stuff,Not Rated,46,Comedy,6.2,4,170
Little Town of Bethlehem,PG-13,75,Documentary,7.5,10,36
Dead & Nowhere,Unrated,90,"Crime, Thriller",2.5,10,19
Pelican Dreams,G,80,Documentary,6.8,10,151
Sinatra Being Frank,TV-PG,81,"Documentary, Biography, History",6.4,10,260
Jen Kirkman: Just Keep Livin?,TV-MA,69,Comedy,6.8,4,1318
Adel Karam: Live from Beirut,TV-MA,59,Comedy,5.3,4,151
Sebastián Marcelo Wainraich,TV-MA,49,Comedy,6.4,6,110
Eddie Pepitone: In Ruins,Not Rated,64,Comedy,7.1,4,136
Aditi Mittal: Things They Wouldn't Let Me Say,TV-MA,62,Comedy,4.3,4,335
Robert Kelly: Live at the Village Underground,Not Rated,63,Comedy,7.2,4,220
The Sklar Brothers: What Are We Talking About,Not Rated,69,Comedy,6.1,10,72
Music for Mandela,TV-G,82,Documentary,6.8,10,29
Kahi,G,95,Drama,7.1,10,71
Luciano Mellera: Infantiloide,TV-14,66,Comedy,7.5,6,1520
Jack the Ripper: Prime Suspect,TV-14,50,"Documentary, Crime",5.6,10,79
Rooster's Blood,TV-MA,84,"Action, Crime, Drama",5.2,10,172
Carolin Kebekus: The Last Christmas Special,TV-MA,66,Comedy,4.8,1,101
Alex Fernández: The Best Comedian in the World,TV-MA,51,Comedy,6.2,4,141
Moshe Kasher: Live in Oakland,Not Rated,61,Comedy,6.7,4,334
Southern Justice,R,96,"Action, Adventure, Thriller",3.1,10,131
Problem Child: Leslie Jones,Not Rated,60,Comedy,5.9,4,266
A Go! Go! Cory Carson Christmas,TV-Y,21,"Animation, Short, Family",6.1,12,51
Meeting a Bullet,R,75,Crime,3.7,10,115
Graffiti Verité,Not Rated,45,"Documentary, Drama, Family",5.9,10,29
John Caparulo: Come Inside Me,Not Rated,71,"Documentary, Comedy",7.1,4,133
Fabrizio Copano: Solo pienso en mi,TV-MA,60,Comedy,5.1,6,37
Steve Byrne: Champion,Not Rated,70,Comedy,6.8,4,147
Lucas Lauriente: Todo lo que sería,TV-MA,74,Comedy,6.7,6,112
Big Guns,Not Rated,84,Comedy,7.5,10,21
Dieter Nuhr: Nuhr in Berlin,Not Rated,69,Comedy,4.7,4,71
Save the Forest,Not Rated,90,Comedy,6.9,10,45
Laerte-se,TV-MA,100,Documentary,7.0,12,701
Fernando Sanjiao: Hombre,TV-MA,63,Comedy,6.4,6,59
Monty Python: Before the Flying Circus,Not Rated,55,Documentary,7.3,10,172
Lord Put a Ring on It,PG,94,"Comedy, Drama",7.6,10,22
Daniel Sosa: Maleducado,TV-MA,54,Comedy,6.2,6,76
The Greatest Movie Ever Rolled,TV-MA,81,Documentary,6.2,10,490
Pete Johansson: You Might also Enjoy Pete Johansson,TV-MA,67,Comedy,6.1,4,183
Once Upon a Time: Evil Reigns Once More,TV-PG,41,Documentary,7.4,1,113
Crap Shoot: The Documentary,PG,97,Documentary,3.9,10,190
Rafinha Bastos: Ultimato,TV-MA,62,Comedy,6.5,6,222
Dans for mig,TV-PG,78,"Documentary, Music, Sport",6.6,6,110
Bob Saget: That's What I'm Talkin' About,TV-MA,55,"Documentary, Comedy",5.3,4,275
Without Shepherds,Not Rated,89,Documentary,7.7,12,70
Matt Braunger: Big Dumb Animal,TV-MA,64,"Documentary, Comedy",7.3,4,286
Tellur Aliens,TV-Y,67,"Animation, Adventure, Comedy",4.3,1,96
Mau Nieto: Viviendo sobrio... desde el bar,TV-MA,57,Comedy,6.7,6,81
Ranbhool,Not Rated,110,Thriller,5.5,10,30
The Genius of Marian,TV-PG,85,"Documentary, Drama, Family",7.3,8,151
Daniel Sosa: Sosafado,TV-MA,77,Comedy,5.4,6,103
Inside: The Mob's Bloody Valentine,TV-14,45,"Documentary, Action, Crime",6.5,6,9
The Panama Papers,PG,43,"Documentary, Short",6.6,1,16
"A Decade of Decadence, Pt. 2: Legacy of Dreams",PG-13,65,Documentary,8.1,10,51
Natural Possession: Director's Cut,Not Rated,97,"Drama, Horror, Thriller",5.1,10,65
Waxing Gibbous,Not Rated,97,Drama,5.6,10,19
A Tiger in the Dark: The Decadence Saga,R,128,"Drama, Fantasy, Sci-Fi",7.7,10,50
American Experience,Approved,90,"Documentary, Biography, History",6.7,10,47
Avatar: The Last Airbender,TV-Y7,24,"Animation, Action, Adventure",7.4,10,3627
Avatar: The Last Airbender,TV-Y7,25,"Animation, Action, Adventure",8.6,10,3551
Avatar: The Last Airbender,TV-Y7,25,"Animation, Action, Adventure",7.8,10,4093
Avatar: The Last Airbender,TV-Y7,25,"Animation, Action, Adventure",7.7,10,3993
Avatar: The Last Airbender,TV-Y7,23,"Animation, Action, Adventure",8.0,10,4163
Avatar: The Last Airbender,TV-Y7,25,"Animation, Action, Adventure",8.4,10,3732
Avatar: The Last Airbender,TV-Y7,24,"Animation, Action, Adventure",7.8,10,3791
Avatar: The Last Airbender,TV-Y7,24,"Animation, Action, Adventure",7.9,10,3682
Avatar: The Last Airbender,TV-Y7,25,"Animation, Action, Adventure",9.3,12,4584
Avatar: The Last Airbender,TV-Y7,24,"Animation, Action, Adventure",8.6,10,3741
Avatar: The Last Airbender,TV-Y7,25,"Animation, Action, Adventure",9.5,10,5383
The Boondocks,TV-MA,21,"Animation, Action, Comedy",8.5,12,492
The Boondocks,TV-MA,22,"Animation, Action, Comedy",8.1,12,381
The Boondocks,TV-MA,22,"Animation, Action, Comedy",8.5,12,494
The Boondocks,TV-MA,22,"Animation, Action, Comedy",7.9,10,479
The Boondocks,TV-MA,23,"Animation, Action, Comedy",7.9,10,345
The Boondocks,TV-MA,20,"Animation, Action, Comedy",7.9,12,587
The Boondocks,TV-14,20,"Animation, Action, Comedy",8.2,12,379
The Boondocks,TV-MA,22,"Animation, Action, Comedy",7.8,12,361
The Boondocks,TV-MA,23,"Animation, Action, Comedy",8.2,10,429
The Boondocks,TV-MA,22,"Animation, Action, Comedy",8.3,10,546
Johnny Test,TV-Y,22,"Animation, Action, Adventure",7.8,12,53
Johnny Test,TV-Y,21,"Animation, Action, Adventure",7.7,12,54
Johnny Test,TV-Y,21,"Animation, Action, Adventure",6.9,12,55
Johnny Test,TV-Y,21,"Animation, Action, Adventure",7.5,12,101
Johnny Test,TV-Y,21,"Animation, Action, Adventure",7.3,12,80
Johnny Test,TV-Y,22,"Animation, Action, Adventure",7.6,12,69
Johnny Test,TV-Y,22,"Animation, Action, Adventure",7.4,12,59
Top Gear,TV-PG,45,"Adventure, Comedy, Reality-TV",7.1,18,337
Top Gear,TV-PG,45,"Adventure, Comedy, Reality-TV",7.0,16,282
Top Gear,TV-PG,65,"Adventure, Comedy, Reality-TV",7.2,18,223
Top Gear,TV-PG,49,"Adventure, Comedy, Reality-TV",7.7,18,270
Top Gear,TV-PG,54,"Adventure, Comedy, Reality-TV",7.5,16,241
Top Gear,TV-PG,51,"Adventure, Comedy, Reality-TV",7.5,18,237
Top Gear,TV-PG,51,"Adventure, Comedy, Reality-TV",7.5,16,231
Top Gear,TV-PG,53,"Adventure, Comedy, Reality-TV",7.6,16,225
Top Gear,TV-PG,53,"Adventure, Comedy, Reality-TV",7.7,20,222
Top Gear,TV-PG,54,"Adventure, Comedy, Reality-TV",7.9,16,229
Top Gear,TV-PG,46,"Adventure, Comedy, Reality-TV",7.7,18,222
Top Gear,TV-PG,53,"Adventure, Comedy, Reality-TV",7.7,18,223
Top Gear,TV-PG,56,"Adventure, Comedy, Reality-TV",7.7,18,220
Top Gear,TV-PG,58,"Adventure, Comedy, Reality-TV",7.7,18,226
Top Gear,TV-PG,59,"Adventure, Comedy, Reality-TV",7.8,16,227
Top Gear,TV-PG,60,"Adventure, Comedy, Reality-TV",7.8,18,220
Top Gear,TV-PG,59,"Adventure, Comedy, Reality-TV",7.8,18,220
Top Gear,TV-PG,59,"Adventure, Comedy, Reality-TV",8.2,16,261
Top Gear,TV-PG,61,"Adventure, Comedy, Reality-TV",7.9,18,231
Top Gear,TV-PG,59,"Adventure, Comedy, Reality-TV",7.7,16,214
Top Gear,TV-PG,60,"Adventure, Comedy, Reality-TV",7.7,18,208
Top Gear,TV-PG,61,"Adventure, Comedy, Reality-TV",7.7,20,215
Top Gear,TV-PG,54,"Adventure, Comedy, Reality-TV",8.3,14,253
Top Gear,TV-PG,52,"Adventure, Comedy, Reality-TV",7.7,18,217
Top Gear,TV-PG,51,"Adventure, Comedy, Reality-TV",8.0,14,229
Top Gear,TV-PG,52,"Adventure, Comedy, Reality-TV",8.2,14,219
Top Gear,TV-PG,50,"Adventure, Comedy, Reality-TV",7.7,16,204
Top Gear,TV-PG,53,"Adventure, Comedy, Reality-TV",7.6,18,207
Top Gear,TV-PG,51,"Adventure, Comedy, Reality-TV",7.8,16,210
Top Gear,TV-PG,51,"Adventure, Comedy, Reality-TV",7.8,16,210
Top Gear,TV-PG,51,"Adventure, Comedy, Reality-TV",7.7,16,206
Top Gear,TV-PG,52,"Adventure, Comedy, Reality-TV",7.7,14,205
Top Gear,TV-PG,53,"Adventure, Comedy, Reality-TV",7.8,16,208
Top Gear,TV-PG,54,"Adventure, Comedy, Reality-TV",7.9,18,216
Top Gear,TV-PG,55,"Adventure, Comedy, Reality-TV",7.8,16,210
Top Gear,TV-PG,53,"Adventure, Comedy, Reality-TV",7.9,16,211
Top Gear,TV-PG,53,"Adventure, Comedy, Reality-TV",7.9,14,208
Top Gear,TV-PG,53,"Adventure, Comedy, Reality-TV",8.0,16,215
Top Gear,TV-PG,54,"Adventure, Comedy, Reality-TV",7.9,16,209
Top Gear,TV-PG,51,"Adventure, Comedy, Reality-TV",8.3,14,242
Top Gear,TV-PG,42,"Adventure, Comedy, Reality-TV",7.8,18,208
Top Gear,TV-PG,60,"Adventure, Comedy, Reality-TV",7.9,14,212
Top Gear,TV-PG,60,"Adventure, Comedy, Reality-TV",8.1,12,216
Top Gear,TV-PG,59,"Adventure, Comedy, Reality-TV",7.9,16,218
Top Gear,TV-PG,59,"Adventure, Comedy, Reality-TV",7.9,14,213
Top Gear,TV-PG,60,"Adventure, Comedy, Reality-TV",7.8,14,198
Top Gear,TV-PG,59,"Adventure, Comedy, Reality-TV",8.0,12,229
Top Gear,TV-PG,59,"Adventure, Comedy, Reality-TV",8.0,16,200
Top Gear,TV-PG,59,"Adventure, Comedy, Reality-TV",7.8,16,203
Top Gear,TV-PG,59,"Adventure, Comedy, Reality-TV",7.7,16,198
Top Gear,TV-PG,60,"Adventure, Comedy, Reality-TV",7.9,16,201
Top Gear,TV-PG,60,"Adventure, Comedy, Reality-TV",7.8,18,202
Top Gear,TV-MA,60,"Adventure, Comedy, Reality-TV",7.8,14,209
Top Gear,TV-PG,58,"Adventure, Comedy, Reality-TV",7.8,16,204
Top Gear,TV-PG,58,"Adventure, Comedy, Reality-TV",8.2,14,227
Top Gear,TV-PG,60,"Adventure, Comedy, Reality-TV",8.3,16,227
Top Gear,TV-PG,59,"Adventure, Comedy, Reality-TV",7.8,16,198
Dexter,TV-MA,55,"Crime, Drama, Mystery",8.2,10,6473
The Boondocks,TV-MA,23,"Animation, Action, Comedy",9.0,10,559
Avatar: The Last Airbender,TV-Y7,25,"Animation, Action, Adventure",7.8,10,3737
Avatar: The Last Airbender,TV-Y7,25,"Animation, Action, Adventure",8.1,10,4164
The Boondocks,TV-MA,23,"Animation, Action, Comedy",8.1,10,382
Top Gear,TV-PG,59,"Adventure, Comedy, Reality-TV",8.2,14,227
Top Gear,TV-PG,60,"Adventure, Comedy, Reality-TV",8.4,14,394
Avatar: The Last Airbender,TV-Y7,25,"Animation, Action, Adventure",8.6,10,3747
Avatar: The Last Airbender,TV-Y7,25,"Animation, Action, Adventure",7.6,10,3650
The Boondocks,TV-MA,23,"Animation, Action, Comedy",8.3,10,400
Avatar: The Last Airbender,TV-Y7,25,"Animation, Action, Adventure",8.1,10,3690
The Boondocks,TV-MA,23,"Animation, Action, Comedy",8.4,10,385
The Boondocks,TV-MA,22,"Animation, Action, Comedy",7.5,10,328
American Experience,TV-PG,53,"Documentary, Biography, History",6.8,12,198
Avatar: The Last Airbender,TV-Y7,25,"Animation, Action, Adventure",8.1,10,4406
Avatar: The Last Airbender,TV-Y7,25,"Animation, Action, Adventure",9.2,10,5421
Avatar: The Last Airbender,TV-Y7,25,"Animation, Action, Adventure",8.3,10,3493
Dexter,TV-MA,53,"Crime, Drama, Mystery",8.7,10,9628
Avatar: The Last Airbender,TV-Y7,25,"Animation, Action, Adventure",8.5,10,3528
Avatar: The Last Airbender,TV-Y7,25,"Animation, Action, Adventure",9.1,10,4316
Avatar: The Last Airbender,TV-Y7,25,"Animation, Action, Adventure",8.8,10,3895
The Boondocks,TV-MA,22,"Animation, Action, Comedy",9.2,12,511
Johnny Test,TV-Y,21,"Animation, Action, Adventure",7.2,12,51
Johnny Test,TV-Y,21,"Animation, Action, Adventure",7.5,12,49
Johnny Test,TV-Y,21,"Animation, Action, Adventure",7.3,12,51
Top Gear,TV-PG,60,"Adventure, Comedy, Reality-TV",8.2,20,228
Avatar: The Last Airbender,TV-Y7,24,"Animation, Action, Adventure",8.8,10,4218
Top Gear,TV-PG,60,"Adventure, Comedy, Reality-TV",7.8,18,205
Avatar: The Last Airbender,TV-Y7,23,"Animation, Action, Adventure",7.9,10,4964
Top Gear,TV-PG,60,"Adventure, Comedy, Reality-TV",8.6,16,272
Top Gear,TV-PG,59,"Adventure, Comedy, Reality-TV",7.9,18,220
Avatar: The Last Airbender,TV-Y7,25,"Animation, Action, Adventure",9.0,10,3889
Avatar: The Last Airbender,TV-Y7,25,"Animation, Action, Adventure",8.4,10,4307
Avatar: The Last Airbender,TV-Y7,25,"Animation, Action, Adventure",8.0,10,3936
Top Gear,TV-PG,59,"Adventure, Comedy, Reality-TV",7.9,16,201
Avatar: The Last Airbender,TV-Y7,25,"Animation, Action, Adventure",9.6,10,5221
Avatar: The Last Airbender,TV-Y7,25,"Animation, Action, Adventure",7.8,10,3871
Dexter,TV-MA,56,"Crime, Drama, Mystery",8.4,10,5709
Avatar: The Last Airbender,TV-Y7,25,"Animation, Action, Adventure",9.1,10,4461
Dexter,TV-MA,58,"Crime, Drama, Mystery",8.6,10,5952
Top Gear,TV-PG,61,"Adventure, Comedy, Reality-TV",8.2,16,227
Bleach,TV-14,23,"Animation, Action, Adventure",8.7,12,525
Avatar: The Last Airbender,TV-Y7,24,"Animation, Action, Adventure",8.3,10,3413
Avatar: The Last Airbender,TV-Y7,25,"Animation, Action, Adventure",6.9,10,4106
Top Gear,TV-PG,60,"Adventure, Comedy, Reality-TV",7.9,18,201
Dexter,TV-MA,51,"Crime, Drama, Mystery",8.3,10,6064
Avatar: The Last Airbender,TV-Y7,25,"Animation, Action, Adventure",8.7,10,3634
Avatar: The Last Airbender,TV-Y7,25,"Animation, Action, Adventure",8.7,10,3702
Avatar: The Last Airbender,TV-Y7,25,"Animation, Action, Adventure",9.0,10,4443
Top Gear,TV-14,60,"Adventure, Comedy, Reality-TV",8.0,14,218
Avatar: The Last Airbender,TV-Y7,24,"Animation, Action, Adventure",8.9,10,3769
Avatar: The Last Airbender,TV-Y7,25,"Animation, Action, Adventure",9.0,10,3829
Dexter,TV-MA,53,"Crime, Drama, Mystery",8.9,10,6208
The Blue Planet,TV-G,48,Documentary,8.1,3,632
The Blue Planet,TV-G,49,Documentary,8.6,3,834
The Blue Planet,TV-G,49,Documentary,8.1,3,645
The Blue Planet,TV-G,49,Documentary,8.2,6,695
The Blue Planet,TV-G,49,Documentary,8.3,3,812
The Blue Planet,TV-G,48,Documentary,8.0,3,690
The Blue Planet,TV-G,49,Documentary,8.0,5,630
The Blue Planet,TV-G,49,Documentary,8.1,3,624
Johnny Test,TV-Y7,21,"Animation, Action, Adventure",7.2,12,58
Bleach,TV-14,24,"Animation, Action, Adventure",7.7,12,325
Bleach,TV-14,24,"Animation, Action, Adventure",7.5,12,474
Bleach,TV-14,24,"Animation, Action, Adventure",8.8,12,552
Bleach,TV-14,24,"Animation, Action, Adventure",7.9,12,319
Bleach,TV-14,24,"Animation, Action, Adventure",7.2,12,327
Bleach,TV-14,24,"Animation, Action, Adventure",7.5,12,312
Bleach,TV-14,23,"Animation, Action, Adventure",7.4,12,235
Bleach,TV-14,24,"Animation, Action, Adventure",8.0,10,340
Bleach,TV-14,24,"Animation, Action, Adventure",7.7,12,403
Bleach,TV-14,24,"Animation, Action, Adventure",7.7,12,276
Bleach,TV-14,24,"Animation, Action, Adventure",9.1,12,633
Bleach,TV-14,25,"Animation, Action, Adventure",6.7,12,153
Bleach,TV-14,24,"Animation, Action, Adventure",7.6,12,406
Bleach,TV-14,24,"Animation, Action, Adventure",8.5,12,562
Bleach,TV-14,24,"Animation, Action, Adventure",8.1,12,535
Bleach,TV-14,24,"Animation, Action, Adventure",7.9,12,346
Bleach,TV-14,24,"Animation, Action, Adventure",7.6,12,366
Bleach,TV-14,24,"Animation, Action, Adventure",7.5,12,313
Bleach,TV-14,24,"Animation, Action, Adventure",7.7,12,321
Bleach,TV-14,24,"Animation, Action, Adventure",9.0,12,584
Bleach,TV-14,24,"Animation, Action, Adventure",7.6,12,355
Bleach,TV-14,24,"Animation, Action, Adventure",8.4,12,556
Bleach,TV-14,24,"Animation, Action, Adventure",8.4,12,566
Bleach,TV-14,24,"Animation, Action, Adventure",8.6,12,491
Bleach,TV-14,24,"Animation, Action, Adventure",7.6,12,365
Bleach,TV-14,24,"Animation, Action, Adventure",7.2,12,304
Bleach,TV-14,24,"Animation, Action, Adventure",6.2,12,221
Bleach,TV-14,23,"Animation, Action, Adventure",7.8,12,287
Bleach,TV-14,24,"Animation, Action, Adventure",8.3,12,508
Bleach,TV-14,23,"Animation, Action, Adventure",7.6,12,244
Bleach,TV-14,24,"Animation, Action, Adventure",7.9,12,312
Bleach,TV-14,24,"Animation, Action, Adventure",7.9,12,350
Bleach,TV-14,24,"Animation, Action, Adventure",7.8,12,329
Bleach,TV-14,24,"Animation, Action, Adventure",8.0,12,325
Bleach,TV-14,24,"Animation, Action, Adventure",8.8,12,568
Bleach,TV-14,24,"Animation, Action, Adventure",8.7,12,551
Bleach,TV-14,24,"Animation, Action, Adventure",7.7,12,269
Bleach,TV-14,23,"Animation, Action, Adventure",7.8,12,284
Bleach,TV-14,24,"Animation, Action, Adventure",8.4,12,559
Bleach,TV-14,24,"Animation, Action, Adventure",8.2,12,486
Bleach,TV-14,23,"Animation, Action, Adventure",8.1,12,452
Bleach,TV-14,23,"Animation, Action, Adventure",5.5,12,200
Bleach,TV-14,24,"Animation, Action, Adventure",7.6,10,621
Bleach,TV-14,23,"Animation, Action, Adventure",8.2,12,465
Bleach,TV-14,24,"Animation, Action, Adventure",7.5,12,321
Bleach,TV-14,24,"Animation, Action, Adventure",7.2,12,290
Bleach,TV-14,23,"Animation, Action, Adventure",8.9,10,619
Bleach,TV-14,24,"Animation, Action, Adventure",7.6,12,440
Bleach,TV-14,24,"Animation, Action, Adventure",8.5,12,566
Bleach,TV-14,24,"Animation, Action, Adventure",7.5,12,305
Bleach,TV-14,24,"Animation, Action, Adventure",8.1,12,449
Bleach,TV-14,23,"Animation, Action, Adventure",8.2,12,490
Bleach,TV-14,24,"Animation, Action, Adventure",8.2,12,440
Bleach,TV-14,24,"Animation, Action, Adventure",7.8,12,322
Bleach,TV-14,24,"Animation, Action, Adventure",8.0,12,379
Bleach,TV-14,24,"Animation, Action, Adventure",8.9,10,570
Bleach,TV-14,23,"Animation, Action, Adventure",7.8,12,296
Bleach,TV-14,24,"Animation, Action, Adventure",8.4,12,556
Bleach,TV-14,25,"Animation, Action, Adventure",9.1,12,640
Bleach,TV-14,23,"Animation, Action, Adventure",8.1,12,375
Bleach,TV-14,26,"Animation, Action, Adventure",6.7,12,159
Bleach,TV-14,24,"Animation, Action, Adventure",7.4,12,283
Bleach,TV-14,24,"Animation, Action, Adventure",8.8,12,541
Bleach,TV-14,24,"Animation, Action, Adventure",7.6,12,279
Dexter,TV-MA,52,"Crime, Drama, Mystery",8.6,10,5605
Dexter,TV-MA,53,"Crime, Drama, Mystery",8.9,10,6349
Johnny Test,TV-Y,21,"Animation, Action, Adventure",7.5,12,47
Dexter,TV-MA,55,"Crime, Drama, Mystery",8.5,10,5455
Dexter,TV-MA,56,"Crime, Drama, Mystery",9.1,10,6130
Dexter,TV-MA,54,"Crime, Drama, Mystery",9.2,10,6247
Avatar: The Last Airbender,TV-Y7,25,"Animation, Action, Adventure",8.5,10,3405
Dexter,TV-MA,56,"Crime, Drama, Mystery",9.6,10,10604
Pokémon,TV-Y,22,"Animation, Action, Adventure",6.1,12,105
Avatar: The Last Airbender,TV-Y7,25,"Animation, Action, Adventure",9.0,10,3803
Avatar: The Last Airbender,TV-Y7,25,"Animation, Action, Adventure",8.5,10,3960
Avatar: The Last Airbender,TV-Y7,24,"Animation, Action, Adventure",8.1,10,3423
Avatar: The Last Airbender,TV-Y7,25,"Animation, Action, Adventure",8.8,10,3865
Avatar: The Last Airbender,TV-Y7,23,"Animation, Action, Adventure",7.9,10,3662
Johnny Test,TV-Y7,23,"Animation, Action, Adventure",6.7,10,46
Johnny Test,TV-Y7,23,"Animation, Action, Adventure",7.0,10,40
Johnny Test,TV-Y,21,"Animation, Action, Adventure",8.1,12,65
Avatar: The Last Airbender,TV-Y7,25,"Animation, Action, Adventure",9.1,10,4257
Johnny Test,TV-Y7,23,"Animation, Action, Adventure",6.7,10,39
Johnny Test,TV-Y7,23,"Animation, Action, Adventure",7.1,10,39
The Boondocks,TV-MA,23,"Animation, Action, Comedy",7.4,14,271
Top Gear,TV-PG,52,"Adventure, Comedy, Reality-TV",8.4,16,255
Top Gear,TV-PG,60,"Adventure, Comedy, Reality-TV",7.9,18,221
Johnny Test,TV-Y7,23,"Animation, Action, Adventure",6.4,10,37
Johnny Test,TV-Y7,23,"Animation, Action, Adventure",7.5,10,45
Johnny Test,TV-Y7,23,"Animation, Action, Adventure",6.8,10,33
Johnny Test,TV-Y7,23,"Animation, Action, Adventure",6.6,10,32
Top Gear,TV-PG,51,"Adventure, Comedy, Reality-TV",8.9,10,508
Top Gear,TV-PG,58,"Adventure, Comedy, Reality-TV",8.0,18,229
American Masters,Not Rated,87,"Documentary, Biography, Music",7.6,10,165
Top Gear,TV-PG,61,"Adventure, Comedy, Reality-TV",8.2,16,230
Avatar: The Last Airbender,TV-Y7,25,"Animation, Action, Adventure",8.3,10,3652
Avatar: The Last Airbender,TV-Y7,25,"Animation, Action, Adventure",8.6,10,3734
Top Gear,TV-PG,61,"Adventure, Comedy, Reality-TV",8.4,16,290
The Tudors,TV-MA,54,"Drama, History, Romance",7.4,12,1226
The Tudors,TV-MA,53,"Drama, History, Romance",7.6,10,978
The Tudors,TV-MA,50,"Drama, History, Romance",8.1,10,760
The Tudors,TV-MA,51,"Drama, History, Romance",7.5,10,903
The Tudors,TV-MA,54,"Drama, History, Romance",7.7,10,842
The Tudors,TV-MA,51,"Drama, History, Romance",7.6,10,787
The Tudors,TV-MA,53,"Drama, History, Romance",7.6,10,753
The Tudors,TV-MA,53,"Drama, History, Romance",7.7,10,737
The Tudors,TV-MA,52,"Drama, History, Romance",7.8,10,723
The Tudors,TV-MA,47,"Drama, History, Romance",7.7,10,702
Supergirl,TV-PG,42,"Action, Adventure, Drama",7.5,10,1133
BattleBots,TV-PG,44,"Action, Game-Show, Reality-TV",8.3,10,26
Good Girls,TV-14,42,"Comedy, Crime, Drama",8.3,10,683
The Umbrella Academy,TV-14,47,"Action, Adventure, Comedy",8.2,10,4357
Supergirl,TV-PG,42,"Action, Adventure, Drama",7.3,10,1189
Blood of Zeus,TV-MA,27,"Animation, Action, Adventure",7.6,10,715
Blood of Zeus,TV-MA,31,"Animation, Action, Adventure",7.9,10,635
Blood of Zeus,TV-MA,27,"Animation, Action, Adventure",8.4,10,622
Blood of Zeus,TV-MA,31,"Animation, Action, Adventure",8.2,10,582
Blood of Zeus,TV-MA,25,"Animation, Action, Adventure",8.0,10,541
Blood of Zeus,TV-MA,32,"Animation, Action, Adventure",7.7,10,533
Blood of Zeus,TV-MA,34,"Animation, Action, Adventure",8.3,10,548
Blood of Zeus,TV-MA,37,"Animation, Action, Adventure",8.6,10,617
The Kominsky Method,TV-MA,23,"Comedy, Drama",8.1,10,896
The Kominsky Method,TV-MA,29,"Comedy, Drama",7.9,10,823
The Kominsky Method,TV-MA,25,"Comedy, Drama",8.0,10,796
The Worst Witch,TV-Y7,28,"Family, Fantasy",8.1,10,32
The Letter for the King,TV-PG,51,"Action, Adventure, Family",6.9,10,269
The Letter for the King,TV-PG,40,"Action, Adventure, Family",6.8,10,236
The Letter for the King,TV-PG,46,"Action, Adventure, Family",7.0,10,250
The Letter for the King,TV-PG,49,"Action, Adventure, Family",5.9,10,287
The Kominsky Method,TV-MA,25,"Comedy, Drama",8.0,10,803
The Kominsky Method,TV-MA,25,"Comedy, Drama",8.2,10,807
The Kominsky Method,TV-MA,21,"Comedy, Drama",8.0,10,764
The Kominsky Method,TV-MA,26,"Comedy, Drama",8.0,10,835
The Umbrella Academy,TV-14,48,"Action, Adventure, Comedy",8.0,10,3879
JoJo's Bizarre Adventure,TV-MA,25,"Animation, Action, Adventure",8.2,7,647
RuPaul's Drag Race: Untucked!,TV-14,21,Reality-TV,7.8,7,52
RuPaul's Drag Race: Untucked!,TV-14,20,Reality-TV,7.5,1,51
RuPaul's Drag Race: Untucked!,TV-14,21,Reality-TV,7.2,1,47
Bordertown,TV-MA,61,"Crime, Drama, Mystery",7.7,10,221
Elite,TV-MA,48,"Crime, Drama, Thriller",7.8,10,1254
Elite,TV-MA,51,"Crime, Drama, Thriller",9.0,10,1938
You vs. Wild,TV-PG,14,"Adventure, Reality-TV",6.5,4,228
You vs. Wild,TV-PG,20,"Adventure, Reality-TV",6.6,4,173
You vs. Wild,TV-PG,26,"Adventure, Reality-TV",6.9,4,130
Grace and Frankie,TV-MA,30,Comedy,7.8,10,401
Supergirl,TV-PG,42,"Action, Adventure, Drama",8.2,10,1252
The Last Kingdom,TV-MA,56,"Action, Drama, History",8.3,10,2793
Hi Score Girl,TV-PG,25,"Animation, Comedy, Romance",8.1,10,60
Hi Score Girl,TV-PG,25,"Animation, Comedy, Romance",7.9,10,57
Hi Score Girl,TV-PG,25,"Animation, Comedy, Romance",8.3,10,60
The Queen's Gambit,TV-MA,59,Drama,8.4,10,11011
The Queen's Gambit,TV-MA,65,Drama,8.7,10,10261
The Queen's Gambit,TV-MA,46,Drama,8.4,10,9298
The Queen's Gambit,TV-MA,49,Drama,8.4,10,9026
The Queen's Gambit,TV-MA,48,Drama,8.2,10,8746
The Queen's Gambit,TV-MA,60,Drama,8.4,10,8835
JoJo's Bizarre Adventure,TV-MA,25,"Animation, Action, Adventure",8.4,7,761
Never Have I Ever,TV-14,28,"Comedy, Drama",7.4,10,1168
Never Have I Ever,TV-14,29,"Comedy, Drama",7.5,10,1037
Never Have I Ever,TV-14,30,"Comedy, Drama",7.7,10,982
Never Have I Ever,TV-14,22,"Comedy, Drama",7.6,10,974
Never Have I Ever,TV-14,29,"Comedy, Drama",7.8,10,958
Never Have I Ever,TV-14,23,"Comedy, Drama",8.5,10,1110
Never Have I Ever,TV-14,24,"Comedy, Drama",7.6,10,898
Never Have I Ever,TV-14,28,"Comedy, Drama",8.0,10,933
Never Have I Ever,TV-14,24,"Comedy, Drama",8.4,10,974
Never Have I Ever,TV-14,28,"Comedy, Drama",8.7,10,1236
The Gift,TV-MA,42,"Drama, Fantasy, Mystery",7.6,10,851
The Gift,TV-MA,43,"Drama, Fantasy, Mystery",7.6,10,720
The Gift,TV-MA,48,"Drama, Fantasy, Mystery",7.8,10,687
The Gift,TV-MA,43,"Drama, Fantasy, Mystery",7.5,10,634
The Gift,TV-MA,46,"Drama, Fantasy, Mystery",7.4,10,636
The Gift,TV-MA,42,"Drama, Fantasy, Mystery",7.7,10,609
The Gift,TV-MA,41,"Drama, Fantasy, Mystery",7.5,10,597
The Gift,TV-MA,49,"Drama, Fantasy, Mystery",8.1,10,697
Hollywood,TV-MA,44,"Drama, History",7.5,10,1762
On My Block,TV-14,30,"Comedy, Drama",8.2,10,243
Good Girls,TV-14,41,"Comedy, Crime, Drama",7.9,10,548
The Flash,TV-PG,42,"Action, Adventure, Drama",7.7,10,2081
The Flash,TV-PG,42,"Action, Adventure, Drama",7.3,10,1913
The Flash,TV-PG,42,"Action, Adventure, Drama",7.5,10,1895
The Flash,TV-PG,42,"Action, Adventure, Drama",7.4,10,1854
The Flash,TV-PG,42,"Action, Adventure, Drama",7.3,10,1894
The Flash,TV-PG,42,"Action, Adventure, Drama",8.4,10,2296
The Flash,TV-PG,42,"Action, Adventure, Drama",7.9,10,1915
The Flash,TV-PG,42,"Action, Adventure, Drama",6.9,10,1666
Home for Christmas,TV-MA,31,"Comedy, Drama, Romance",7.4,12,265
Home for Christmas,TV-MA,26,"Comedy, Drama, Romance",7.5,12,245
Home for Christmas,TV-MA,29,"Comedy, Drama, Romance",7.4,12,238
Home for Christmas,TV-MA,27,"Comedy, Drama, Romance",7.5,12,238
Home for Christmas,TV-MA,31,"Comedy, Drama, Romance",7.8,12,270
Home for Christmas,TV-MA,29,"Comedy, Drama, Romance",7.3,12,292
The Order,TV-MA,47,"Drama, Fantasy, Horror",7.1,10,425
The Order,TV-MA,48,"Drama, Fantasy, Horror",7.2,10,387
The Order,TV-MA,44,"Drama, Fantasy, Horror",7.4,10,382
The Order,TV-MA,45,"Drama, Fantasy, Horror",7.4,10,378
The Order,TV-MA,51,"Drama, Fantasy, Horror",7.2,10,350
The Order,TV-MA,46,"Drama, Fantasy, Horror",7.4,10,352
The Order,TV-MA,46,"Drama, Fantasy, Horror",7.3,10,356
The Order,TV-MA,51,"Drama, Fantasy, Horror",7.5,12,379
The Order,TV-MA,49,"Drama, Fantasy, Horror",7.3,10,343
The Order,TV-MA,49,"Drama, Fantasy, Horror",7.7,10,425
Johnny Test,TV-Y7,23,"Animation, Action, Adventure",6.5,10,28
Johnny Test,TV-Y7,23,"Animation, Action, Adventure",6.6,10,29
Johnny Test,TV-Y7,23,"Animation, Action, Adventure",6.4,10,32
Johnny Test,TV-Y7,23,"Animation, Action, Adventure",6.8,10,39
Virgin River,TV-14,41,"Drama, Romance",7.9,10,553
On My Block,TV-14,32,"Comedy, Drama",8.0,10,216
Bridgerton,TV-MA,58,"Drama, History, Romance",7.1,10,3074
JoJo's Bizarre Adventure,TV-MA,25,"Animation, Action, Adventure",8.6,7,908
Warrior Nun,TV-MA,40,"Action, Drama, Fantasy",7.0,10,997
Warrior Nun,TV-MA,46,"Action, Drama, Fantasy",7.2,10,944
Warrior Nun,TV-MA,44,"Action, Drama, Fantasy",7.2,10,897
Warrior Nun,TV-MA,45,"Action, Drama, Fantasy",7.3,10,887
Warrior Nun,TV-MA,46,"Action, Drama, Fantasy",7.2,10,902
Warrior Nun,TV-MA,39,"Action, Drama, Fantasy",7.4,10,862
Warrior Nun,TV-MA,41,"Action, Drama, Fantasy",7.4,10,853
Warrior Nun,TV-MA,37,"Action, Drama, Fantasy",7.8,10,902
Warrior Nun,TV-MA,42,"Action, Drama, Fantasy",7.9,10,1036
Greenleaf,TV-14,42,Drama,6.2,10,52
RuPaul's Drag Race: Untucked!,TV-14,20,Reality-TV,7.4,1,49
RuPaul's Drag Race: Untucked!,TV-14,20,Reality-TV,9.0,1,81
RuPaul's Drag Race: Untucked!,TV-14,20,Reality-TV,7.7,1,43
RuPaul's Drag Race: Untucked!,TV-14,20,Reality-TV,7.4,1,44
RuPaul's Drag Race: Untucked!,TV-14,20,Reality-TV,7.5,1,43
The Rain,TV-MA,46,"Drama, Sci-Fi, Thriller",6.9,10,605
The Rain,TV-MA,41,"Drama, Sci-Fi, Thriller",6.6,10,574
The Rain,TV-MA,48,"Drama, Sci-Fi, Thriller",6.7,10,563
The Rain,TV-MA,43,"Drama, Sci-Fi, Thriller",6.9,10,572
The Rain,TV-MA,42,"Drama, Sci-Fi, Thriller",7.3,10,668
After Life,TV-MA,27,"Comedy, Drama",7.8,10,2557
Spirit Riding Free,TV-Y7,23,"Animation, Action, Adventure",8.3,12,16
Spirit Riding Free,TV-Y7,23,"Animation, Action, Adventure",8.6,14,15
Spirit Riding Free,TV-Y7,23,"Animation, Action, Adventure",8.2,14,12
Spirit Riding Free,TV-Y7,23,"Animation, Action, Adventure",8.2,12,14
Baby,TV-MA,49,Drama,7.5,10,188
Baby,TV-MA,49,Drama,7.6,10,170
Baby,TV-MA,51,Drama,7.8,10,168
Baby,TV-MA,43,Drama,7.9,10,164
Baby,TV-MA,41,Drama,7.7,10,155
Baby,TV-MA,45,Drama,7.8,10,172
JoJo's Bizarre Adventure,TV-MA,25,"Animation, Action, Adventure",9.0,7,994
Grace and Frankie,TV-MA,32,Comedy,7.9,10,385
The Letter for the King,TV-PG,45,"Action, Adventure, Family",6.9,10,262
Dexter,TV-MA,53,"Crime, Drama, Mystery",8.7,10,5518
Dexter,TV-MA,55,"Crime, Drama, Mystery",8.9,10,4928
Dexter,TV-MA,51,"Crime, Drama, Mystery",9.0,10,4919
Dexter,TV-MA,51,"Crime, Drama, Mystery",9.2,10,5981
Dexter,TV-MA,56,"Crime, Drama, Mystery",8.5,10,5036
Dexter,TV-MA,52,"Crime, Drama, Mystery",8.6,10,5001
Dexter,TV-MA,53,"Crime, Drama, Mystery",8.4,10,4787
Dexter,TV-MA,56,"Crime, Drama, Mystery",8.6,10,4924
Dexter,TV-MA,53,"Crime, Drama, Mystery",8.5,10,4783
Dexter,TV-MA,55,"Crime, Drama, Mystery",8.7,10,4876
Dexter,TV-MA,49,"Crime, Drama, Mystery",9.0,10,5114
Dexter,TV-MA,50,"Crime, Drama, Mystery",9.3,10,5748
The Tudors,TV-MA,52,"Drama, History, Romance",7.8,10,663
The Tudors,TV-MA,50,"Drama, History, Romance",8.7,10,762
The Tudors,TV-MA,55,"Drama, History, Romance",7.8,10,627
The Tudors,TV-MA,53,"Drama, History, Romance",7.9,10,601
The Tudors,TV-MA,55,"Drama, History, Romance",7.9,10,588
The Tudors,TV-MA,55,"Drama, History, Romance",8.4,10,646
The Tudors,TV-MA,52,"Drama, History, Romance",7.9,10,579
The Tudors,TV-MA,56,"Drama, History, Romance",7.9,10,568
The Tudors,TV-MA,53,"Drama, History, Romance",8.2,10,577
The Tudors,TV-MA,54,"Drama, History, Romance",8.6,10,655
Undercover,TV-MA,46,"Crime, Drama, Thriller",7.5,10,431
The Bonfire of Destiny,TV-MA,48,"Drama, History",7.5,10,122
Pose,TV-MA,42,Drama,8.8,10,696
Pose,TV-MA,68,Drama,9.1,10,769
Knightfall,TV-14,41,"Action, Adventure, Drama",8.4,10,571
Lunatics,TV-MA,36,Comedy,7.2,10,92
Lunatics,TV-MA,36,Comedy,6.6,10,130
Lunatics,TV-MA,35,Comedy,7.3,10,79
Lunatics,TV-MA,33,Comedy,7.5,10,77
Lunatics,TV-MA,34,Comedy,7.4,10,70
Lunatics,TV-MA,37,Comedy,7.3,10,68
Lunatics,TV-MA,36,Comedy,7.5,10,70
Lunatics,TV-MA,36,Comedy,7.2,10,66
Lunatics,TV-MA,38,Comedy,7.7,10,69
Lunatics,TV-MA,36,Comedy,7.5,10,68
How to Sell Drugs Online (Fast),TV-MA,32,"Comedy, Crime, Drama",7.7,10,987
JoJo's Bizarre Adventure,TV-MA,25,"Animation, Action, Adventure",9.4,7,1184
The Society,TV-MA,60,"Drama, Mystery, Sci-Fi",7.2,10,823
Dare Me,TV-MA,52,"Crime, Mystery, Thriller",7.0,10,310
Star Trek: Discovery,TV-MA,49,"Action, Adventure, Drama",7.2,10,3373
The Pentaverate,TV-MA,31,Comedy,6.4,10,494
The Pentaverate,TV-MA,28,Comedy,6.8,10,368
The Pentaverate,TV-MA,26,Comedy,6.6,10,304
The Pentaverate,TV-MA,23,Comedy,6.7,10,285
The Pentaverate,TV-MA,21,Comedy,6.6,10,262
The Pentaverate,TV-MA,29,Comedy,6.4,10,285
JoJo's Bizarre Adventure,TV-MA,25,"Animation, Action, Adventure",9.6,7,1442
Anne with an E,TV-PG,44,"Drama, Family",8.6,10,1699
The 100,TV-14,41,"Drama, Mystery, Sci-Fi",7.6,10,2600
She-Ra and the Princesses of Power,TV-Y7,24,"Animation, Action, Adventure",7.7,12,1036
She-Ra and the Princesses of Power,TV-Y7,24,"Animation, Action, Adventure",7.5,10,1032
She-Ra and the Princesses of Power,TV-Y7,24,"Animation, Action, Adventure",8.1,10,1101
She-Ra and the Princesses of Power,TV-Y7,24,"Animation, Action, Adventure",8.0,10,1054
She-Ra and the Princesses of Power,TV-Y7,24,"Animation, Action, Adventure",8.1,10,1061
She-Ra and the Princesses of Power,TV-Y7,24,"Animation, Action, Adventure",8.0,10,1079
Greenleaf,TV-14,42,Drama,6.3,10,54
Greenleaf,TV-14,41,Drama,6.4,10,52
Greenleaf,TV-14,42,Drama,6.0,10,48
Greenleaf,TV-14,42,Drama,6.2,10,50
Greenleaf,TV-14,42,Drama,6.2,10,49
Greenleaf,TV-14,42,Drama,6.2,10,57
Good Girls,TV-14,42,"Comedy, Crime, Drama",8.0,10,532
The Stranger,TV-MA,51,"Crime, Drama, Mystery",7.4,10,1347
The Stranger,TV-MA,48,"Crime, Drama, Mystery",7.5,10,1195
The Stranger,TV-MA,43,"Crime, Drama, Mystery",7.5,10,1103
Good Girls,TV-14,42,"Comedy, Crime, Drama",8.1,10,546
JoJo's Bizarre Adventure,TV-MA,25,"Animation, Action, Adventure",8.2,7,767
RuPaul's Drag Race: Untucked!,TV-14,20,Reality-TV,7.3,1,42
RuPaul's Drag Race: Untucked!,TV-14,20,Reality-TV,7.4,1,39
Tiny House Nation,TV-PG,40,Reality-TV,7.3,3,42
Tiny House Nation,TV-PG,41,Reality-TV,3.6,7,61
Tiny House Nation,TV-PG,41,Reality-TV,7.1,7,26
Tiny House Nation,TV-PG,40,Reality-TV,7.8,7,30
Tiny House Nation,TV-PG,41,Reality-TV,7.1,3,25
Tiny House Nation,TV-PG,40,Reality-TV,7.3,3,26
Cobra Kai,TV-14,32,"Action, Comedy, Drama",8.0,12,3702
Cobra Kai,TV-14,36,"Action, Comedy, Drama",8.4,10,3532
Cobra Kai,TV-14,29,"Action, Comedy, Drama",8.1,10,3174
Cobra Kai,TV-14,38,"Action, Comedy, Drama",8.1,12,3460
Cobra Kai,TV-14,39,"Action, Comedy, Drama",9.0,10,4152
Cobra Kai,TV-14,32,"Action, Comedy, Drama",7.8,10,3340
Cobra Kai,TV-14,34,"Action, Comedy, Drama",8.3,10,3259
Cobra Kai,TV-14,30,"Action, Comedy, Drama",8.7,10,3627
Cobra Kai,TV-14,28,"Action, Comedy, Drama",8.3,10,3275
Cobra Kai,TV-14,41,"Action, Comedy, Drama",9.4,10,5941
Outer Banks,TV-MA,54,"Action, Crime, Drama",7.3,10,1346
Outer Banks,TV-MA,47,"Action, Crime, Drama",7.4,10,1162
Outer Banks,TV-MA,47,"Action, Crime, Drama",7.5,10,1092
Outer Banks,TV-MA,49,"Action, Crime, Drama",8.0,10,1148
Outer Banks,TV-MA,47,"Action, Crime, Drama",7.9,10,1070
Outer Banks,TV-MA,53,"Action, Crime, Drama",8.2,10,1098
Outer Banks,TV-MA,47,"Action, Crime, Drama",8.0,10,1026
Outer Banks,TV-MA,46,"Action, Crime, Drama",8.4,10,1148
Outer Banks,TV-MA,52,"Action, Crime, Drama",7.9,10,1061
Outer Banks,TV-MA,57,"Action, Crime, Drama",8.2,10,1187
Tiny House Nation,TV-PG,41,Reality-TV,6.2,7,40
Tiny House Nation,TV-PG,41,Reality-TV,7.8,5,22
JoJo's Bizarre Adventure,TV-MA,25,"Animation, Action, Adventure",8.6,7,912
Someone Has to Die,TV-MA,49,"Crime, Drama, Thriller",6.8,10,245
Someone Has to Die,TV-MA,48,"Crime, Drama, Thriller",7.1,10,210
Someone Has to Die,TV-MA,52,"Crime, Drama, Thriller",6.6,10,213
She-Ra and the Princesses of Power,TV-Y7,24,"Animation, Action, Adventure",7.9,12,1024
The Good Place,TV-PG,22,"Comedy, Drama, Fantasy",7.7,10,1829
The Good Place,TV-PG,22,"Comedy, Drama, Fantasy",7.7,10,1915
The Good Place,TV-PG,22,"Comedy, Drama, Fantasy",7.4,10,1878
The Good Place,TV-PG,22,"Comedy, Drama, Fantasy",8.0,10,1926
Grace and Frankie,TV-MA,28,Comedy,8.1,10,428
Anne with an E,TV-PG,44,"Drama, Family",9.0,10,1683
JoJo's Bizarre Adventure,TV-MA,25,"Animation, Action, Adventure",9.0,7,999
Transformers: War for Cybertron Trilogy,TV-Y7,25,"Animation, Action, Adventure",7.2,12,157
Transformers: War for Cybertron Trilogy,TV-Y7,24,"Animation, Action, Adventure",7.2,12,142
Transformers: War for Cybertron Trilogy,TV-Y7,24,"Animation, Action, Adventure",7.4,12,150
Luna Nera,TV-MA,46,"Drama, Fantasy, Thriller",6.1,10,196
Luna Nera,TV-MA,43,"Drama, Fantasy, Thriller",6.0,10,161
Luna Nera,TV-MA,40,"Drama, Fantasy, Thriller",6.1,10,141
The Stranger,TV-MA,44,"Crime, Drama, Mystery",7.5,10,1067
The Stranger,TV-MA,42,"Crime, Drama, Mystery",7.7,10,1052
The Stranger,TV-MA,50,"Crime, Drama, Mystery",7.7,10,1017
The Stranger,TV-MA,42,"Crime, Drama, Mystery",7.9,10,1011
The Stranger,TV-MA,43,"Crime, Drama, Mystery",7.7,10,1106
How to Sell Drugs Online (Fast),TV-MA,29,"Comedy, Crime, Drama",7.8,10,890
How to Sell Drugs Online (Fast),TV-MA,28,"Comedy, Crime, Drama",7.8,10,846
How to Sell Drugs Online (Fast),TV-MA,28,"Comedy, Crime, Drama",7.8,10,829
How to Sell Drugs Online (Fast),TV-MA,24,"Comedy, Crime, Drama",7.9,10,816
How to Sell Drugs Online (Fast),TV-MA,28,"Comedy, Crime, Drama",8.4,10,916
Narcos: Mexico,TV-MA,56,"Crime, Drama",8.6,10,1525
Oktoberfest: Beer & Blood,TV-MA,48,"Drama, History, Thriller",6.9,10,146
Oktoberfest: Beer & Blood,TV-MA,48,"Drama, History, Thriller",6.9,10,123
JoJo's Bizarre Adventure,TV-MA,25,"Animation, Action, Adventure",8.6,7,921
Unorthodox,TV-MA,53,Drama,7.8,10,1715
Unorthodox,TV-MA,53,Drama,8.0,10,1578
Unorthodox,TV-MA,55,Drama,7.9,10,1490
Unorthodox,TV-MA,54,Drama,8.2,10,1538
Final Space,TV-14,21,"Animation, Action, Adventure",7.6,12,841
Final Space,TV-14,21,"Animation, Action, Adventure",8.8,10,1080
Final Space,TV-14,21,"Animation, Action, Adventure",7.9,12,827
Final Space,TV-14,21,"Animation, Action, Adventure",7.9,12,770
Final Space,TV-14,21,"Animation, Action, Adventure",7.9,10,761
Final Space,TV-14,21,"Animation, Action, Adventure",8.6,12,809
Final Space,TV-14,21,"Animation, Action, Adventure",8.7,10,852
Final Space,TV-14,21,"Animation, Action, Adventure",7.5,12,708
Final Space,TV-14,21,"Animation, Action, Adventure",8.1,12,694
Final Space,TV-14,21,"Animation, Action, Adventure",8.7,12,739
Final Space,TV-14,21,"Animation, Action, Adventure",9.1,10,939
Dark,TV-MA,62,"Crime, Drama, Mystery",8.8,10,13316
Family Business,TV-14,21,Comedy,6.6,10,140
Dead to Me,TV-MA,31,"Comedy, Crime, Drama",7.8,10,1299
The Sinner,TV-MA,49,"Crime, Drama, Mystery",7.4,10,2116
The 100,TV-14,42,"Drama, Mystery, Sci-Fi",8.0,10,2332
Lucifer,TV-14,51,"Crime, Drama, Fantasy",8.0,10,4230
The 100,TV-14,42,"Drama, Mystery, Sci-Fi",7.3,10,2062
JoJo's Bizarre Adventure,TV-MA,25,"Animation, Action, Adventure",9.3,7,1110
JoJo's Bizarre Adventure,TV-MA,25,"Animation, Action, Adventure",8.9,7,950
Dark,TV-14,54,"Crime, Drama, Mystery",8.9,10,11416
Dark,TV-MA,56,"Crime, Drama, Mystery",9.0,10,11334
Dark,TV-MA,60,"Crime, Drama, Mystery",9.4,10,12373
Dark,TV-MA,56,"Crime, Drama, Mystery",9.2,10,11338
Dark,TV-MA,54,"Crime, Drama, Mystery",9.5,10,14007
Dark,TV-MA,58,"Crime, Drama, Mystery",9.1,10,11251
Dark,TV-MA,57,"Crime, Drama, Mystery",9.4,10,14017
The 100,TV-14,42,"Drama, Mystery, Sci-Fi",7.9,10,2020
Supergirl,TV-PG,42,"Action, Adventure, Drama",6.6,10,1321
I Am Not Okay with This,TV-MA,19,"Comedy, Drama, Fantasy",7.2,10,1963
I Am Not Okay with This,TV-MA,20,"Comedy, Drama, Fantasy",7.5,10,1807
I Am Not Okay with This,TV-MA,19,"Comedy, Drama, Fantasy",7.6,10,1602
I Am Not Okay with This,TV-MA,23,"Comedy, Drama, Fantasy",7.6,10,1651
I Am Not Okay with This,TV-MA,23,"Comedy, Drama, Fantasy",7.9,10,1682
I Am Not Okay with This,TV-MA,24,"Comedy, Drama, Fantasy",8.5,10,2026
I Am Not Okay with This,TV-MA,28,"Comedy, Drama, Fantasy",7.4,10,1711
Narcos: Mexico,TV-MA,57,"Crime, Drama",7.9,10,1514
Supergirl,TV-PG,42,"Action, Adventure, Drama",7.1,10,1345
Supergirl,TV-14,42,"Action, Adventure, Drama",6.8,10,1182
Supergirl,TV-PG,42,"Action, Adventure, Drama",6.9,10,1148
Supergirl,TV-PG,42,"Action, Adventure, Drama",7.7,10,1397
Supergirl,TV-PG,42,"Action, Adventure, Drama",7.7,10,1420
Supergirl,TV-PG,42,"Action, Adventure, Drama",7.7,10,1235
Supergirl,TV-PG,42,"Action, Adventure, Drama",7.4,10,1139
"Love, Death & Robots",TV-MA,18,"Animation, Short, Action",8.1,12,11912
Supergirl,TV-PG,42,"Action, Adventure, Drama",6.6,10,1561
Supergirl,TV-PG,42,"Action, Adventure, Drama",6.6,10,1225
Supergirl,TV-PG,42,"Action, Adventure, Drama",8.5,10,1907
Supergirl,TV-PG,42,"Action, Adventure, Drama",5.9,10,1352
Supergirl,TV-14,42,"Action, Adventure, Drama",6.3,10,1345
Supergirl,TV-PG,42,"Action, Adventure, Drama",7.0,10,1065
Supergirl,TV-PG,42,"Action, Adventure, Drama",7.6,10,1046
BattleBots,TV-14,83,"Action, Game-Show, Reality-TV",8.0,10,26
JoJo's Bizarre Adventure,TV-MA,25,"Animation, Action, Adventure",9.2,7,987
Pacific Rim: The Black,TV-14,29,"Animation, Action, Adventure",7.0,18,305
Pacific Rim: The Black,TV-14,22,"Animation, Action, Adventure",6.8,16,255
Pacific Rim: The Black,TV-14,21,"Animation, Action, Adventure",6.9,14,244
Pacific Rim: The Black,TV-14,25,"Animation, Action, Adventure",7.0,14,237
Yankee,TV-MA,44,Drama,5.8,12,29
BattleBots,TV-PG,83,"Action, Game-Show, Reality-TV",7.8,10,19
Narcos: Mexico,TV-MA,60,"Crime, Drama",7.9,10,1433
Top Gear,TV-PG,62,"Adventure, Comedy, Reality-TV",5.4,10,367
Top Gear,TV-PG,59,"Adventure, Comedy, Reality-TV",4.5,7,330
Top Gear,TV-14,61,"Adventure, Comedy, Reality-TV",4.8,7,254
Top Gear,TV-PG,61,"Adventure, Comedy, Reality-TV",5.8,7,224
Pose,TV-MA,54,Drama,8.1,10,581
The Last Kingdom,TV-MA,53,"Action, Drama, History",8.4,10,2447
Grand Army,TV-MA,51,Drama,6.9,10,196
Grand Army,TV-MA,49,Drama,7.1,10,167
Comedians in Cars Getting Coffee,TV-14,42,"Comedy, Family, Talk-Show",8.1,3,402
Comedians in Cars Getting Coffee,TV-14,17,"Comedy, Family, Talk-Show",7.4,3,299
Comedians in Cars Getting Coffee,TV-14,17,"Comedy, Family, Talk-Show",8.1,3,318
Comedians in Cars Getting Coffee,TV-14,20,"Comedy, Family, Talk-Show",7.5,5,243
Comedians in Cars Getting Coffee,TV-14,18,"Comedy, Family, Talk-Show",7.9,3,287
Comedians in Cars Getting Coffee,TV-14,19,"Comedy, Family, Talk-Show",7.7,3,226
Comedians in Cars Getting Coffee,TV-14,16,"Comedy, Family, Talk-Show",6.6,3,213
Comedians in Cars Getting Coffee,TV-14,13,"Comedy, Family, Talk-Show",6.5,3,219
Comedians in Cars Getting Coffee,TV-14,16,"Comedy, Family, Talk-Show",6.6,3,191
Comedians in Cars Getting Coffee,TV-14,17,"Comedy, Family, Talk-Show",6.4,3,171
Avatar: The Last Airbender,TV-Y7,24,"Animation, Action, Adventure",9.6,10,3953
Comedians in Cars Getting Coffee,TV-14,17,"Comedy, Family, Talk-Show",6.9,3,179
I Think You Should Leave with Tim Robinson,TV-MA,17,Comedy,8.1,16,427
Bridgerton,TV-MA,61,"Drama, History, Romance",7.5,10,2650
Bridgerton,TV-MA,61,"Drama, History, Romance",7.8,10,2516
Bridgerton,TV-MA,57,"Drama, History, Romance",7.6,10,2522
Bridgerton,TV-MA,61,"Drama, History, Romance",7.9,10,2642
Bridgerton,TV-MA,57,"Drama, History, Romance",7.5,10,2363
Bridgerton,TV-MA,60,"Drama, History, Romance",7.6,10,2280
Bridgerton,TV-MA,72,"Drama, History, Romance",7.9,10,2479
The Rain,TV-MA,48,"Drama, Sci-Fi, Thriller",6.5,10,442
Typewriter,TV-MA,52,"Horror, Mystery, Thriller",6.9,10,176
Lucifer,TV-14,60,"Crime, Drama, Fantasy",7.5,10,5131
JoJo's Bizarre Adventure,TV-MA,25,"Animation, Action, Adventure",9.0,7,965
The Flash,TV-PG,42,"Action, Adventure, Drama",4.9,10,2124
BattleBots,TV-PG,83,"Action, Game-Show, Reality-TV",7.9,10,21
The End of the F***ing World,TV-MA,22,"Adventure, Comedy, Crime",8.1,10,2685
The End of the F***ing World,TV-MA,24,"Adventure, Comedy, Crime",8.2,10,2664
The End of the F***ing World,TV-MA,21,"Adventure, Comedy, Crime",7.7,10,2538
The End of the F***ing World,TV-MA,19,"Adventure, Comedy, Crime",7.8,10,2543
The End of the F***ing World,TV-MA,24,"Adventure, Comedy, Crime",8.9,10,3343
The End of the F***ing World,TV-MA,19,"Adventure, Comedy, Crime",8.6,10,3208
Typewriter,TV-MA,55,"Horror, Mystery, Thriller",7.1,10,152
Typewriter,TV-MA,43,"Horror, Mystery, Thriller",7.4,10,139
3Below: Tales of Arcadia,TV-Y7,22,"Animation, Action, Adventure",7.7,10,168
Exhibit A,TV-14,41,"Documentary, Crime",6.3,10,117
Exhibit A,TV-14,29,"Documentary, Crime",6.6,10,82
Exhibit A,TV-14,37,"Documentary, Crime",6.0,10,76
Exhibit A,TV-14,37,"Documentary, Crime",6.8,10,66
7Seeds,TV-MA,24,"Animation, Action, Adventure",6.9,7,56
7Seeds,TV-MA,24,"Animation, Action, Adventure",6.8,7,51
7Seeds,TV-MA,26,"Animation, Action, Adventure",6.8,7,49
7Seeds,TV-MA,24,"Animation, Action, Adventure",7.2,7,48
7Seeds,TV-MA,26,"Animation, Action, Adventure",7.1,7,47
7Seeds,TV-MA,31,"Animation, Action, Adventure",7.8,7,46
7Seeds,TV-MA,24,"Animation, Action, Adventure",6.9,7,39
7Seeds,TV-MA,24,"Animation, Action, Adventure",7.2,7,38
7Seeds,TV-MA,26,"Animation, Action, Adventure",7.8,7,39
7Seeds,TV-MA,24,"Animation, Action, Adventure",7.5,7,37
7Seeds,TV-MA,26,"Animation, Action, Adventure",7.8,7,44
JoJo's Bizarre Adventure,TV-MA,25,"Animation, Action, Adventure",9.4,7,1192
The Last Kingdom,TV-MA,55,"Action, Drama, History",8.6,10,2506
Space Force,TV-MA,35,Comedy,6.8,10,3147
Space Force,TV-MA,32,Comedy,7.3,10,2689
Space Force,TV-MA,30,Comedy,7.2,10,2280
Space Force,TV-MA,31,Comedy,6.9,10,2110
Space Force,TV-MA,30,Comedy,6.7,10,2022
Space Force,TV-MA,34,Comedy,7.1,10,1878
Space Force,TV-MA,26,Comedy,6.9,10,1819
Space Force,TV-MA,32,Comedy,6.9,10,1783
Space Force,TV-MA,35,Comedy,7.6,10,1856
Space Force,TV-MA,36,Comedy,7.1,10,1810
The Sandman,TV-MA,54,"Drama, Fantasy, Horror",8.0,10,7718
The Sandman,TV-MA,37,"Drama, Fantasy, Horror",7.7,10,6551
The Sandman,TV-MA,44,"Drama, Fantasy, Horror",8.5,10,6916
The Sandman,TV-MA,52,"Drama, Fantasy, Horror",8.4,10,8068
The Sandman,TV-MA,53,"Drama, Fantasy, Horror",9.2,10,9564
The Sandman,TV-MA,50,"Drama, Fantasy, Horror",7.2,10,4892
The Sandman,TV-MA,46,"Drama, Fantasy, Horror",7.7,12,5089
Midnight Mass,TV-MA,59,"Drama, Fantasy, Horror",7.3,10,3841
Midnight Mass,TV-MA,63,"Drama, Fantasy, Horror",7.7,10,3523
Midnight Mass,TV-MA,65,"Drama, Fantasy, Horror",8.1,10,3469
Midnight Mass,TV-MA,70,"Drama, Fantasy, Horror",8.0,10,3279
Midnight Mass,TV-MA,62,"Drama, Fantasy, Horror",8.6,10,3794
Midnight Mass,TV-MA,67,"Drama, Fantasy, Horror",8.6,10,3414
Midnight Mass,TV-MA,64,"Drama, Fantasy, Horror",8.0,10,3518
Grand Army,TV-MA,53,Drama,7.2,10,143
BattleBots,TV-PG,83,"Action, Game-Show, Reality-TV",8.1,10,18
Good Girls,TV-14,42,"Comedy, Crime, Drama",7.9,10,543
JoJo's Bizarre Adventure,TV-MA,25,"Animation, Action, Adventure",8.9,7,1023
Blood & Water,TV-MA,43,"Drama, Mystery",7.0,10,120
Grand Army,TV-MA,51,Drama,7.2,10,160
Grand Army,TV-MA,46,Drama,7.2,10,139
Grand Army,TV-MA,50,Drama,7.1,10,132
JoJo's Bizarre Adventure,TV-MA,25,"Animation, Action, Adventure",8.8,7,1046
Elite,TV-MA,49,"Crime, Drama, Thriller",7.9,10,1162
Elite,TV-MA,47,"Crime, Drama, Thriller",7.8,10,1133
Elite,TV-MA,52,"Crime, Drama, Thriller",8.1,10,1176
Elite,TV-MA,51,"Crime, Drama, Thriller",8.4,10,1200
BattleBots,TV-PG,83,"Action, Game-Show, Reality-TV",8.4,10,20
Jupiter's Legacy,TV-MA,35,"Action, Adventure, Drama",7.0,10,1446
Russian Doll,TV-MA,32,"Comedy, Drama, Mystery",7.3,10,1200
3Below: Tales of Arcadia,TV-Y7,22,"Animation, Action, Adventure",7.8,10,165
3Below: Tales of Arcadia,TV-Y7,22,"Animation, Action, Adventure",7.4,10,160
3Below: Tales of Arcadia,TV-Y7,22,"Animation, Action, Adventure",7.4,10,161
3Below: Tales of Arcadia,TV-Y7,22,"Animation, Action, Adventure",7.6,12,163
3Below: Tales of Arcadia,TV-Y7,22,"Animation, Action, Adventure",7.0,10,159
3Below: Tales of Arcadia,TV-Y7,22,"Animation, Action, Adventure",7.8,10,171
3Below: Tales of Arcadia,TV-Y7,22,"Animation, Action, Adventure",7.0,10,158
3Below: Tales of Arcadia,TV-Y7,23,"Animation, Action, Adventure",8.1,12,162
3Below: Tales of Arcadia,TV-Y7,22,"Animation, Action, Adventure",8.4,10,168
3Below: Tales of Arcadia,TV-Y7,22,"Animation, Action, Adventure",8.4,10,162
3Below: Tales of Arcadia,TV-Y7,22,"Animation, Action, Adventure",8.4,12,177
The Umbrella Academy,TV-14,49,"Action, Adventure, Comedy",8.1,10,3724
The Umbrella Academy,TV-14,48,"Action, Adventure, Comedy",8.1,10,3698
BattleBots,TV-PG,83,"Action, Game-Show, Reality-TV",8.4,10,19
Jupiter's Legacy,TV-MA,44,"Action, Adventure, Drama",7.1,10,1353
Jupiter's Legacy,TV-MA,48,"Action, Adventure, Drama",6.8,10,1285
DC's Legends of Tomorrow,TV-14,42,"Action, Adventure, Drama",8.1,10,1130
DC's Legends of Tomorrow,TV-14,42,"Action, Adventure, Drama",8.8,10,1383
Rick and Morty,TV-14,22,"Animation, Adventure, Comedy",8.2,12,11958
Rick and Morty,TV-14,22,"Animation, Adventure, Comedy",8.3,12,11645
Rick and Morty,TV-14,22,"Animation, Adventure, Comedy",7.3,12,11685
Rick and Morty,TV-14,22,"Animation, Adventure, Comedy",8.8,12,11197
Rick and Morty,TV-14,21,"Animation, Adventure, Comedy",8.0,12,10648
Rick and Morty,TV-14,21,"Animation, Adventure, Comedy",8.0,12,8829
Rick and Morty,TV-14,22,"Animation, Adventure, Comedy",9.4,12,13531
Rick and Morty,TV-14,22,"Animation, Adventure, Comedy",7.7,12,8390
Rick and Morty,TV-14,22,"Animation, Adventure, Comedy",9.1,12,9861
Luna Nera,TV-MA,43,"Drama, Fantasy, Thriller",6.1,10,141
Luna Nera,TV-MA,43,"Drama, Fantasy, Thriller",5.8,10,134
Luna Nera,TV-MA,56,"Drama, Fantasy, Thriller",6.3,10,150
Elite,TV-MA,50,"Crime, Drama, Thriller",8.1,10,1142
Elite,TV-MA,46,"Crime, Drama, Thriller",8.3,10,1157
Typewriter,TV-MA,48,"Horror, Mystery, Thriller",7.4,10,130
Riverdale,TV-14,42,"Crime, Drama, Mystery",7.4,10,1018
The Last Kingdom,TV-MA,54,"Action, Drama, History",8.9,10,2679
Star Trek: Discovery,TV-MA,53,"Action, Adventure, Drama",7.1,10,3568
Star Trek: Discovery,TV-PG,55,"Action, Adventure, Drama",7.3,10,3190
Star Trek: Discovery,TV-MA,55,"Action, Adventure, Drama",6.3,10,4032
Super Monsters,TV-Y,23,"Animation, Adventure, Comedy",6.0,1,41
Formula 1: Drive to Survive,TV-MA,33,"Documentary, Sport",7.6,7,797
The Worst Witch,TV-Y7,30,"Family, Fantasy",8.0,10,43
BattleBots,TV-PG,83,"Action, Game-Show, Reality-TV",8.2,10,19
Peaky Blinders,TV-MA,58,"Crime, Drama",8.8,10,10115
Sugar Rush,TV-PG,47,"Game-Show, Reality-TV",7.2,7,37
Sugar Rush,TV-PG,50,"Game-Show, Reality-TV",7.8,7,30
Sugar Rush,TV-PG,50,"Game-Show, Reality-TV",7.4,7,27
Sugar Rush,TV-PG,49,"Game-Show, Reality-TV",7.8,7,25
Sugar Rush,TV-PG,50,"Game-Show, Reality-TV",6.0,7,27
Sugar Rush,TV-PG,47,"Game-Show, Reality-TV",7.4,7,25
F Is for Family,TV-MA,28,"Animation, Comedy, Drama",7.7,12,416
F Is for Family,TV-MA,28,"Animation, Comedy, Drama",7.8,12,390
F Is for Family,TV-MA,29,"Animation, Comedy, Drama",8.1,12,394
F Is for Family,TV-MA,28,"Animation, Comedy, Drama",7.6,12,379
F Is for Family,TV-MA,28,"Animation, Comedy, Drama",8.1,12,388
F Is for Family,TV-MA,27,"Animation, Comedy, Drama",7.5,12,453
F Is for Family,TV-MA,28,"Animation, Comedy, Drama",8.1,12,385
F Is for Family,TV-MA,29,"Animation, Comedy, Drama",7.9,12,371
F Is for Family,TV-MA,29,"Animation, Comedy, Drama",8.5,12,455
Zombieland Saga,TV-14,24,"Animation, Comedy, Fantasy",8.4,7,68
Top Gear,TV-PG,52,"Adventure, Comedy, Reality-TV",9.0,10,852
Black Lightning,TV-14,42,"Action, Drama, Sci-Fi",6.7,10,428
BattleBots,TV-PG,83,"Action, Game-Show, Reality-TV",7.9,10,16
The Movies That Made Us,TV-PG,51,"Documentary, Family, History",7.8,10,715
The Movies That Made Us,TV-PG,45,"Documentary, Family, History",8.1,10,861
The Movies That Made Us,TV-PG,47,"Documentary, Family, History",7.9,10,744
The Movies That Made Us,TV-PG,46,"Documentary, Family, History",8.0,10,742
Trinkets,TV-MA,24,"Comedy, Crime, Drama",7.3,10,152
Feel Good,TV-MA,24,"Comedy, Drama, Romance",7.0,10,381
Feel Good,TV-MA,23,"Comedy, Drama, Romance",7.2,10,318
Feel Good,TV-MA,23,"Comedy, Drama, Romance",7.6,10,309
Feel Good,TV-MA,23,"Comedy, Drama, Romance",7.6,10,288
Trinkets,TV-MA,27,"Comedy, Crime, Drama",7.6,10,144
Trinkets,TV-MA,26,"Comedy, Crime, Drama",7.5,10,139
Trinkets,TV-MA,27,"Comedy, Crime, Drama",7.9,10,154
Trinkets,TV-MA,27,"Comedy, Crime, Drama",7.7,10,142
Trinkets,TV-MA,27,"Comedy, Crime, Drama",7.8,10,144
Trinkets,TV-MA,30,"Comedy, Crime, Drama",7.6,10,137
Trinkets,TV-MA,30,"Comedy, Crime, Drama",7.6,10,134
Trinkets,TV-MA,27,"Comedy, Crime, Drama",8.5,10,177
Trinkets,TV-MA,24,"Comedy, Crime, Drama",8.0,10,138
Feel Good,TV-MA,24,"Comedy, Drama, Romance",7.8,10,299
Feel Good,TV-MA,24,"Comedy, Drama, Romance",7.8,10,299
Anne with an E,TV-PG,44,"Drama, Family",8.8,10,1630
She-Ra and the Princesses of Power,TV-Y7,24,"Animation, Action, Adventure",7.9,10,1010
She-Ra and the Princesses of Power,TV-Y7,24,"Animation, Action, Adventure",8.2,10,1041
She-Ra and the Princesses of Power,TV-Y7,24,"Animation, Action, Adventure",8.3,12,1040
She-Ra and the Princesses of Power,TV-Y7,24,"Animation, Action, Adventure",8.4,12,1097
She-Ra and the Princesses of Power,TV-Y7,24,"Animation, Action, Adventure",8.6,10,1108
Hilda,TV-Y7,23,"Animation, Adventure, Comedy",7.8,10,307
13 Reasons Why,TV-MA,59,"Drama, Mystery, Thriller",5.7,10,1959
Black Lightning,TV-14,42,"Action, Drama, Sci-Fi",7.1,10,424
Black Lightning,TV-14,42,"Action, Drama, Sci-Fi",7.1,10,406
Russian Doll,TV-MA,29,"Comedy, Drama, Mystery",7.1,10,1001
Russian Doll,TV-MA,29,"Comedy, Drama, Mystery",7.1,10,907
Russian Doll,TV-MA,32,"Comedy, Drama, Mystery",7.2,10,849
Russian Doll,TV-MA,28,"Comedy, Drama, Mystery",7.4,10,842
Russian Doll,TV-MA,25,"Comedy, Drama, Mystery",7.7,10,869
Russian Doll,TV-MA,30,"Comedy, Drama, Mystery",7.5,10,1027
Johnny Test,TV-Y7,23,"Animation, Action, Adventure",6.5,10,30
Dare Me,TV-MA,42,"Crime, Mystery, Thriller",7.2,10,197
Tiny Pretty Things,TV-MA,58,"Drama, Mystery, Thriller",6.8,12,256
Tiny Pretty Things,TV-MA,57,"Drama, Mystery, Thriller",6.8,12,203
Tiny Pretty Things,TV-MA,56,"Drama, Mystery, Thriller",6.7,10,188
Tiny Pretty Things,TV-MA,55,"Drama, Mystery, Thriller",6.9,10,178
Tiny Pretty Things,TV-MA,57,"Drama, Mystery, Thriller",6.6,10,166
Tiny Pretty Things,TV-MA,56,"Drama, Mystery, Thriller",6.8,10,166
Tiny Pretty Things,TV-MA,56,"Drama, Mystery, Thriller",6.7,10,151
Tiny Pretty Things,TV-MA,54,"Drama, Mystery, Thriller",6.9,10,152
Tiny Pretty Things,TV-MA,55,"Drama, Mystery, Thriller",7.0,10,152
Tiny Pretty Things,TV-MA,58,"Drama, Mystery, Thriller",6.9,10,158
Love Alarm,TV-MA,55,"Comedy, Drama, Romance",7.2,10,127
The 100,TV-14,42,"Drama, Mystery, Sci-Fi",8.4,10,2286
The 100,TV-14,42,"Drama, Mystery, Sci-Fi",7.5,10,1904
The 100,TV-14,41,"Drama, Mystery, Sci-Fi",7.5,10,1905
The 100,TV-14,41,"Drama, Mystery, Sci-Fi",9.0,10,3610
The 100,TV-14,41,"Drama, Mystery, Sci-Fi",7.7,10,1855
The 100,TV-14,42,"Drama, Mystery, Sci-Fi",8.1,10,1878
The 100,TV-14,42,"Drama, Mystery, Sci-Fi",7.6,10,1954
The 100,TV-14,42,"Drama, Mystery, Sci-Fi",7.6,10,1772
The 100,TV-14,41,"Drama, Mystery, Sci-Fi",4.8,10,4740
The 100,TV-14,42,"Drama, Mystery, Sci-Fi",6.1,10,2527
The 100,TV-14,42,"Drama, Mystery, Sci-Fi",6.4,10,2206
The 100,TV-14,43,"Drama, Mystery, Sci-Fi",6.7,10,3838
Behind Her Eyes,TV-MA,50,"Drama, Mystery, Thriller",6.9,10,1359
Lucifer,TV-14,56,"Crime, Drama, Fantasy",8.4,10,3980
Julie and the Phantoms,TV-G,38,"Adventure, Comedy, Drama",8.1,10,541
Julie and the Phantoms,TV-G,32,"Adventure, Comedy, Drama",8.6,10,500
Julie and the Phantoms,TV-G,28,"Adventure, Comedy, Drama",8.5,10,476
Julie and the Phantoms,TV-G,31,"Adventure, Comedy, Drama",8.2,10,467
Julie and the Phantoms,TV-G,30,"Adventure, Comedy, Drama",8.0,10,462
Julie and the Phantoms,TV-G,29,"Adventure, Comedy, Drama",8.6,10,474
Julie and the Phantoms,TV-G,27,"Adventure, Comedy, Drama",8.8,10,506
Julie and the Phantoms,TV-G,24,"Adventure, Comedy, Drama",9.2,10,595
Julie and the Phantoms,TV-G,35,"Adventure, Comedy, Drama",9.1,10,546
13 Reasons Why,TV-MA,58,"Drama, Mystery, Thriller",5.7,10,1743
The Umbrella Academy,TV-14,48,"Action, Adventure, Comedy",8.2,10,3869
BattleBots,TV-PG,83,"Action, Game-Show, Reality-TV",8.0,10,15
BattleBots,TV-PG,83,"Action, Game-Show, Reality-TV",8.6,10,16
Freud,TV-MA,57,"Crime, Thriller",6.8,10,546
Freud,TV-MA,55,"Crime, Thriller",7.3,10,422
Freud,TV-MA,56,"Crime, Thriller",7.0,10,367
Freud,TV-MA,51,"Crime, Thriller",6.9,10,342
Freud,TV-MA,55,"Crime, Thriller",6.8,10,329
Freud,TV-MA,49,"Crime, Thriller",6.9,10,298
Freud,TV-MA,44,"Crime, Thriller",7.1,10,311
Freud,TV-MA,53,"Crime, Thriller",7.1,10,320
Grand Army,TV-MA,49,Drama,7.2,10,128
Grand Army,TV-MA,49,Drama,7.2,10,130
Grand Army,TV-MA,71,Drama,8.1,10,170
Valeria,TV-MA,47,"Adventure, Comedy, Drama",7.3,10,114
Valeria,TV-MA,41,"Adventure, Comedy, Drama",7.4,10,93
Valeria,TV-MA,43,"Adventure, Comedy, Drama",7.6,10,92
The Politician,TV-MA,50,"Comedy, Drama",7.9,10,578
Behind Her Eyes,TV-MA,49,"Drama, Mystery, Thriller",7.1,10,1180
Behind Her Eyes,TV-MA,50,"Drama, Mystery, Thriller",7.1,10,1117
Behind Her Eyes,TV-MA,53,"Drama, Mystery, Thriller",7.4,10,1097
Behind Her Eyes,TV-MA,46,"Drama, Mystery, Thriller",7.5,10,1116
Behind Her Eyes,TV-MA,50,"Drama, Mystery, Thriller",8.0,10,1666
Anne with an E,TV-PG,44,"Drama, Family",8.8,10,1627
Anne with an E,TV-PG,44,"Drama, Family",8.9,10,1655
Dare Me,TV-MA,45,"Crime, Mystery, Thriller",7.2,10,245
Dare Me,TV-MA,42,"Crime, Mystery, Thriller",7.0,10,215
BattleBots,TV-PG,83,"Action, Game-Show, Reality-TV",8.5,10,16
Dare Me,TV-MA,41,"Crime, Mystery, Thriller",7.9,10,228
Dare Me,TV-MA,43,"Crime, Mystery, Thriller",7.3,10,182
Dare Me,TV-MA,42,"Crime, Mystery, Thriller",7.6,10,198
Dare Me,TV-MA,42,"Crime, Mystery, Thriller",7.1,10,181
Dare Me,TV-MA,43,"Crime, Mystery, Thriller",7.4,10,167
Dare Me,TV-MA,42,"Crime, Mystery, Thriller",7.3,10,183
The Chestnut Man,TV-MA,57,"Crime, Drama, Mystery",7.4,10,1183
Love Alarm,TV-MA,50,"Comedy, Drama, Romance",7.8,10,103
Love Alarm,TV-MA,49,"Comedy, Drama, Romance",8.3,10,98
Love Alarm,TV-MA,48,"Comedy, Drama, Romance",8.2,10,85
Love Alarm,TV-MA,51,"Comedy, Drama, Romance",7.9,10,80
Love Alarm,TV-MA,49,"Comedy, Drama, Romance",7.7,10,83
Love Alarm,TV-MA,47,"Comedy, Drama, Romance",7.7,10,80
Love Alarm,TV-MA,41,"Comedy, Drama, Romance",7.0,10,90
Hero Mask,TV-14,24,"Animation, Action, Crime",6.6,10,15
Hero Mask,TV-14,24,"Animation, Action, Crime",6.1,10,16
Hero Mask,TV-14,24,"Animation, Action, Crime",6.5,10,12
Hero Mask,TV-14,24,"Animation, Action, Crime",6.6,10,12
Hero Mask,TV-14,24,"Animation, Action, Crime",6.6,10,11
Hero Mask,TV-14,24,"Animation, Action, Crime",6.5,10,11
Hero Mask,TV-14,24,"Animation, Action, Crime",6.7,10,11
Hero Mask,TV-14,24,"Animation, Action, Crime",6.5,10,11
Hero Mask,TV-14,24,"Animation, Action, Crime",6.7,10,10
Big Mouth,TV-MA,27,"Animation, Comedy, Romance",7.6,10,857
Big Mouth,TV-MA,27,"Animation, Comedy, Romance",7.8,10,613
Marianne,TV-MA,52,"Drama, Horror, Mystery",7.7,10,822
Titans,TV-MA,50,"Action, Adventure, Crime",5.6,10,3492
Riverdale,TV-14,42,"Crime, Drama, Mystery",6.7,10,1010
Riverdale,TV-14,42,"Crime, Drama, Mystery",7.5,10,964
BattleBots,TV-PG,83,"Action, Game-Show, Reality-TV",8.4,10,16
Ginny & Georgia,TV-MA,51,"Comedy, Drama",7.4,10,641
Unsolved Mysteries,TV-MA,36,"Documentary, Crime, Mystery",7.0,12,604
Unsolved Mysteries,TV-MA,53,"Documentary, Crime, Mystery",7.8,10,1522
Unsolved Mysteries,TV-MA,52,"Documentary, Crime, Mystery",7.1,10,1256
Unsolved Mysteries,TV-MA,45,"Documentary, Crime, Mystery",8.1,10,1318
Unsolved Mysteries,TV-MA,47,"Documentary, Crime, Mystery",6.8,10,749
The Irregulars,TV-14,58,"Crime, Drama, Fantasy",6.3,10,778
The Irregulars,TV-14,49,"Crime, Drama, Fantasy",6.8,10,572
The House of Flowers,TV-MA,36,"Comedy, Drama",6.5,10,130
The House of Flowers,TV-MA,33,"Comedy, Drama",7.8,10,144
Jack Whitehall: Travels with My Father,TV-MA,50,"Documentary, Comedy",7.3,10,154
Ginny & Georgia,TV-MA,50,"Comedy, Drama",7.6,10,719
Jupiter's Legacy,TV-MA,48,"Action, Adventure, Drama",7.0,10,1190
Jupiter's Legacy,TV-MA,44,"Action, Adventure, Drama",7.2,10,1170
Jupiter's Legacy,TV-MA,36,"Action, Adventure, Drama",7.2,10,1238
Jupiter's Legacy,TV-MA,56,"Action, Adventure, Drama",7.7,10,1264
Grace and Frankie,TV-MA,28,Comedy,7.6,10,344
Grace and Frankie,TV-MA,32,Comedy,8.9,10,458
Ginny & Georgia,TV-MA,58,"Comedy, Drama",7.5,10,873
Super Monsters,TV-Y,24,"Animation, Adventure, Comedy",5.9,3,52
Jack Whitehall: Travels with My Father,TV-MA,60,"Documentary, Comedy",7.7,8,139
The Irregulars,TV-14,52,"Crime, Drama, Fantasy",7.0,10,519
The Irregulars,TV-14,51,"Crime, Drama, Fantasy",7.0,10,472
The Irregulars,TV-14,56,"Crime, Drama, Fantasy",7.0,10,440
The Irregulars,TV-14,53,"Crime, Drama, Fantasy",6.8,10,409
The Irregulars,TV-14,49,"Crime, Drama, Fantasy",7.0,10,408
The Irregulars,TV-14,55,"Crime, Drama, Fantasy",7.0,10,431
The Serpent,TV-MA,59,"Crime, Drama, Thriller",7.2,10,1127
Riverdale,TV-14,41,"Crime, Drama, Mystery",7.2,10,885
The Big Show Show,TV-G,27,Comedy,6.5,10,170
The Big Show Show,TV-G,25,Comedy,6.9,10,133
The Big Show Show,TV-G,27,Comedy,6.8,10,123
The Big Show Show,TV-G,26,Comedy,6.9,10,118
The Big Show Show,TV-G,26,Comedy,7.1,10,115
The Big Show Show,TV-G,25,Comedy,7.3,10,116
The Big Show Show,TV-G,26,Comedy,7.6,10,104
The Big Show Show,TV-G,28,Comedy,7.5,10,109
Dead to Me,TV-MA,32,"Comedy, Crime, Drama",7.6,10,1181
Dead to Me,TV-MA,30,"Comedy, Crime, Drama",7.6,10,1149
Dead to Me,TV-MA,31,"Comedy, Crime, Drama",7.7,10,1147
Dead to Me,TV-MA,34,"Comedy, Crime, Drama",7.8,10,1100
Dead to Me,TV-MA,32,"Comedy, Crime, Drama",8.1,10,1149
Dead to Me,TV-MA,34,"Comedy, Crime, Drama",7.9,10,1094
Dead to Me,TV-MA,34,"Comedy, Crime, Drama",7.9,10,1076
Dead to Me,TV-MA,32,"Comedy, Crime, Drama",8.7,10,1267
Dead to Me,TV-MA,34,"Comedy, Crime, Drama",8.6,10,1322
"The Mind, Explained",TV-14,19,Documentary,7.6,7,385
"The Mind, Explained",TV-14,21,Documentary,7.7,7,363
BattleBots,TV-PG,83,"Action, Game-Show, Reality-TV",8.8,10,18
Lucifer,TV-14,53,"Crime, Drama, Fantasy",9.2,10,4474
Fate: The Winx Saga,TV-MA,53,"Action, Adventure, Drama",7.0,10,1357
Fate: The Winx Saga,TV-MA,48,"Action, Adventure, Drama",7.2,10,1152
Fate: The Winx Saga,TV-MA,51,"Action, Adventure, Drama",7.4,10,1115
Fate: The Winx Saga,TV-MA,47,"Action, Adventure, Drama",7.4,10,1066
Fate: The Winx Saga,TV-MA,50,"Action, Adventure, Drama",7.5,10,1097
Fate: The Winx Saga,TV-MA,53,"Action, Adventure, Drama",7.9,10,1304
The Innocent,TV-MA,51,"Crime, Drama, Mystery",7.7,10,951
The Innocent,TV-MA,49,"Crime, Drama, Mystery",7.9,10,885
The Innocent,TV-MA,58,"Crime, Drama, Mystery",7.9,10,787
The Innocent,TV-MA,58,"Crime, Drama, Mystery",8.0,10,781
The Innocent,TV-MA,66,"Crime, Drama, Mystery",8.0,10,800
The Innocent,TV-MA,57,"Crime, Drama, Mystery",8.0,10,753
The Innocent,TV-MA,54,"Crime, Drama, Mystery",8.0,10,744
The Innocent,TV-MA,71,"Crime, Drama, Mystery",8.1,10,803
BattleBots,TV-PG,83,"Action, Game-Show, Reality-TV",8.4,10,20
BattleBots,TV-PG,83,"Action, Game-Show, Reality-TV",7.9,10,17
My Next Guest Needs No Introduction with David Letterman,TV-MA,61,Talk-Show,8.8,3,1329
The Politician,TV-MA,37,"Comedy, Drama",8.0,10,489
Hollywood,TV-MA,51,"Drama, History",7.9,10,1511
BoJack Horseman,TV-MA,26,"Animation, Comedy, Drama",8.5,10,3166
BoJack Horseman,TV-MA,26,"Animation, Comedy, Drama",8.0,10,2919
BoJack Horseman,TV-MA,26,"Animation, Comedy, Drama",9.0,10,3450
BoJack Horseman,TV-MA,26,"Animation, Comedy, Drama",8.0,10,2665
BoJack Horseman,TV-MA,26,"Animation, Comedy, Drama",8.1,10,2717
BoJack Horseman,TV-MA,27,"Animation, Comedy, Drama",9.3,10,4161
BoJack Horseman,TV-MA,26,"Animation, Comedy, Drama",8.5,10,2962
BoJack Horseman,TV-MA,26,"Animation, Comedy, Drama",8.3,10,2780
BoJack Horseman,TV-MA,26,"Animation, Comedy, Drama",8.6,10,2734
BoJack Horseman,TV-MA,26,"Animation, Comedy, Drama",8.9,10,3200
BoJack Horseman,TV-MA,26,"Animation, Comedy, Drama",8.6,10,2752
BoJack Horseman,TV-MA,26,"Animation, Comedy, Drama",8.9,10,3112
BoJack Horseman,TV-MA,26,"Animation, Comedy, Drama",9.2,10,3362
BoJack Horseman,TV-MA,26,"Animation, Comedy, Drama",9.9,10,16066
BoJack Horseman,TV-MA,27,"Animation, Comedy, Drama",9.5,10,6230
The Good Place,TV-PG,22,"Comedy, Drama, Fantasy",7.3,10,1871
The Good Place,TV-PG,22,"Comedy, Drama, Fantasy",8.2,10,1937
The Good Place,TV-PG,22,"Comedy, Drama, Fantasy",8.4,10,1983
Dynasty,TV-14,42,Drama,7.7,10,453
Black Lightning,TV-14,42,"Action, Drama, Sci-Fi",6.7,10,391
Hollywood,TV-MA,44,"Drama, History",7.7,10,1526
Hollywood,TV-MA,57,"Drama, History",7.9,10,1463
Hollywood,TV-MA,47,"Drama, History",7.9,10,1408
Hollywood,TV-MA,56,"Drama, History",8.0,10,1393
Hollywood,TV-MA,48,"Drama, History",8.2,10,1430
Good Girls,TV-14,41,"Comedy, Crime, Drama",7.1,10,452
Anne with an E,TV-PG,44,"Drama, Family",9.2,10,1995
Stranger Things,TV-14,78,"Drama, Fantasy, Horror",8.1,12,20825
Tiny House Nation,TV-PG,41,Reality-TV,7.3,5,25
Tiny House Nation,TV-PG,41,Reality-TV,7.4,3,24
Tiny House Nation,TV-PG,42,Reality-TV,7.1,3,22
Tiny House Nation,TV-PG,41,Reality-TV,6.5,3,25
Tiny House Nation,TV-PG,41,Reality-TV,8.0,7,26
Tiny House Nation,TV-PG,40,Reality-TV,7.1,3,22
Lucifer,TV-14,54,"Crime, Drama, Fantasy",8.4,10,3837
Riverdale,TV-14,42,"Crime, Drama, Mystery",7.0,10,855
Riverdale,TV-14,42,"Crime, Drama, Mystery",7.4,10,885
Black Lightning,TV-14,42,"Action, Drama, Sci-Fi",7.3,10,405
Dynasty,TV-14,42,Drama,7.7,10,419
Beastars,TV-MA,23,"Animation, Crime, Drama",7.6,10,511
Unnatural Selection,TV-MA,70,Documentary,7.6,12,127
Unnatural Selection,TV-MA,64,Documentary,7.2,12,94
Unnatural Selection,TV-MA,62,Documentary,7.3,12,87
Unnatural Selection,TV-MA,68,Documentary,7.5,12,87
Anne with an E,TV-PG,44,"Drama, Family",8.9,10,1718
The Worst Witch,TV-Y7,28,"Family, Fantasy",8.1,10,29
The Worst Witch,TV-Y7,25,"Family, Fantasy",8.2,10,30
The Sinner,TV-MA,43,"Crime, Drama, Mystery",6.7,10,1687
Ginny & Georgia,TV-MA,50,"Comedy, Drama",7.5,10,675
Lucifer,TV-14,55,"Crime, Drama, Fantasy",6.4,10,5073
The Drew Barrymore Show,TV-PG,44,Talk-Show,6.0,8,19
The Sinner,TV-MA,45,"Crime, Drama, Mystery",7.1,10,1720
Dynasty,TV-PG,42,Drama,7.1,10,521
Unsolved Mysteries,TV-MA,47,"Documentary, Crime, Mystery",5.1,10,679
Anne with an E,TV-PG,44,"Drama, Family",9.1,10,1776
The Last Kingdom,TV-14,51,"Action, Drama, History",9.3,10,2846
Good Girls,TV-14,42,"Comedy, Crime, Drama",7.9,10,469
Lucifer,TV-14,55,"Crime, Drama, Fantasy",8.7,10,3831
Dynasty,TV-14,42,Drama,7.6,10,429
The House of Flowers,TV-MA,32,"Comedy, Drama",6.5,10,161
The House of Flowers,TV-MA,31,"Comedy, Drama",6.7,12,149
The House of Flowers,TV-MA,31,"Comedy, Drama",6.4,10,147
The House of Flowers,TV-MA,29,"Comedy, Drama",6.5,10,137
The House of Flowers,TV-MA,29,"Comedy, Drama",6.4,10,130
The House of Flowers,TV-MA,33,"Comedy, Drama",6.8,10,128
Barbarians,TV-MA,49,"Action, Adventure, Drama",8.0,10,1082
Barbarians,TV-MA,46,"Action, Adventure, Drama",7.3,10,843
Top Gear,TV-PG,51,"Adventure, Comedy, Reality-TV",8.2,14,245
Snowpiercer,TV-MA,47,"Action, Drama, Sci-Fi",7.7,10,1444
The Haunting of Bly Manor,TV-MA,56,"Drama, Horror, Mystery",7.4,10,3890
Mortel,TV-MA,49,"Crime, Drama, Fantasy",7.0,10,73
She-Ra and the Princesses of Power,TV-Y7,24,"Animation, Action, Adventure",8.0,14,1017
She-Ra and the Princesses of Power,TV-Y7,24,"Animation, Action, Adventure",7.9,12,996
She-Ra and the Princesses of Power,TV-Y7,24,"Animation, Action, Adventure",7.7,10,988
The Sinner,TV-MA,44,"Crime, Drama, Mystery",7.0,10,1703
Snowpiercer,TV-MA,46,"Action, Drama, Sci-Fi",8.2,10,1472
Snowpiercer,TV-MA,47,"Action, Drama, Sci-Fi",7.2,10,988
Snowpiercer,TV-MA,48,"Action, Drama, Sci-Fi",7.7,10,1108
Snowpiercer,TV-MA,47,"Action, Drama, Sci-Fi",7.7,10,1012
Snowpiercer,TV-MA,47,"Action, Drama, Sci-Fi",8.1,10,1210
Ghost in the Shell SAC_2045,TV-14,25,"Animation, Action, Crime",6.2,12,162
Snowpiercer,TV-MA,48,"Action, Drama, Sci-Fi",7.5,10,1227
Snowpiercer,TV-MA,45,"Action, Drama, Sci-Fi",7.5,10,1149
Snowpiercer,TV-MA,47,"Action, Drama, Sci-Fi",7.1,10,1096
The Politician,TV-MA,44,"Comedy, Drama",7.8,10,518
The Politician,TV-MA,41,"Comedy, Drama",7.8,10,515
The Politician,TV-MA,28,"Comedy, Drama",8.6,10,584
The Politician,TV-MA,35,"Comedy, Drama",8.0,10,473
The Politician,TV-MA,44,"Comedy, Drama",8.3,10,559
Snowpiercer,TV-MA,48,"Action, Drama, Sci-Fi",7.2,10,1019
The Stranded,TV-MA,46,"Adventure, Drama, Mystery",7.0,10,74
Good Girls,TV-14,42,"Comedy, Crime, Drama",7.7,10,428
Stranger Things,TV-14,77,"Drama, Fantasy, Horror",8.1,12,18101
Stranger Things,TV-14,63,"Drama, Fantasy, Horror",8.3,10,17417
Stranger Things,TV-14,78,"Drama, Fantasy, Horror",9.4,10,32816
Stranger Things,TV-14,76,"Drama, Fantasy, Horror",8.1,10,16606
Stranger Things,TV-14,75,"Drama, Fantasy, Horror",8.5,10,16937
Stranger Things,TV-14,98,"Drama, Fantasy, Horror",9.6,12,36276
Stranger Things,TV-14,85,"Drama, Fantasy, Horror",8.6,12,18702
The Salisbury Poisonings,TV-14,56,"Drama, History, Thriller",7.5,10,310
The Salisbury Poisonings,TV-14,59,"Drama, History, Thriller",7.2,10,276
The Salisbury Poisonings,TV-14,59,"Drama, History, Thriller",7.1,10,248
Avatar: The Last Airbender,TV-Y7,25,"Animation, Action, Adventure",9.5,10,4740
The Serpent,TV-MA,58,"Crime, Drama, Thriller",7.4,10,916
The Serpent,TV-MA,58,"Crime, Drama, Thriller",8.0,10,903
The Serpent,TV-MA,58,"Crime, Drama, Thriller",7.7,10,816
The Serpent,TV-MA,55,"Crime, Drama, Thriller",7.8,10,802
The Serpent,TV-MA,56,"Crime, Drama, Thriller",7.5,10,750
The Serpent,TV-MA,55,"Crime, Drama, Thriller",7.8,10,724
Hi Score Girl,TV-PG,25,"Animation, Comedy, Romance",7.8,10,59
Dynasty,TV-PG,42,Drama,7.8,10,433
The Umbrella Academy,TV-14,47,"Action, Adventure, Comedy",8.5,10,3734
The Umbrella Academy,TV-14,40,"Action, Adventure, Comedy",8.7,10,3929
Johnny Test,TV-Y7,23,"Animation, Action, Adventure",5.8,10,32
Virgin River,TV-14,45,"Drama, Romance",7.6,10,497
Virgin River,TV-14,44,"Drama, Romance",7.4,10,425
Virgin River,TV-14,44,"Drama, Romance",7.6,10,481
Virgin River,TV-14,43,"Drama, Romance",7.4,10,419
Virgin River,TV-14,48,"Drama, Romance",7.4,10,393
Grace and Frankie,TV-MA,28,Comedy,7.6,10,347
13 Reasons Why,TV-MA,59,"Drama, Mystery, Thriller",5.1,10,1868
Super Monsters,TV-Y,23,"Animation, Adventure, Comedy",4.8,3,68
Anne with an E,TV-PG,44,"Drama, Family",9.5,10,2488
The Boondocks,TV-MA,21,"Animation, Action, Comedy",8.7,10,387
Lucifer,TV-14,56,"Crime, Drama, Fantasy",8.7,10,3832
Hi Score Girl,TV-PG,25,"Animation, Comedy, Romance",7.1,10,50
The Minions of Midas,TV-MA,49,"Crime, Drama, Thriller",7.1,10,175
The Minions of Midas,TV-MA,53,"Crime, Drama, Thriller",6.9,10,147
The Minions of Midas,TV-MA,51,"Crime, Drama, Thriller",6.9,10,136
The Minions of Midas,TV-MA,55,"Crime, Drama, Thriller",6.8,10,120
The Minions of Midas,TV-MA,51,"Crime, Drama, Thriller",6.9,10,132
The Minions of Midas,TV-MA,57,"Crime, Drama, Thriller",6.4,10,133
Inventing Anna,TV-MA,65,Drama,6.7,10,1300
Inventing Anna,TV-MA,68,Drama,7.1,10,1081
Inventing Anna,TV-MA,65,Drama,7.1,10,946
Inventing Anna,TV-MA,59,Drama,7.3,10,945
Inventing Anna,TV-MA,75,Drama,7.3,10,913
Inventing Anna,TV-MA,60,Drama,7.4,10,936
Inventing Anna,TV-MA,60,Drama,7.2,10,869
Inventing Anna,TV-MA,73,Drama,6.6,10,922
Inventing Anna,TV-MA,83,Drama,6.8,10,916
Dynasty,TV-PG,42,Drama,7.8,10,424
Pokémon,TV-Y7-FV,25,"Animation, Action, Adventure",8.2,7,191
The Stranded,TV-MA,46,"Adventure, Drama, Mystery",6.8,10,53
The Stranded,TV-MA,47,"Adventure, Drama, Mystery",6.9,10,51
The Stranded,TV-MA,53,"Adventure, Drama, Mystery",7.0,10,52
The Stranded,TV-MA,53,"Adventure, Drama, Mystery",6.8,10,50
The Stranded,TV-MA,46,"Adventure, Drama, Mystery",7.1,10,51
The House of Flowers,TV-MA,35,"Comedy, Drama",7.5,10,296
Top Gear,TV-PG,50,"Adventure, Comedy, Reality-TV",8.7,14,317
The Devil Next Door,TV-MA,44,"Documentary, Crime, History",7.6,12,467
The Devil Next Door,TV-MA,44,"Documentary, Crime, History",7.6,12,423
The Devil Next Door,TV-MA,52,"Documentary, Crime, History",7.5,12,407
The Devil Next Door,TV-MA,45,"Documentary, Crime, History",7.7,12,394
The Devil Next Door,TV-MA,47,"Documentary, Crime, History",7.7,12,385
Johnny Test,TV-Y7,23,"Animation, Action, Adventure",6.1,10,30
Unsolved Mysteries,TV-MA,39,"Documentary, Crime, Mystery",5.8,10,1159
The Worst Witch,TV-Y7,25,"Family, Fantasy",8.1,10,30
The Boondocks,TV-MA,20,"Animation, Action, Comedy",8.1,10,300
The Boondocks,TV-MA,22,"Animation, Action, Comedy",7.8,12,324
Johnny Test,TV-Y7,23,"Animation, Action, Adventure",5.9,10,28
She-Ra and the Princesses of Power,TV-Y7,24,"Animation, Action, Adventure",8.1,10,983
She-Ra and the Princesses of Power,TV-Y7,24,"Animation, Action, Adventure",7.9,10,983
She-Ra and the Princesses of Power,TV-Y7,24,"Animation, Action, Adventure",8.6,10,1031
She-Ra and the Princesses of Power,TV-Y7,24,"Animation, Action, Adventure",8.6,10,1034
She-Ra and the Princesses of Power,TV-Y7,24,"Animation, Action, Adventure",7.6,10,992
She-Ra and the Princesses of Power,TV-Y7,24,"Animation, Action, Adventure",9.2,10,1184
She-Ra and the Princesses of Power,TV-Y7,24,"Animation, Action, Adventure",8.6,10,1027
She-Ra and the Princesses of Power,TV-Y7,24,"Animation, Action, Adventure",8.5,10,1007
She-Ra and the Princesses of Power,TV-Y7,24,"Animation, Action, Adventure",8.8,10,1072
She-Ra and the Princesses of Power,TV-Y7,24,"Animation, Action, Adventure",9.1,10,1106
Barbarians,TV-MA,48,"Action, Adventure, Drama",7.3,10,861
Barbarians,TV-MA,43,"Action, Adventure, Drama",7.4,10,929
Barbarians,TV-MA,41,"Action, Adventure, Drama",7.3,10,982
Barbarians,TV-MA,52,"Action, Adventure, Drama",7.3,10,1147
On My Block,TV-14,28,"Comedy, Drama",7.6,10,211
Mr. Iglesias,TV-14,26,Comedy,7.3,10,122
The Sinner,TV-MA,45,"Crime, Drama, Mystery",6.5,10,1597
Ginny & Georgia,TV-MA,54,"Comedy, Drama",7.4,10,640
Ginny & Georgia,TV-MA,54,"Comedy, Drama",7.7,10,623
Ginny & Georgia,TV-MA,55,"Comedy, Drama",7.6,10,599
Ginny & Georgia,TV-MA,55,"Comedy, Drama",7.8,10,644
Ginny & Georgia,TV-MA,56,"Comedy, Drama",7.8,10,677
Ginny & Georgia,TV-MA,54,"Comedy, Drama",7.5,10,701
Hi Score Girl,TV-PG,25,"Animation, Comedy, Romance",7.6,10,49
Johnny Test,TV-Y7,23,"Animation, Action, Adventure",6.1,10,34
The Stranded,TV-MA,50,"Adventure, Drama, Mystery",7.1,10,56
Selena: The Series,TV-PG,40,"Biography, Drama, Music",7.0,10,204
Selena: The Series,TV-PG,37,"Biography, Drama, Music",7.2,10,176
Selena: The Series,TV-PG,36,"Biography, Drama, Music",7.5,10,161
Avatar: The Last Airbender,TV-Y7,30,"Animation, Action, Adventure",7.6,10,3726
Selena: The Series,TV-PG,37,"Biography, Drama, Music",7.3,10,155
Selena: The Series,TV-PG,40,"Biography, Drama, Music",7.5,10,148
Selena: The Series,TV-PG,36,"Biography, Drama, Music",7.2,10,149
The Witcher,TV-MA,63,"Action, Adventure, Drama",8.5,10,12944
Baby,TV-MA,51,Drama,7.3,10,119
Black Lightning,TV-14,41,"Action, Drama, Sci-Fi",6.8,10,385
Sky Rojo,TV-MA,28,"Action, Adventure, Crime",6.9,16,458
Lucifer,TV-14,55,"Crime, Drama, Fantasy",8.9,10,3869
Lucifer,TV-14,61,"Crime, Drama, Fantasy",9.3,10,5350
Lucifer,TV-14,55,"Crime, Drama, Fantasy",8.3,10,3319
Lucifer,TV-14,53,"Crime, Drama, Fantasy",8.3,10,2836
Lucifer,TV-14,58,"Crime, Drama, Fantasy",8.2,10,3643
Lucifer,TV-14,61,"Crime, Drama, Fantasy",8.1,10,2736
Lucifer,TV-14,59,"Crime, Drama, Fantasy",8.7,10,2927
Lucifer,TV-14,63,"Crime, Drama, Fantasy",9.2,10,3929
Hi Score Girl,TV-PG,25,"Animation, Comedy, Romance",7.8,10,47
Riverdale,TV-14,42,"Crime, Drama, Mystery",7.6,10,904
Hi Score Girl,TV-PG,25,"Animation, Comedy, Romance",7.7,10,45
Dynasty,TV-14,42,Drama,8.3,10,448
The House of Flowers,TV-MA,30,"Comedy, Drama",8.3,14,74
Dash & Lily,TV-14,23,"Comedy, Drama, Romance",7.6,10,393
Dash & Lily,TV-14,23,"Comedy, Drama, Romance",7.7,10,359
Dash & Lily,TV-14,25,"Comedy, Drama, Romance",7.6,10,319
Dash & Lily,TV-14,27,"Comedy, Drama, Romance",7.8,10,309
Dash & Lily,TV-14,27,"Comedy, Drama, Romance",7.5,10,305
Dash & Lily,TV-14,25,"Comedy, Drama, Romance",7.8,10,298
Dash & Lily,TV-14,25,"Comedy, Drama, Romance",7.7,10,299
Dash & Lily,TV-14,27,"Comedy, Drama, Romance",8.0,10,325
The Bonfire of Destiny,TV-MA,47,"Drama, History",7.9,10,190
The Bonfire of Destiny,TV-MA,55,"Drama, History",7.5,10,131
Ethos,TV-MA,49,"Drama, Thriller",8.4,10,835
The Boondocks,TV-MA,23,"Animation, Action, Comedy",7.8,12,321
The Bonfire of Destiny,TV-MA,49,"Drama, History",7.3,10,118
Money Heist,TV-MA,52,"Action, Crime, Drama",7.3,10,7140
The Umbrella Academy,TV-14,50,"Action, Adventure, Comedy",8.3,10,3636
The Umbrella Academy,TV-14,47,"Action, Adventure, Comedy",8.4,10,3771
The Umbrella Academy,TV-14,49,"Action, Adventure, Comedy",8.9,10,4975
Riverdale,TV-14,42,"Crime, Drama, Mystery",7.2,10,829
Mortel,TV-MA,45,"Crime, Drama, Fantasy",7.9,10,55
Mortel,TV-MA,49,"Crime, Drama, Fantasy",6.9,10,52
Mortel,TV-MA,49,"Crime, Drama, Fantasy",7.3,10,53
Mortel,TV-MA,54,"Crime, Drama, Fantasy",7.3,10,53
Black Lightning,TV-14,42,"Action, Drama, Sci-Fi",7.2,10,389
Mortel,TV-MA,46,"Crime, Drama, Fantasy",7.8,10,53
Narcoworld: Dope Stories,TV-MA,47,"Documentary, Crime",7.0,4,49
Narcoworld: Dope Stories,TV-MA,39,"Documentary, Crime",7.0,8,34
Narcoworld: Dope Stories,TV-MA,37,"Documentary, Crime",7.5,4,29
Narcoworld: Dope Stories,TV-MA,38,"Documentary, Crime",6.8,4,30
Avatar: The Last Airbender,TV-Y7,22,"Animation, Action, Adventure",9.4,10,4138
Hi Score Girl,TV-PG,25,"Animation, Comedy, Romance",7.4,10,44
Black Lightning,TV-14,41,"Action, Drama, Sci-Fi",7.2,10,465
Don't F**k with Cats: Hunting an Internet Killer,TV-MA,66,"Documentary, Crime",8.3,10,1500
Don't F**k with Cats: Hunting an Internet Killer,TV-MA,57,"Documentary, Crime",8.3,10,1381
Don't F**k with Cats: Hunting an Internet Killer,TV-MA,64,"Documentary, Crime",8.2,10,1350
Dynasty,TV-14,42,Drama,8.0,10,425
Top Gear,TV-PG,50,"Adventure, Comedy, Reality-TV",8.3,14,244
Avatar: The Last Airbender,TV-Y7,22,"Animation, Action, Adventure",9.1,10,3856
Johnny Test,TV-Y7,23,"Animation, Action, Adventure",5.8,10,24
Brand New Cherry Flavor,TV-MA,51,"Drama, Horror, Mystery",7.2,10,648
Brand New Cherry Flavor,TV-MA,41,"Drama, Horror, Mystery",7.2,10,524
The Flash,TV-PG,42,"Action, Adventure, Drama",7.0,10,1582
The Flash,TV-PG,42,"Action, Adventure, Drama",7.5,10,1574
Bordertown,TV-MA,56,"Crime, Drama, Mystery",7.5,10,159
Bordertown,TV-MA,60,"Crime, Drama, Mystery",7.1,10,174
Bordertown,TV-MA,59,"Crime, Drama, Mystery",7.2,10,158
Bordertown,TV-MA,58,"Crime, Drama, Mystery",7.1,10,152
Bordertown,TV-MA,59,"Crime, Drama, Mystery",7.0,10,146
Bordertown,TV-MA,60,"Crime, Drama, Mystery",7.4,10,147
Bordertown,TV-MA,60,"Crime, Drama, Mystery",7.6,10,149
Bordertown,TV-MA,57,"Crime, Drama, Mystery",7.7,10,131
Bordertown,TV-MA,60,"Crime, Drama, Mystery",7.9,10,170
Avatar: The Last Airbender,TV-Y7,25,"Animation, Action, Adventure",8.9,10,3733
Hi Score Girl,TV-PG,25,"Animation, Comedy, Romance",7.8,10,43
Brand New Cherry Flavor,TV-MA,36,"Drama, Horror, Mystery",7.3,10,478
Brand New Cherry Flavor,TV-MA,47,"Drama, Horror, Mystery",7.5,10,471
Brand New Cherry Flavor,TV-MA,40,"Drama, Horror, Mystery",7.4,10,430
Brand New Cherry Flavor,TV-MA,41,"Drama, Horror, Mystery",7.2,10,416
Brand New Cherry Flavor,TV-MA,42,"Drama, Horror, Mystery",6.5,10,463
Brand New Cherry Flavor,TV-MA,44,"Drama, Horror, Mystery",7.3,10,405
Virgin River,TV-14,45,"Drama, Romance",7.6,10,383
Virgin River,TV-14,40,"Drama, Romance",7.5,10,390
Virgin River,TV-14,41,"Drama, Romance",7.6,10,376
Virgin River,TV-14,44,"Drama, Romance",7.9,10,402
Virgin River,TV-14,45,"Drama, Romance",8.2,10,485
The Confession Killer,TV-14,45,"Documentary, Crime",7.2,12,375
The Confession Killer,TV-14,50,"Documentary, Crime",7.4,12,341
The Confession Killer,TV-14,49,"Documentary, Crime",7.5,12,321
The Confession Killer,TV-14,46,"Documentary, Crime",7.6,12,304
The Confession Killer,TV-14,50,"Documentary, Crime",7.5,12,295
Top Gear,TV-PG,52,"Adventure, Comedy, Reality-TV",9.1,10,630
Lupin,TV-MA,47,"Action, Crime, Drama",7.8,10,3771
Riverdale,TV-14,42,"Crime, Drama, Mystery",7.0,10,779
The Bonfire of Destiny,TV-MA,53,"Drama, History",7.6,10,112
The Bonfire of Destiny,TV-MA,48,"Drama, History",7.5,10,110
Undercover,TV-MA,49,"Crime, Drama, Thriller",7.7,10,346
Undercover,TV-MA,49,"Crime, Drama, Thriller",7.2,10,331
Undercover,TV-MA,50,"Crime, Drama, Thriller",7.5,10,336
Undercover,TV-MA,51,"Crime, Drama, Thriller",7.7,10,321
Undercover,TV-MA,46,"Crime, Drama, Thriller",7.5,10,391
Halston,TV-MA,46,"Biography, Drama",7.5,10,795
Unsolved Mysteries,TV-MA,49,"Documentary, Crime, Mystery",7.6,10,931
Unsolved Mysteries,TV-MA,43,"Documentary, Crime, Mystery",7.3,10,772
Unsolved Mysteries,TV-MA,46,"Documentary, Crime, Mystery",7.1,10,1002
Clickbait,TV-MA,42,"Crime, Drama, Mystery",7.3,10,1281
Pokémon,TV-Y,22,"Animation, Action, Adventure",6.7,10,79
Virgin River,TV-14,45,"Drama, Romance",7.9,10,627
Hi Score Girl,TV-PG,25,"Animation, Comedy, Romance",8.0,10,45
Riverdale,TV-14,42,"Crime, Drama, Mystery",7.1,10,794
Top Gear,TV-PG,51,"Adventure, Comedy, Reality-TV",8.4,18,251
Good Girls,TV-14,42,"Comedy, Crime, Drama",7.6,10,421
Money Heist,TV-MA,44,"Action, Crime, Drama",7.0,10,6554
Money Heist,TV-MA,42,"Action, Crime, Drama",7.0,10,6418
Money Heist,TV-MA,53,"Action, Crime, Drama",7.4,10,6317
Money Heist,TV-MA,42,"Action, Crime, Drama",6.8,12,7098
Money Heist,TV-MA,45,"Action, Crime, Drama",7.1,10,7295
Money Heist,TV-MA,52,"Action, Crime, Drama",8.1,10,6976
Good Girls,TV-14,42,"Comedy, Crime, Drama",7.8,10,401
The Bonfire of Destiny,TV-MA,48,"Drama, History",7.5,10,110
The Bonfire of Destiny,TV-MA,54,"Drama, History",7.7,10,109
Age of Samurai: Battle for Japan,TV-MA,43,"Documentary, Action, Adventure",7.4,10,251
Age of Samurai: Battle for Japan,TV-MA,42,"Documentary, Action, Adventure",7.4,10,209
Age of Samurai: Battle for Japan,TV-MA,42,"Documentary, Action, Adventure",7.6,10,198
Age of Samurai: Battle for Japan,TV-MA,43,"Documentary, Action, Adventure",7.4,10,188
Age of Samurai: Battle for Japan,TV-MA,43,"Documentary, Action, Adventure",7.4,10,174
Age of Samurai: Battle for Japan,TV-MA,44,"Documentary, Action, Adventure",7.4,10,168
Money Heist,TV-MA,60,"Action, Crime, Drama",8.2,10,8437
Winning Time: The Rise of the Lakers Dynasty,TV-MA,59,"Biography, Drama, Sport",8.2,10,1307
The Circle,TV-MA,63,"Game-Show, Reality-TV",7.4,7,216
A Suitable Boy,TV-14,58,"Drama, Romance",6.3,10,172
Black Summer,TV-MA,44,"Action, Drama, Horror",7.5,10,1075
Johnny Test,TV-Y7,23,"Animation, Action, Adventure",5.6,10,26
Star Trek: Discovery,TV-14,47,"Action, Adventure, Drama",5.7,10,3268
The Lord of the Rings: The Fellowship of the Ring,PG-13,178,"Action, Adventure, Drama",8.8,10,1844075
Blonde,NC-17,166,"Biography, Drama, Mystery",6.3,10,935
Blonde,NC-17,166,"Biography, Drama, Mystery",6.3,10,944
Ófærð,TV-14,60,"Crime, Drama, Mystery",8.0,7,21642
The Last Kingdom,TV-MA,60,"Action, Drama, History",8.5,7,136939
Vikings,TV-MA,44,"Action, Adventure, Drama",8.5,7,524642
Never Have I Ever,TV-14,30,"Comedy, Drama",7.9,7,56218
Lucifer,TV-14,42,"Crime, Drama, Fantasy",8.1,7,318933
No Limit,TV-MA,118,"Drama, Romance, Sport",5.8,10,1697
The Sandman,TV-MA,45,"Drama, Fantasy, Horror",7.8,7,116393
Me Time,R,101,Comedy,5.0,10,26101
Friends,TV-14,22,"Comedy, Romance",8.9,7,979428
Outlander,TV-MA,60,"Drama, Fantasy, Romance",8.4,7,158271
End of the Road,R,89,"Action, Crime, Drama",4.7,10,5132
Gilmore Girls,TV-PG,44,"Comedy, Drama",8.2,7,124089
NCIS,TV-14,60,"Action, Crime, Drama",7.8,7,145896
The Witcher,TV-MA,60,"Action, Adventure, Drama",8.2,7,481841
Modern Family,TV-PG,22,"Comedy, Drama, Romance",8.5,7,423968
Love in the Villa,TV-14,114,"Comedy, Romance",5.3,10,7054
Do Revenge,TV-MA,118,Comedy,6.4,10,13527
I Came By,TV-MA,110,Thriller,6.1,10,16247
Squid Game,TV-MA,55,"Action, Drama, Mystery",8.0,7,435164
Glass Onion: A Knives Out Mystery,PG-13,139,"Crime, Drama, Mystery",8.1,10,548
Echoes,TV-MA,326,"Drama, Mystery, Thriller",5.9,7,9383
The Gray Man,PG-13,122,"Action, Thriller",6.5,12,172166
Black Mirror,TV-MA,60,"Drama, Mystery, Sci-Fi",8.8,7,535785
Stranger Things,TV-14,51,"Drama, Fantasy, Horror",8.7,7,1149902
The Blacklist,TV-14,43,"Crime, Drama, Mystery",8.0,7,245592
American Horror Story,TV-MA,60,"Drama, Horror, Sci-Fi",8.0,7,312974
Breaking Bad,TV-MA,49,"Crime, Drama, Thriller",9.5,7,1831359
The Imperfects,TV-MA,45,"Action, Adventure, Drama",6.3,7,3130
The Walking Dead,TV-MA,44,"Drama, Horror, Thriller",8.1,7,970067
The Crown,TV-MA,58,"Biography, Drama, History",8.7,7,199898
Supernatural,TV-14,44,"Drama, Fantasy, Horror",8.4,7,439601
Devil in Ohio,TV-MA,356,"Drama, Horror, Mystery",5.9,7,9786
